Div,Date,HomeTeam,AwayTeam,FTHG,FTAG,FTR,HTHG,HTAG,HTR,HS,AS,HST,AST,HF,AF,HC,AC,HY,AY,HR,AR,B365H,B365D,B365A,season
SP1,12/09/2020,Real Madrid,Barcelona,4,1,H,0,1,A,17,4,4,5,12,14,4,5,2,3,0,0,2.77,3.31,4.46,2020-21
SP1,19/09/2020,Real Madrid,Atletico Madrid,1,1,D,0,1,A,15,8,7,4,10,8,10,5,1,2,0,0,3.96,3.71,1.83,2020-21
SP1,26/09/2020,Real Madrid,Sevilla,1,1,H,1,0,H,15,7,3,5,18,11,6,2,0,1,0,0,3.07,3.64,3.59,2020-21
SP1,03/10/2020,Real Madrid,Real Sociedad,4,0,H,2,0,H,18,8,2,2,11,12,4,4,1,1,0,0,2.65,3.58,4.3,2020-21
SP1,10/10/2020,Real Madrid,Villarreal,0,0,D,0,0,D,15,11,7,3,13,17,5,4,2,4,0,0,3.76,3.45,3.72,2020-21
SP1,17/10/2020,Real Madrid,Athletic Club,0,2,A,0,2,A,11,14,4,4,8,12,5,2,0,1,0,0,2.14,3.72,5.74,2020-21
SP1,24/10/2020,Real Madrid,Valencia,0,1,H,0,1,A,17,9,6,5,12,10,3,1,1,3,0,0,4.02,3.9,2.45,2020-21
SP1,31/10/2020,Real Madrid,Real Betis,0,0,D,0,0,D,16,14,7,3,10,9,5,6,3,3,0,0,2.22,3.32,5.56,2020-21
SP1,07/11/2020,Real Madrid,Osasuna,1,2,A,1,0,H,14,8,10,6,11,16,4,4,2,1,0,0,3.59,3.29,4.74,2020-21
SP1,14/11/2020,Real Madrid,Celta Vigo,1,1,D,1,1,D,13,5,4,1,17,13,6,5,4,1,0,0,2.93,2.85,3.13,2020-21
SP1,21/11/2020,Real Madrid,Getafe,6,1,H,0,1,A,13,7,2,7,17,15,2,4,0,0,0,0,2.25,3.26,2.23,2020-21
SP1,28/11/2020,Real Madrid,Rayo Vallecano,1,1,D,1,0,H,8,9,7,7,10,20,1,5,1,2,0,0,1.75,3.46,5.15,2020-21
SP1,05/12/2020,Real Madrid,Girona,0,1,A,0,1,A,15,14,7,2,5,18,5,1,2,1,0,0,2.24,3.86,4.73,2020-21
SP1,12/12/2020,Real Madrid,Mallorca,1,1,H,1,1,D,11,9,5,5,15,11,6,5,1,0,0,0,1.67,3.99,4.05,2020-21
SP1,19/12/2020,Real Madrid,Almeria,1,0,H,1,0,H,13,7,5,5,15,10,5,2,2,0,0,0,3.89,3.23,4.22,2020-21
SP1,26/12/2020,Real Madrid,Cadiz,3,3,D,0,0,D,13,6,7,6,18,18,4,3,3,0,0,0,2.61,3.21,1.94,2020-21
SP1,02/01/2021,Real Madrid,Granada,3,2,A,0,0,D,18,15,2,7,12,15,1,3,2,2,0,0,4.38,3.12,3.45,2020-21
SP1,09/01/2021,Real Madrid,Las Palmas,0,0,D,0,0,D,8,7,7,3,9,7,5,3,5,1,0,0,3.91,3.66,2.69,2020-21
SP1,16/01/2021,Real Madrid,Leganes,2,1,H,0,1,A,10,13,4,2,14,9,6,4,4,2,1,0,2.62,2.91,3.04,2020-21
SP1,23/01/2021,Barcelona,Real Madrid,0,3,A,0,0,D,6,12,6,1,13,15,3,1,0,3,0,0,3.01,3.95,2.92,2020-21
SP1,30/01/2021,Barcelona,Atletico Madrid,0,2,A,0,0,D,10,8,6,2,8,7,7,2,4,2,0,0,2.61,2.9,3.0,2020-21
SP1,06/02/2021,Barcelona,Sevilla,2,2,D,1,1,D,13,11,5,7,9,13,6,2,0,1,0,0,1.87,2.96,3.36,2020-21
SP1,13/02/2021,Barcelona,Real Sociedad,2,2,H,0,1,A,18,11,4,3,10,13,5,6,5,0,0,0,1.86,3.78,1.89,2020-21
SP1,20/02/2021,Barcelona,Villarreal,3,0,H,0,0,D,6,11,2,3,15,14,8,4,3,6,0,0,3.88,3.73,2.34,2020-21
SP1,27/02/2021,Barcelona,Athletic Club,2,1,H,1,0,H,10,6,5,5,11,6,4,4,2,1,0,0,4.08,2.89,2.02,2020-21
SP1,06/03/2021,Barcelona,Valencia,0,2,A,0,1,A,21,6,3,4,13,14,9,4,2,1,0,0,3.79,2.83,2.32,2020-21
SP1,13/03/2021,Barcelona,Real Betis,2,1,H,0,0,D,9,8,5,2,7,9,3,3,3,3,0,0,3.77,3.43,2.13,2020-21
SP1,20/03/2021,Barcelona,Osasuna,2,2,D,0,1,A,11,9,2,6,14,13,2,2,3,1,0,0,2.99,3.44,5.73,2020-21
SP1,27/03/2021,Barcelona,Celta Vigo,4,2,H,1,2,A,10,3,3,7,13,14,5,4,3,2,1,0,4.37,3.93,2.29,2020-21
SP1,03/04/2021,Barcelona,Getafe,2,2,D,0,1,A,12,9,5,3,13,12,6,6,1,4,0,0,3.21,2.95,2.22,2020-21
SP1,10/04/2021,Barcelona,Rayo Vallecano,0,0,A,0,0,D,8,16,4,3,10,9,4,7,4,1,0,0,1.7,3.1,4.16,2020-21
SP1,17/04/2021,Barcelona,Girona,0,2,A,0,0,D,10,9,8,0,8,13,4,6,0,3,0,0,1.77,3.89,4.3,2020-21
SP1,24/04/2021,Barcelona,Mallorca,2,2,A,1,0,H,8,11,7,3,11,18,7,6,2,1,0,0,1.88,3.16,4.29,2020-21
SP1,01/05/2021,Barcelona,Almeria,3,0,H,1,0,H,11,13,5,6,12,10,2,4,4,1,0,0,3.51,3.21,4.73,2020-21
SP1,08/05/2021,Barcelona,Cadiz,3,0,H,0,0,D,14,7,3,2,10,12,5,2,3,3,0,0,3.48,3.15,4.58,2020-21
SP1,15/05/2021,Barcelona,Granada,2,0,H,1,0,H,16,12,7,5,13,11,10,6,2,4,0,0,1.78,3.01,3.0,2020-21
SP1,22/05/2021,Barcelona,Las Palmas,1,1,A,0,0,D,19,6,8,6,10,9,7,6,1,2,0,0,2.18,3.21,3.38,2020-21
SP1,12/09/2020,Barcelona,Leganes,0,0,D,0,0,D,15,10,3,3,10,7,5,1,0,1,1,0,2.49,3.2,1.85,2020-21
SP1,19/09/2020,Atletico Madrid,Real Madrid,0,1,A,0,0,D,18,14,7,1,10,13,5,7,0,3,1,0,3.3,3.68,4.92,2020-21
SP1,26/09/2020,Atletico Madrid,Barcelona,1,1,D,1,0,H,15,10,3,4,5,14,3,5,2,8,0,0,3.71,3.84,4.44,2020-21
SP1,03/10/2020,Atletico Madrid,Sevilla,0,2,H,0,0,D,12,13,4,2,18,12,5,4,1,2,0,0,3.76,3.03,4.84,2020-21
SP1,10/10/2020,Atletico Madrid,Real Sociedad,0,1,H,0,0,D,13,7,3,8,7,13,3,5,3,1,0,0,2.52,3.91,3.18,2020-21
SP1,17/10/2020,Atletico Madrid,Villarreal,2,2,A,1,0,H,8,5,5,3,17,10,6,6,1,5,0,0,3.19,3.4,3.58,2020-21
SP1,24/10/2020,Atletico Madrid,Athletic Club,0,0,D,0,0,D,20,5,2,3,8,6,2,4,3,0,0,0,3.08,3.95,3.35,2020-21
SP1,31/10/2020,Atletico Madrid,Valencia,0,2,A,0,0,D,15,11,4,6,13,16,5,4,4,1,0,0,3.37,3.02,5.67,2020-21
SP1,07/11/2020,Atletico Madrid,Real Betis,3,1,H,0,1,A,13,9,5,5,13,16,2,2,3,1,0,1,3.69,3.39,3.98,2020-21
SP1,14/11/2020,Atletico Madrid,Osasuna,0,2,A,0,0,D,12,9,8,5,13,9,3,7,3,3,0,0,3.22,3.01,1.82,2020-21
SP1,21/11/2020,Atletico Madrid,Celta Vigo,3,1,H,1,0,H,17,9,4,1,12,17,4,1,1,1,0,0,3.92,3.81,2.84,2020-21
SP1,28/11/2020,Atletico Madrid,Getafe,0,1,A,0,0,D,11,18,5,4,17,9,6,3,4,3,0,0,3.64,3.41,4.42,2020-21
SP1,05/12/2020,Atletico Madrid,Rayo Vallecano,3,0,H,0,0,D,11,10,3,6,11,11,4,5,1,3,0,0,1.51,3.74,3.71,2020-21
SP1,12/12/2020,Atletico Madrid,Girona,2,0,H,1,0,H,13,7,11,3,9,11,5,3,0,3,0,0,4.37,3.93,5.16,2020-21
SP1,19/12/2020,Atletico Madrid,Mallorca,4,0,H,1,0,H,9,15,8,1,8,12,8,5,1,1,0,0,3.98,3.5,4.74,2020-21
SP1,26/12/2020,Atletico Madrid,Almeria,2,1,H,2,1,H,16,16,7,3,12,14,2,4,1,1,0,0,1.79,3.84,2.94,2020-21
SP1,02/01/2021,Atletico Madrid,Cadiz,3,3,D,1,1,D,8,13,6,9,10,10,5,3,3,4,0,0,2.3,3.24,3.21,2020-21
SP1,09/01/2021,Atletico Madrid,Granada,1,1,H,1,1,D,9,10,2,4,20,16,2,6,2,1,0,0,4.12,2.85,2.2,2020-21
SP1,16/01/2021,Atletico Madrid,Las Palmas,3,1,H,2,1,H,9,13,9,9,10,11,5,1,1,3,0,0,2.3,3.49,5.27,2020-21
SP1,23/01/2021,Atletico Madrid,Leganes,0,0,D,0,0,D,15,7,5,4,11,6,3,4,3,2,0,0,1.88,3.81,4.43,2020-21
SP1,30/01/2021,Sevilla,Real Madrid,0,1,A,0,0,D,16,10,5,4,14,17,5,4,2,3,1,0,3.52,3.88,3.23,2020-21
SP1,06/02/2021,Sevilla,Barcelona,0,0,D,0,0,D,16,12,3,7,7,14,5,5,0,3,0,0,3.07,2.9,5.43,2020-21
SP1,13/02/2021,Sevilla,Atletico Madrid,0,0,D,0,0,D,15,12,1,4,10,18,2,6,5,2,0,0,2.56,3.48,4.62,2020-21
SP1,20/02/2021,Sevilla,Real Sociedad,2,2,D,1,1,D,18,9,5,8,11,13,4,5,2,2,0,1,2.5,3.49,3.31,2020-21
SP1,27/02/2021,Sevilla,Villarreal,2,0,H,1,0,H,11,4,7,6,10,12,3,6,3,1,0,0,3.75,2.8,1.99,2020-21
SP1,06/03/2021,Sevilla,Athletic Club,1,1,D,0,0,D,14,9,0,9,17,17,6,9,4,1,0,0,4.45,3.48,4.23,2020-21
SP1,13/03/2021,Sevilla,Valencia,0,0,H,0,0,D,15,13,7,1,14,12,3,6,0,4,0,0,2.99,3.8,2.59,2020-21
SP1,20/03/2021,Sevilla,Real Betis,1,1,D,1,0,H,11,15,0,0,9,8,2,1,1,1,0,0,2.19,3.38,5.08,2020-21
SP1,27/03/2021,Sevilla,Osasuna,0,3,A,0,1,A,27,12,7,4,15,14,3,5,2,4,0,0,2.79,3.84,4.04,2020-21
SP1,03/04/2021,Sevilla,Celta Vigo,2,1,H,1,0,H,11,7,6,3,13,9,8,2,2,1,1,0,2.19,3.7,4.22,2020-21
SP1,10/04/2021,Sevilla,Getafe,0,2,A,0,1,A,14,12,7,2,15,9,6,6,1,2,0,0,3.48,3.09,3.17,2020-21
SP1,17/04/2021,Sevilla,Rayo Vallecano,0,1,H,0,1,A,15,11,4,5,12,11,7,3,4,0,0,0,2.13,2.83,3.18,2020-21
SP1,24/04/2021,Sevilla,Girona,1,0,H,1,0,H,21,10,14,2,11,9,8,4,2,2,0,0,3.91,3.29,5.4,2020-21
SP1,01/05/2021,Sevilla,Mallorca,0,1,A,0,0,D,17,7,6,5,15,6,4,4,4,1,0,0,4.29,3.89,3.83,2020-21
SP1,08/05/2021,Sevilla,Almeria,2,2,D,0,1,A,10,4,5,6,12,9,6,3,1,1,1,0,2.48,3.39,2.77,2020-21
SP1,15/05/2021,Sevilla,Cadiz,3,3,D,0,0,D,13,9,4,3,12,10,4,2,1,2,0,0,2.19,3.23,2.43,2020-21
SP1,22/05/2021,Sevilla,Granada,2,0,H,1,0,H,9,11,7,4,11,8,3,3,2,4,0,1,2.19,3.5,5.18,2020-21
SP1,12/09/2020,Sevilla,Las Palmas,2,0,H,2,0,H,14,15,7,4,11,14,9,5,1,0,0,0,1.58,3.93,3.33,2020-21
SP1,19/09/2020,Sevilla,Leganes,2,1,A,1,1,D,6,4,6,2,17,17,4,9,2,1,0,0,3.49,3.58,2.28,2020-21
SP1,26/09/2020,Real Sociedad,Real Madrid,0,0,D,0,0,D,10,11,4,4,16,14,5,5,1,4,0,0,2.02,3.61,4.39,2020-21
SP1,03/10/2020,Real Sociedad,Barcelona,1,0,H,1,0,H,5,12,11,5,14,8,4,5,1,3,1,0,1.72,3.46,2.62,2020-21
SP1,10/10/2020,Real Sociedad,Atletico Madrid,3,1,H,0,0,D,11,9,4,3,8,12,4,3,1,3,0,0,2.66,3.66,3.17,2020-21
SP1,17/10/2020,Real Sociedad,Sevilla,5,0,H,0,0,D,12,11,8,6,17,6,3,5,3,2,0,0,4.17,3.01,2.22,2020-21
SP1,24/10/2020,Real Sociedad,Villarreal,0,2,A,0,0,D,11,12,7,5,12,13,7,6,2,1,0,1,1.9,3.83,3.4,2020-21
SP1,31/10/2020,Real Sociedad,Athletic Club,4,0,H,1,0,H,13,4,7,2,8,10,6,8,0,1,0,0,4.48,3.97,3.45,2020-21
SP1,07/11/2020,Real Sociedad,Valencia,1,2,H,1,1,D,13,7,5,6,12,9,8,6,3,4,0,0,1.98,3.53,4.7,2020-21
SP1,14/11/2020,Real Sociedad,Real Betis,0,1,H,0,0,D,15,8,3,3,14,11,4,3,4,3,0,0,3.36,3.51,2.26,2020-21
SP1,21/11/2020,Real Sociedad,Osasuna,1,3,A,1,1,D,9,15,2,3,20,17,0,5,1,3,0,0,1.76,3.1,5.41,2020-21
SP1,28/11/2020,Real Sociedad,Celta Vigo,0,0,D,0,0,D,9,10,7,2,4,17,1,6,1,4,0,0,3.44,3.61,5.54,2020-21
SP1,05/12/2020,Real Sociedad,Getafe,2,2,D,1,2,A,10,15,6,5,11,8,8,4,2,3,0,0,1.52,3.33,2.07,2020-21
SP1,12/12/2020,Real Sociedad,Rayo Vallecano,2,2,D,0,0,D,8,15,5,3,13,6,2,2,3,2,0,0,3.99,3.88,4.0,2020-21
SP1,19/12/2020,Real Sociedad,Girona,2,1,H,2,1,H,11,12,6,4,9,12,3,5,3,1,0,0,3.59,2.87,3.13,2020-21
SP1,26/12/2020,Real Sociedad,Mallorca,3,0,H,2,0,H,8,7,7,3,6,19,3,5,1,3,0,0,1.79,2.96,2.38,2020-21
SP1,02/01/2021,Real Sociedad,Almeria,1,2,A,1,1,D,10,12,10,4,7,8,3,4,1,1,0,0,1.96,3.62,2.77,2020-21
SP1,09/01/2021,Real Sociedad,Cadiz,0,2,H,0,1,A,14,8,4,4,19,13,3,3,1,2,0,0,3.12,2.99,1.82,2020-21
SP1,16/01/2021,Real Sociedad,Granada,0,0,H,0,0,D,13,13,8,6,10,9,2,3,1,1,0,0,2.98,2.91,5.45,2020-21
SP1,23/01/2021,Real Sociedad,Las Palmas,4,2,H,1,0,H,10,10,5,7,10,16,4,3,3,4,0,0,1.74,2.99,2.38,2020-21
SP1,30/01/2021,Real Sociedad,Leganes,3,1,H,1,1,D,13,11,7,3,14,4,5,5,1,4,0,0,3.64,3.43,4.74,2020-21
SP1,06/02/2021,Villarreal,Real Madrid,4,0,H,2,0,H,22,14,7,4,9,8,4,5,2,0,0,0,3.19,3.02,5.02,2020-21
SP1,13/02/2021,Villarreal,Barcelona,0,1,H,0,0,D,9,3,4,2,15,9,7,6,3,1,0,0,3.4,3.93,5.87,2020-21
SP1,20/02/2021,Villarreal,Atletico Madrid,4,0,H,0,0,D,19,10,1,5,18,8,5,3,2,2,0,0,1.89,3.84,2.07,2020-21
SP1,27/02/2021,Villarreal,Sevilla,1,5,A,1,1,D,18,8,3,5,11,11,7,6,0,2,0,0,3.6,3.71,1.93,2020-21
SP1,06/03/2021,Villarreal,Real Sociedad,1,0,H,1,0,H,20,7,6,4,9,10,6,3,3,1,0,0,3.51,3.38,5.35,2020-21
SP1,13/03/2021,Villarreal,Athletic Club,4,0,H,2,0,H,10,14,4,3,15,19,4,5,2,2,0,0,3.56,3.01,5.46,2020-21
SP1,20/03/2021,Villarreal,Valencia,4,4,D,0,0,D,13,10,4,3,14,10,3,4,3,1,0,0,3.22,3.02,2.96,2020-21
SP1,27/03/2021,Villarreal,Real Betis,2,1,H,2,1,H,5,5,9,1,8,18,4,6,3,2,0,0,3.27,3.95,3.98,2020-21
SP1,03/04/2021,Villarreal,Osasuna,3,2,H,1,0,H,13,8,7,5,8,9,4,1,2,0,0,0,1.66,3.85,4.54,2020-21
SP1,10/04/2021,Villarreal,Celta Vigo,2,0,H,0,0,D,14,8,4,6,16,10,4,2,0,2,0,0,3.57,3.7,2.39,2020-21
SP1,17/04/2021,Villarreal,Getafe,1,0,H,1,0,H,12,11,8,4,15,8,4,4,3,1,0,0,4.29,3.17,5.36,2020-21
SP1,24/04/2021,Villarreal,Rayo Vallecano,3,1,H,0,0,D,6,11,8,3,9,6,3,3,2,4,0,0,4.11,3.6,3.12,2020-21
SP1,01/05/2021,Villarreal,Girona,1,1,H,1,1,D,20,11,4,5,18,12,3,3,4,1,0,0,4.16,3.23,4.41,2020-21
SP1,08/05/2021,Villarreal,Mallorca,0,4,A,0,1,A,13,9,6,2,9,21,10,5,2,4,0,0,1.63,3.66,4.12,2020-21
SP1,15/05/2021,Villarreal,Almeria,2,1,H,0,0,D,18,15,5,2,12,7,6,5,1,4,0,0,3.01,3.24,5.64,2020-21
SP1,22/05/2021,Villarreal,Cadiz,4,0,H,0,0,D,16,7,8,3,17,11,7,4,1,3,0,0,3.3,3.76,2.03,2020-21
SP1,12/09/2020,Villarreal,Granada,0,5,A,0,1,A,13,13,7,4,5,14,5,3,1,2,0,0,4.21,3.47,5.39,2020-21
SP1,19/09/2020,Villarreal,Las Palmas,0,0,D,0,0,D,13,12,7,4,7,11,7,3,2,0,0,0,2.68,3.44,2.91,2020-21
SP1,26/09/2020,Villarreal,Leganes,0,0,D,0,0,D,19,4,9,3,11,15,7,4,3,1,0,0,2.39,3.02,2.88,2020-21
SP1,03/10/2020,Athletic Club,Real Madrid,1,2,H,0,0,D,20,10,4,1,17,12,9,3,4,4,0,0,4.14,3.93,5.72,2020-21
SP1,10/10/2020,Athletic Club,Barcelona,3,0,H,1,0,H,15,8,6,2,14,16,13,4,1,0,0,0,1.76,2.84,3.55,2020-21
SP1,17/10/2020,Athletic Club,Atletico Madrid,0,0,D,0,0,D,16,14,4,4,14,11,10,3,3,1,0,0,3.03,3.39,4.72,2020-21
SP1,24/10/2020,Athletic Club,Sevilla,1,2,A,0,2,A,18,13,7,6,9,20,2,1,5,2,0,0,2.16,3.06,3.15,2020-21
SP1,31/10/2020,Athletic Club,Real Sociedad,1,1,H,0,1,A,9,14,2,2,15,10,4,4,1,4,0,1,3.98,3.48,5.9,2020-21
SP1,07/11/2020,Athletic Club,Villarreal,2,2,H,0,1,A,9,11,9,3,5,11,8,4,1,2,0,0,4.21,3.36,2.62,2020-21
SP1,14/11/2020,Athletic Club,Valencia,1,1,A,1,1,D,11,15,2,4,15,18,6,7,1,2,0,0,2.58,3.14,2.68,2020-21
SP1,21/11/2020,Athletic Club,Real Betis,1,0,H,1,0,H,23,9,4,8,13,6,7,4,4,3,0,0,4.32,2.86,4.88,2020-21
SP1,28/11/2020,Athletic Club,Osasuna,1,1,D,1,0,H,11,7,10,1,13,10,1,3,1,2,0,0,2.89,3.73,3.21,2020-21
SP1,05/12/2020,Athletic Club,Celta Vigo,4,0,H,0,0,D,14,12,8,2,11,14,5,4,2,2,1,0,1.63,3.85,4.49,2020-21
SP1,12/12/2020,Athletic Club,Getafe,2,1,H,2,0,H,10,7,5,5,8,9,4,3,4,2,0,0,2.23,3.01,5.86,2020-21
SP1,19/12/2020,Athletic Club,Rayo Vallecano,1,1,H,1,0,H,10,15,2,6,11,8,1,2,3,2,0,0,3.67,3.44,2.23,2020-21
SP1,26/12/2020,Athletic Club,Girona,1,1,H,1,0,H,12,7,5,5,11,12,6,2,1,2,0,0,3.52,3.97,3.85,2020-21
SP1,02/01/2021,Athletic Club,Mallorca,2,2,D,1,0,H,10,10,8,4,8,17,8,2,5,1,0,0,3.71,3.27,2.42,2020-21
SP1,09/01/2021,Athletic Club,Almeria,1,0,H,0,0,D,12,10,6,2,11,10,4,3,1,3,0,0,1.68,3.16,4.41,2020-21
SP1,16/01/2021,Athletic Club,Cadiz,4,0,H,0,0,D,14,7,6,4,9,4,5,1,3,3,0,0,3.33,3.06,2.14,2020-21
SP1,23/01/2021,Athletic Club,Granada,2,2,A,0,1,A,8,10,6,2,10,9,4,4,2,1,0,0,3.72,3.67,5.32,2020-21
SP1,30/01/2021,Athletic Club,Las Palmas,2,1,H,2,1,H,13,8,5,4,16,9,6,7,0,1,0,0,1.93,3.78,2.62,2020-21
SP1,06/02/2021,Athletic Club,Leganes,2,0,H,1,0,H,11,12,7,6,15,7,6,8,2,2,0,0,4.39,3.37,4.8,2020-21
SP1,13/02/2021,Valencia,Real Madrid,4,1,H,1,0,H,16,4,5,3,13,14,2,2,0,0,0,0,2.64,3.96,1.88,2020-21
SP1,20/02/2021,Valencia,Barcelona,1,2,A,1,0,H,12,8,6,2,3,12,2,3,5,3,0,1,1.8,3.59,5.59,2020-21
SP1,27/02/2021,Valencia,Atletico Madrid,1,1,A,0,0,D,20,8,3,0,14,7,5,7,3,3,0,0,3.72,3.22,3.06,2020-21
SP1,06/03/2021,Valencia,Sevilla,1,1,D,1,0,H,16,10,7,3,10,6,4,5,3,3,0,0,3.49,3.25,5.68,2020-21
SP1,13/03/2021,Valencia,Real Sociedad,2,2,D,1,0,H,15,14,5,5,15,11,4,5,2,3,0,0,3.67,3.06,5.78,2020-21
SP1,20/03/2021,Valencia,Villarreal,4,0,H,0,0,D,16,12,7,4,12,11,4,4,2,0,0,0,3.73,3.31,4.69,2020-21
SP1,27/03/2021,Valencia,Athletic Club,1,1,D,0,1,A,16,15,6,5,7,14,7,2,4,4,0,0,3.23,3.16,4.05,2020-21
SP1,03/04/2021,Valencia,Real Betis,2,2,H,1,0,H,13,10,5,7,9,15,6,6,0,2,0,0,1.55,3.81,3.96,2020-21
SP1,10/04/2021,Valencia,Osasuna,0,0,D,0,0,D,12,11,4,7,11,12,2,4,0,2,0,0,3.25,3.15,3.39,2020-21
SP1,17/04/2021,Valencia,Celta Vigo,1,1,D,1,1,D,16,8,3,5,12,10,8,4,2,3,0,0,3.36,2.97,4.73,2020-21
SP1,24/04/2021,Valencia,Getafe,1,2,H,1,1,D,9,8,6,3,9,13,5,4,1,3,1,0,3.16,3.62,2.0,2020-21
SP1,01/05/2021,Valencia,Rayo Vallecano,2,0,H,0,0,D,10,13,3,2,14,14,4,2,1,4,0,0,2.42,3.69,4.69,2020-21
SP1,08/05/2021,Valencia,Girona,2,2,D,0,0,D,10,16,2,5,5,10,2,7,1,1,0,0,2.25,3.83,4.76,2020-21
SP1,15/05/2021,Valencia,Mallorca,0,2,A,0,1,A,16,11,7,6,9,16,4,6,2,3,0,0,4.28,2.98,5.24,2020-21
SP1,22/05/2021,Valencia,Almeria,2,2,D,0,1,A,9,8,5,2,14,14,4,3,3,3,0,0,2.68,3.86,3.08,2020-21
SP1,12/09/2020,Valencia,Cadiz,0,0,D,0,0,D,21,6,3,4,11,10,7,6,1,3,0,0,1.78,3.69,1.95,2020-21
SP1,19/09/2020,Valencia,Granada,0,1,A,0,0,D,14,8,6,5,10,11,6,3,3,2,0,0,1.94,3.16,4.34,2020-21
SP1,26/09/2020,Valencia,Las Palmas,3,0,H,1,0,H,7,10,8,4,11,16,2,4,2,2,0,0,2.17,2.93,5.52,2020-21
SP1,03/10/2020,Valencia,Leganes,1,1,D,0,1,A,15,15,5,4,10,10,6,3,1,1,0,0,3.32,3.25,1.91,2020-21
SP1,10/10/2020,Real Betis,Real Madrid,0,4,H,0,0,D,21,13,6,3,18,11,4,1,3,2,0,0,2.23,3.64,5.32,2020-21
SP1,17/10/2020,Real Betis,Barcelona,2,0,H,2,0,H,15,9,7,2,9,7,3,2,3,1,0,0,4.33,3.09,5.63,2020-21
SP1,24/10/2020,Real Betis,Atletico Madrid,0,0,A,0,0,D,16,12,3,3,20,11,6,2,4,0,1,0,4.38,2.9,3.78,2020-21
SP1,31/10/2020,Real Betis,Sevilla,2,1,H,1,1,D,11,9,5,5,8,12,10,3,2,3,0,0,4.29,3.34,2.89,2020-21
SP1,07/11/2020,Real Betis,Real Sociedad,4,0,H,0,0,D,13,10,6,5,15,13,5,6,2,1,0,0,2.41,3.91,4.77,2020-21
SP1,14/11/2020,Real Betis,Villarreal,0,0,H,0,0,D,10,10,3,1,9,15,12,1,2,4,0,0,3.13,3.8,4.45,2020-21
SP1,21/11/2020,Real Betis,Athletic Club,0,0,H,0,0,D,11,9,5,4,15,13,4,1,1,4,0,0,2.12,2.95,4.36,2020-21
SP1,28/11/2020,Real Betis,Valencia,1,0,H,0,0,D,14,13,3,4,12,10,2,4,1,0,0,1,3.85,3.13,2.87,2020-21
SP1,05/12/2020,Real Betis,Osasuna,0,2,A,0,2,A,15,11,8,2,14,13,7,3,3,0,0,0,3.23,3.43,3.44,2020-21
SP1,12/12/2020,Real Betis,Celta Vigo,2,2,D,0,0,D,11,6,6,3,16,9,2,6,4,3,0,0,1.64,3.7,2.02,2020-21
SP1,19/12/2020,Real Betis,Getafe,0,2,A,0,1,A,11,13,9,4,14,13,1,2,3,5,0,0,3.14,3.62,2.97,2020-21
SP1,26/12/2020,Real Betis,Rayo Vallecano,0,0,D,0,0,D,17,9,4,5,12,11,8,6,2,3,1,0,2.82,3.94,2.36,2020-21
SP1,02/01/2021,Real Betis,Girona,0,0,H,0,0,D,13,10,4,5,11,14,4,3,2,0,0,0,3.82,3.65,5.42,2020-21
SP1,09/01/2021,Real Betis,Mallorca,1,1,H,1,0,H,14,6,7,3,17,12,4,6,1,1,0,0,2.62,3.06,4.09,2020-21
SP1,16/01/2021,Real Betis,Almeria,3,0,H,2,0,H,12,7,5,4,19,14,5,5,1,1,0,0,4.49,2.95,5.62,2020-21
SP1,23/01/2021,Real Betis,Cadiz,0,0,D,0,0,D,17,14,4,2,10,15,5,3,0,1,0,0,4.18,3.08,5.39,2020-21
SP1,30/01/2021,Real Betis,Granada,0,2,A,0,1,A,16,7,3,2,8,12,5,4,1,5,0,0,1.54,3.21,3.39,2020-21
SP1,06/02/2021,Real Betis,Las Palmas,0,0,A,0,0,D,10,8,3,4,14,12,3,0,2,3,0,0,1.63,3.72,3.98,2020-21
SP1,13/02/2021,Real Betis,Leganes,1,0,H,1,0,H,13,8,3,5,14,13,4,1,3,1,0,0,3.77,3.56,4.08,2020-21
SP1,20/02/2021,Osasuna,Real Madrid,0,0,D,0,0,D,12,3,6,2,6,14,6,7,2,2,0,0,2.24,3.67,4.15,2020-21
SP1,27/02/2021,Osasuna,Barcelona,0,3,A,0,0,D,14,8,1,5,11,9,4,2,1,2,0,0,3.8,3.99,4.42,2020-21
SP1,06/03/2021,Osasuna,Atletico Madrid,1,1,H,1,1,D,9,9,7,3,10,12,4,2,0,4,0,0,2.94,3.4,2.49,2020-21
SP1,13/03/2021,Osasuna,Sevilla,0,0,D,0,0,D,8,10,3,3,17,13,6,9,4,3,0,0,4.15,3.56,2.05,2020-21
SP1,20/03/2021,Osasuna,Real Sociedad,2,2,D,0,1,A,7,12,3,3,20,8,11,4,3,1,0,0,3.45,2.94,2.5,2020-21
SP1,27/03/2021,Osasuna,Villarreal,3,2,A,0,1,A,11,8,4,5,19,9,7,5,2,2,0,0,3.76,3.19,2.24,2020-21
SP1,03/04/2021,Osasuna,Athletic Club,1,1,H,1,0,H,14,11,7,8,14,13,3,3,1,2,0,1,2.6,3.21,1.83,2020-21
SP1,10/04/2021,Osasuna,Valencia,0,1,H,0,1,A,13,11,6,6,11,13,3,4,5,1,0,0,3.31,2.83,1.91,2020-21
SP1,17/04/2021,Osasuna,Real Betis,1,1,D,0,0,D,17,11,8,2,13,14,4,3,0,3,0,0,1.71,3.41,5.39,2020-21
SP1,24/04/2021,Osasuna,Celta Vigo,3,0,H,2,0,H,11,8,5,6,6,13,6,4,0,2,0,0,2.92,3.67,5.96,2020-21
SP1,01/05/2021,Osasuna,Getafe,1,1,D,1,0,H,12,13,3,3,18,12,6,5,3,3,0,0,4.27,3.57,4.67,2020-21
SP1,08/05/2021,Osasuna,Rayo Vallecano,2,2,D,0,0,D,15,10,3,6,18,18,5,5,0,2,0,0,3.03,2.93,4.35,2020-21
SP1,15/05/2021,Osasuna,Girona,1,2,A,1,0,H,13,9,7,1,13,7,8,4,4,0,0,0,3.89,3.48,3.81,2020-21
SP1,22/05/2021,Osasuna,Mallorca,0,1,H,0,1,A,15,6,3,4,6,7,4,5,1,3,0,0,1.9,3.5,5.47,2020-21
SP1,12/09/2020,Osasuna,Almeria,3,2,H,1,1,D,17,10,7,3,7,11,3,3,2,1,0,0,4.4,3.2,4.27,2020-21
SP1,19/09/2020,Osasuna,Cadiz,2,1,H,0,0,D,13,9,8,4,10,8,2,3,4,3,0,0,1.72,3.73,5.3,2020-21
SP1,26/09/2020,Osasuna,Granada,4,1,H,1,0,H,15,8,2,7,17,11,3,3,3,1,0,0,2.89,2.93,1.91,2020-21
SP1,03/10/2020,Osasuna,Las Palmas,1,1,H,0,1,A,9,11,6,9,11,5,1,5,3,5,0,0,3.35,3.75,4.2,2020-21
SP1,10/10/2020,Osasuna,Leganes,1,1,D,0,1,A,14,5,5,5,19,10,3,1,2,1,0,0,3.5,3.26,5.21,2020-21
SP1,17/10/2020,Celta Vigo,Real Madrid,1,1,D,0,1,A,11,11,4,3,12,10,4,4,2,4,2,0,4.2,3.7,4.66,2020-21
SP1,24/10/2020,Celta Vigo,Barcelona,1,1,D,0,0,D,9,7,4,1,17,17,3,3,1,1,0,0,3.45,3.99,4.67,2020-21
SP1,31/10/2020,Celta Vigo,Atletico Madrid,0,2,A,0,0,D,18,13,6,8,12,10,1,2,0,0,0,0,3.38,3.73,4.53,2020-21
SP1,07/11/2020,Celta Vigo,Sevilla,3,3,D,1,2,A,9,5,4,5,11,15,4,4,3,6,0,0,2.31,3.87,4.53,2020-21
SP1,14/11/2020,Celta Vigo,Real Sociedad,1,0,H,0,0,D,14,19,3,4,12,14,7,5,2,0,0,0,1.72,3.29,3.89,2020-21
SP1,21/11/2020,Celta Vigo,Villarreal,0,0,H,0,0,D,9,6,4,5,10,12,3,3,1,1,0,0,4.37,3.05,4.93,2020-21
SP1,28/11/2020,Celta Vigo,Athletic Club,0,0,H,0,0,D,17,15,3,4,16,16,5,2,4,3,0,0,1.65,3.27,3.56,2020-21
SP1,05/12/2020,Celta Vigo,Valencia,0,0,D,0,0,D,11,8,4,5,4,11,6,2,1,2,0,0,1.87,3.05,5.74,2020-21
SP1,12/12/2020,Celta Vigo,Real Betis,1,0,H,0,0,D,10,6,9,3,12,6,4,5,1,1,1,0,2.46,3.31,3.79,2020-21
SP1,19/12/2020,Celta Vigo,Osasuna,1,1,D,1,0,H,14,13,7,2,11,15,5,2,0,4,0,0,2.65,3.69,2.61,2020-21
SP1,26/12/2020,Celta Vigo,Getafe,3,3,D,0,0,D,13,5,4,9,17,14,6,6,3,0,0,0,3.03,3.61,4.47,2020-21
SP1,02/01/2021,Celta Vigo,Rayo Vallecano,0,1,H,0,0,D,15,13,5,0,18,15,7,3,4,3,0,0,2.07,3.97,5.4,2020-21
SP1,09/01/2021,Celta Vigo,Girona,0,1,H,0,0,D,11,13,9,4,11,11,2,3,6,3,0,0,3.21,2.98,1.87,2020-21
SP1,16/01/2021,Celta Vigo,Mallorca,1,0,H,0,0,D,15,9,7,10,8,11,5,3,4,1,0,0,3.25,2.93,4.72,2020-21
SP1,23/01/2021,Celta Vigo,Almeria,2,2,A,0,0,D,11,13,5,3,10,13,7,3,6,2,0,0,1.92,2.84,4.64,2020-21
SP1,30/01/2021,Celta Vigo,Cadiz,1,3,A,1,0,H,23,15,6,3,14,10,3,1,1,1,0,0,2.39,3.84,4.68,2020-21
SP1,06/02/2021,Celta Vigo,Granada,1,0,H,0,0,D,8,13,8,3,21,13,3,5,3,1,0,1,3.99,2.88,4.2,2020-21
SP1,13/02/2021,Celta Vigo,Las Palmas,1,2,H,1,0,H,9,6,1,4,14,13,7,2,0,3,0,0,3.3,3.82,2.14,2020-21
SP1,20/02/2021,Celta Vigo,Leganes,1,1,H,1,0,H,10,11,4,5,10,18,5,2,3,2,0,0,1.98,2.97,3.0,2020-21
SP1,27/02/2021,Getafe,Real Madrid,1,1,D,1,1,D,19,7,5,1,11,10,8,2,0,2,0,0,3.62,2.97,1.95,2020-21
SP1,06/03/2021,Getafe,Barcelona,1,0,H,0,0,D,15,7,9,4,10,11,2,1,2,1,0,0,3.4,3.3,3.38,2020-21
SP1,13/03/2021,Getafe,Atletico Madrid,1,1,H,0,1,A,16,17,5,3,10,11,6,5,0,3,0,0,2.52,3.89,4.87,2020-21
SP1,20/03/2021,Getafe,Sevilla,2,4,A,1,1,D,10,7,5,4,9,13,4,3,3,1,0,0,3.21,3.34,2.19,2020-21
SP1,27/03/2021,Getafe,Real Sociedad,0,0,D,0,0,D,13,11,6,5,22,13,8,6,1,5,0,0,4.49,3.4,4.53,2020-21
SP1,03/04/2021,Getafe,Villarreal,1,1,D,1,1,D,16,11,7,5,16,7,10,4,1,2,0,0,3.28,2.83,3.01,2020-21
SP1,10/04/2021,Getafe,Athletic Club,0,0,D,0,0,D,16,10,4,8,7,19,5,4,1,1,0,0,4.39,3.21,2.47,2020-21
SP1,17/04/2021,Getafe,Valencia,0,2,A,0,0,D,13,15,3,6,16,7,3,3,3,4,0,0,3.4,2.86,5.11,2020-21
SP1,24/04/2021,Getafe,Real Betis,1,4,A,0,0,D,7,10,1,6,12,13,6,4,5,3,0,0,2.75,3.42,5.9,2020-21
SP1,01/05/2021,Getafe,Osasuna,0,0,D,0,0,D,14,5,4,2,11,16,3,2,2,5,0,0,1.68,2.91,3.4,2020-21
SP1,08/05/2021,Getafe,Celta Vigo,2,2,D,2,1,H,13,8,3,5,10,12,4,1,1,4,0,0,3.31,3.35,4.52,2020-21
SP1,15/05/2021,Getafe,Rayo Vallecano,0,2,A,0,0,D,8,15,2,2,18,15,2,2,1,2,0,0,4.29,2.87,3.8,2020-21
SP1,22/05/2021,Getafe,Girona,4,0,H,1,0,H,23,9,8,5,16,19,5,3,6,1,0,0,3.5,3.59,2.12,2020-21
SP1,12/09/2020,Getafe,Mallorca,6,1,H,1,1,D,11,8,4,6,10,18,3,1,1,3,0,0,2.32,3.22,3.34,2020-21
SP1,19/09/2020,Getafe,Almeria,3,1,H,0,0,D,13,6,4,8,9,14,7,2,1,2,0,0,1.54,2.9,4.19,2020-21
SP1,26/09/2020,Getafe,Cadiz,0,0,D,0,0,D,12,6,1,4,10,12,4,1,2,1,0,0,1.59,3.55,2.6,2020-21
SP1,03/10/2020,Getafe,Granada,3,3,D,0,1,A,18,9,4,10,19,8,6,5,0,0,0,0,2.91,3.22,4.79,2020-21
SP1,10/10/2020,Getafe,Las Palmas,0,0,D,0,0,D,10,5,8,5,8,16,5,2,2,3,0,0,1.59,3.92,4.71,2020-21
SP1,17/10/2020,Getafe,Leganes,0,2,A,0,1,A,15,7,3,4,11,9,3,2,1,1,0,0,3.99,2.88,4.05,2020-21
SP1,24/10/2020,Rayo Vallecano,Real Madrid,3,3,A,2,0,H,18,11,5,2,11,10,5,5,1,1,0,0,4.21,3.69,2.26,2020-21
SP1,31/10/2020,Rayo Vallecano,Barcelona,1,1,A,1,0,H,4,5,4,7,13,15,8,6,2,4,0,0,3.5,3.24,3.88,2020-21
SP1,07/11/2020,Rayo Vallecano,Atletico Madrid,4,0,H,1,0,H,10,14,5,1,13,13,4,1,1,1,1,0,4.02,3.03,3.58,2020-21
SP1,14/11/2020,Rayo Vallecano,Sevilla,0,2,A,0,1,A,15,9,3,6,13,12,3,4,3,1,1,0,3.35,3.41,2.16,2020-21
SP1,21/11/2020,Rayo Vallecano,Real Sociedad,2,3,A,0,0,D,24,8,5,3,12,17,5,3,2,2,0,0,2.71,3.64,3.02,2020-21
SP1,28/11/2020,Rayo Vallecano,Villarreal,2,0,H,0,0,D,9,12,5,9,10,20,1,6,3,4,0,0,3.1,3.85,3.59,2020-21
SP1,05/12/2020,Rayo Vallecano,Athletic Club,0,3,A,0,0,D,17,8,2,3,13,10,1,7,3,4,0,0,1.78,3.45,4.54,2020-21
SP1,12/12/2020,Rayo Vallecano,Valencia,2,2,D,0,2,A,12,10,3,2,9,15,4,5,3,1,0,0,4.45,3.42,4.08,2020-21
SP1,19/12/2020,Rayo Vallecano,Real Betis,0,0,D,0,0,D,11,8,3,4,15,14,0,5,2,0,0,0,1.64,3.51,2.08,2020-21
SP1,26/12/2020,Rayo Vallecano,Osasuna,1,0,H,1,0,H,18,8,7,6,9,20,7,5,3,1,0,0,3.56,3.79,3.02,2020-21
SP1,02/01/2021,Rayo Vallecano,Celta Vigo,3,1,H,0,1,A,12,9,6,3,9,7,9,6,1,2,0,1,3.14,3.01,5.7,2020-21
SP1,09/01/2021,Rayo Vallecano,Getafe,2,4,A,0,1,A,15,10,4,3,15,17,1,1,2,2,0,0,1.87,3.5,4.49,2020-21
SP1,16/01/2021,Rayo Vallecano,Girona,0,2,H,0,2,A,20,10,4,2,10,11,4,2,2,2,0,0,3.47,3.24,3.05,2020-21
SP1,23/01/2021,Rayo Vallecano,Mallorca,1,2,H,1,0,H,11,12,3,6,21,11,3,3,1,2,0,0,3.09,3.37,4.8,2020-21
SP1,30/01/2021,Rayo Vallecano,Almeria,3,3,D,1,0,H,8,4,5,5,8,8,2,4,2,2,0,0,3.08,3.99,2.54,2020-21
SP1,06/02/2021,Rayo Vallecano,Cadiz,0,0,D,0,0,D,13,13,7,3,9,12,6,2,4,1,0,0,3.01,2.97,4.04,2020-21
SP1,13/02/2021,Rayo Vallecano,Granada,1,2,A,1,1,D,19,11,8,2,11,17,12,3,0,2,0,0,1.75,3.34,3.16,2020-21
SP1,20/02/2021,Rayo Vallecano,Las Palmas,3,0,H,2,0,H,8,9,4,5,8,16,3,9,0,2,0,1,1.7,3.8,2.8,2020-21
SP1,27/02/2021,Rayo Vallecano,Leganes,0,1,A,0,1,A,14,11,2,2,9,9,4,5,2,3,0,0,1.57,3.55,2.52,2020-21
SP1,06/03/2021,Girona,Real Madrid,3,3,D,0,1,A,16,8,3,6,13,9,4,1,0,0,0,0,3.65,3.88,4.84,2020-21
SP1,13/03/2021,Girona,Barcelona,2,1,H,1,1,D,11,13,4,5,12,15,5,3,1,1,0,1,4.32,3.69,1.93,2020-21
SP1,20/03/2021,Girona,Atletico Madrid,0,0,D,0,0,D,16,14,4,7,10,14,6,1,3,1,0,0,2.71,3.25,3.31,2020-21
SP1,27/03/2021,Girona,Sevilla,1,2,A,0,0,D,10,11,3,8,11,13,9,3,3,0,0,0,3.11,3.17,3.59,2020-21
SP1,03/04/2021,Girona,Real Sociedad,1,3,A,1,0,H,16,11,10,2,11,12,3,7,2,3,0,0,1.53,3.39,4.83,2020-21
SP1,10/04/2021,Girona,Villarreal,1,3,A,0,1,A,9,7,1,3,6,12,8,7,2,1,0,0,4.36,3.86,4.27,2020-21
SP1,17/04/2021,Girona,Athletic Club,1,1,D,0,1,A,12,12,3,4,13,6,11,1,0,2,0,0,3.48,3.38,5.32,2020-21
SP1,24/04/2021,Girona,Valencia,0,0,D,0,0,D,11,5,8,8,6,10,9,5,2,2,0,0,2.68,3.49,2.26,2020-21
SP1,01/05/2021,Girona,Real Betis,0,0,D,0,0,D,12,10,7,2,9,11,10,6,4,2,0,0,3.56,2.96,4.95,2020-21
SP1,08/05/2021,Girona,Osasuna,0,2,A,0,0,D,12,15,3,2,16,11,8,2,1,0,0,1,3.14,3.47,3.05,2020-21
SP1,15/05/2021,Girona,Celta Vigo,0,3,H,0,0,D,10,8,6,2,11,14,3,2,1,3,0,0,2.5,2.88,2.91,2020-21
SP1,22/05/2021,Girona,Getafe,2,3,H,0,1,A,14,10,1,1,11,16,5,3,1,2,0,0,4.49,2.89,2.69,2020-21
SP1,12/09/2020,Girona,Rayo Vallecano,0,2,A,0,1,A,15,10,2,3,12,10,2,3,3,0,0,0,2.86,3.93,2.33,2020-21
SP1,19/09/2020,Girona,Mallorca,1,1,D,1,0,H,17,14,11,5,15,20,7,4,2,3,0,0,2.53,3.77,5.59,2020-21
SP1,26/09/2020,Girona,Almeria,0,0,D,0,0,D,13,15,6,2,9,9,3,7,2,1,0,0,1.61,3.77,2.05,2020-21
SP1,03/10/2020,Girona,Cadiz,1,1,A,1,1,D,9,14,1,3,12,16,2,5,3,4,0,0,4.44,3.03,5.89,2020-21
SP1,10/10/2020,Girona,Granada,0,0,D,0,0,D,19,7,6,4,13,15,7,2,1,1,0,0,1.63,2.82,4.33,2020-21
SP1,17/10/2020,Girona,Las Palmas,1,1,A,1,0,H,6,14,5,3,9,11,2,7,1,2,0,0,2.39,3.36,2.29,2020-21
SP1,24/10/2020,Girona,Leganes,0,2,A,0,2,A,15,9,7,2,10,16,8,3,2,0,0,0,3.19,3.79,5.18,2020-21
SP1,31/10/2020,Mallorca,Real Madrid,3,4,H,1,0,H,8,6,3,6,10,11,2,6,4,0,0,0,2.95,2.97,2.29,2020-21
SP1,07/11/2020,Mallorca,Barcelona,2,1,A,1,0,H,19,15,4,5,13,10,9,4,1,2,0,0,4.03,3.02,5.91,2020-21
SP1,14/11/2020,Mallorca,Atletico Madrid,0,2,A,0,0,D,9,8,7,4,8,8,5,3,3,4,0,0,2.72,3.57,2.26,2020-21
SP1,21/11/2020,Mallorca,Sevilla,0,2,A,0,1,A,13,7,8,3,15,11,5,2,1,0,0,0,1.89,3.82,2.96,2020-21
SP1,28/11/2020,Mallorca,Real Sociedad,4,2,H,0,0,D,9,8,5,3,11,18,4,5,1,1,0,0,2.76,3.39,2.46,2020-21
SP1,05/12/2020,Mallorca,Villarreal,3,3,D,1,1,D,5,5,3,6,12,15,6,8,5,1,0,0,4.39,3.97,4.16,2020-21
SP1,12/12/2020,Mallorca,Athletic Club,4,2,H,1,0,H,10,9,2,5,9,8,5,5,2,7,0,0,2.6,3.6,4.67,2020-21
SP1,19/12/2020,Mallorca,Valencia,0,2,A,0,0,D,12,12,5,3,16,12,9,7,3,0,0,0,3.78,2.92,2.58,2020-21
SP1,26/12/2020,Mallorca,Real Betis,1,1,D,0,1,A,11,14,7,3,15,9,2,6,2,0,0,1,2.17,3.25,3.1,2020-21
SP1,02/01/2021,Mallorca,Osasuna,3,3,D,1,0,H,16,13,4,3,12,18,11,3,3,2,0,0,3.83,3.13,4.46,2020-21
SP1,09/01/2021,Mallorca,Celta Vigo,1,1,H,0,1,A,15,13,4,1,18,17,5,7,3,3,0,0,3.29,3.57,2.92,2020-21
SP1,16/01/2021,Mallorca,Getafe,2,4,A,0,0,D,11,8,7,4,15,14,2,1,3,2,0,0,4.42,3.28,2.88,2020-21
SP1,23/01/2021,Mallorca,Rayo Vallecano,5,1,H,0,1,A,5,10,6,7,8,15,3,7,2,1,0,0,3.81,2.9,5.49,2020-21
SP1,30/01/2021,Mallorca,Girona,0,0,D,0,0,D,15,9,4,4,11,10,7,1,0,2,0,0,4.05,2.9,3.41,2020-21
SP1,06/02/2021,Mallorca,Almeria,1,1,D,1,0,H,17,9,5,4,17,11,7,6,1,3,0,0,4.03,3.4,2.64,2020-21
SP1,13/02/2021,Mallorca,Cadiz,1,1,D,0,0,D,16,8,9,4,14,14,5,7,3,1,0,0,2.61,3.27,4.01,2020-21
SP1,20/02/2021,Mallorca,Granada,1,0,H,1,0,H,10,15,5,4,15,7,5,5,2,6,0,1,3.99,2.87,3.24,2020-21
SP1,27/02/2021,Mallorca,Las Palmas,4,3,H,2,1,H,15,10,2,7,9,17,6,4,1,5,0,0,4.2,3.61,4.28,2020-21
SP1,06/03/2021,Mallorca,Leganes,2,2,A,1,0,H,15,9,6,5,16,20,4,4,2,2,0,0,1.95,3.1,5.91,2020-21
SP1,13/03/2021,Almeria,Real Madrid,1,1,A,0,0,D,18,10,6,4,6,14,3,3,1,2,1,0,3.93,3.91,2.98,2020-21
SP1,20/03/2021,Almeria,Barcelona,3,1,H,0,0,D,11,8,7,4,10,14,5,8,2,0,0,0,3.21,3.9,5.57,2020-21
SP1,27/03/2021,Almeria,Atletico Madrid,1,1,D,1,1,D,11,11,4,0,12,11,8,6,2,1,0,0,4.11,3.12,3.39,2020-21
SP1,03/04/2021,Almeria,Sevilla,1,1,H,0,1,A,14,10,10,4,18,9,6,2,0,2,0,0,2.52,3.54,3.01,2020-21
SP1,10/04/2021,Almeria,Real Sociedad,0,0,H,0,0,D,15,10,4,6,9,11,9,6,3,4,0,0,4.05,2.9,4.53,2020-21
SP1,17/04/2021,Almeria,Villarreal,1,3,A,0,0,D,12,8,6,5,11,17,4,1,0,1,0,0,3.88,2.93,2.88,2020-21
SP1,24/04/2021,Almeria,Athletic Club,2,2,D,2,0,H,22,9,5,7,16,16,4,1,2,1,0,0,4.34,3.58,1.83,2020-21
SP1,01/05/2021,Almeria,Valencia,2,1,H,1,0,H,15,9,2,5,8,17,4,1,2,2,0,0,2.63,3.3,5.56,2020-21
SP1,08/05/2021,Almeria,Real Betis,2,2,D,1,0,H,14,9,2,4,9,9,4,3,2,1,0,0,3.11,3.71,4.32,2020-21
SP1,15/05/2021,Almeria,Osasuna,2,2,D,0,0,D,15,5,2,4,15,12,7,3,3,1,0,0,2.23,3.34,4.75,2020-21
SP1,22/05/2021,Almeria,Celta Vigo,1,2,A,0,0,D,14,5,8,6,15,8,5,5,2,1,0,1,2.14,3.96,3.57,2020-21
SP1,12/09/2020,Almeria,Getafe,1,1,H,0,1,A,12,5,3,7,15,12,5,2,2,4,0,0,3.75,3.92,4.3,2020-21
SP1,19/09/2020,Almeria,Rayo Vallecano,2,1,H,0,1,A,14,13,8,2,19,9,4,5,1,2,0,0,3.64,3.76,5.68,2020-21
SP1,26/09/2020,Almeria,Girona,0,2,A,0,1,A,14,6,3,6,7,10,4,1,4,3,0,0,3.73,3.9,3.54,2020-21
SP1,03/10/2020,Almeria,Mallorca,0,0,D,0,0,D,12,11,6,3,11,18,5,5,1,3,0,0,2.39,3.27,3.9,2020-21
SP1,10/10/2020,Almeria,Cadiz,2,0,H,0,0,D,12,7,8,3,17,15,2,5,1,1,0,0,1.81,3.91,4.73,2020-21
SP1,17/10/2020,Almeria,Granada,1,1,D,0,1,A,18,7,4,1,13,9,10,3,1,0,0,0,2.1,3.65,2.2,2020-21
SP1,24/10/2020,Almeria,Las Palmas,1,1,D,1,1,D,12,5,5,5,11,11,1,6,1,1,0,0,4.41,3.39,2.27,2020-21
SP1,31/10/2020,Almeria,Leganes,0,0,A,0,0,D,11,13,4,2,10,13,8,5,3,2,0,0,2.86,3.75,3.19,2020-21
SP1,07/11/2020,Cadiz,Real Madrid,0,1,H,0,1,A,9,9,8,2,12,16,7,8,4,2,0,0,2.81,3.7,2.76,2020-21
SP1,14/11/2020,Cadiz,Barcelona,3,1,A,1,0,H,13,6,4,3,8,14,4,4,0,4,0,0,2.04,3.11,3.4,2020-21
SP1,21/11/2020,Cadiz,Atletico Madrid,1,1,D,1,1,D,9,8,4,4,11,11,6,7,0,1,0,0,3.98,2.89,4.24,2020-21
SP1,28/11/2020,Cadiz,Sevilla,0,0,H,0,0,D,10,9,9,3,14,16,3,3,2,2,0,0,1.73,3.86,5.74,2020-21
SP1,05/12/2020,Cadiz,Real Sociedad,0,2,A,0,0,D,17,5,5,5,11,14,7,4,1,2,1,0,3.25,3.1,5.31,2020-21
SP1,12/12/2020,Cadiz,Villarreal,0,0,A,0,0,D,17,4,5,7,10,10,6,4,0,2,0,0,2.94,3.68,5.31,2020-21
SP1,19/12/2020,Cadiz,Athletic Club,1,3,A,1,2,A,14,8,3,5,12,14,8,3,3,2,0,0,1.74,3.45,2.02,2020-21
SP1,26/12/2020,Cadiz,Valencia,1,2,A,0,0,D,14,9,5,2,18,12,7,4,4,4,0,0,4.47,3.45,3.8,2020-21
SP1,02/01/2021,Cadiz,Real Betis,1,5,A,1,1,D,16,10,3,4,12,12,5,8,2,4,0,0,3.06,3.85,4.99,2020-21
SP1,09/01/2021,Cadiz,Osasuna,3,1,H,1,1,D,6,11,4,8,8,14,5,3,1,1,1,0,1.92,2.98,3.66,2020-21
SP1,16/01/2021,Cadiz,Celta Vigo,1,1,D,1,0,H,10,8,3,10,16,10,2,5,4,2,0,0,2.77,2.86,4.41,2020-21
SP1,23/01/2021,Cadiz,Getafe,1,3,A,0,0,D,16,11,6,7,15,12,5,3,1,5,0,0,1.98,3.32,4.44,2020-21
SP1,30/01/2021,Cadiz,Rayo Vallecano,3,3,D,1,0,H,12,12,8,4,12,14,4,5,1,5,0,0,1.84,2.92,2.05,2020-21
SP1,06/02/2021,Cadiz,Girona,3,2,H,0,1,A,11,11,7,5,10,10,9,2,2,5,0,1,1.95,3.04,2.93,2020-21
SP1,13/02/2021,Cadiz,Mallorca,0,0,D,0,0,D,12,8,5,3,15,13,4,4,3,1,0,0,1.53,3.19,3.23,2020-21
SP1,20/02/2021,Cadiz,Almeria,2,0,H,1,0,H,16,8,5,3,16,9,5,4,3,4,0,0,3.42,3.05,2.4,2020-21
SP1,27/02/2021,Cadiz,Granada,0,0,D,0,0,D,14,15,4,4,15,12,5,4,1,4,0,0,3.7,3.14,2.01,2020-21
SP1,06/03/2021,Cadiz,Las Palmas,2,2,D,2,1,H,25,13,5,5,14,13,2,6,2,4,0,0,2.66,2.99,5.59,2020-21
SP1,13/03/2021,Cadiz,Leganes,3,1,H,2,1,H,8,8,7,5,12,14,4,5,2,2,0,0,2.58,2.89,3.87,2020-21
SP1,20/03/2021,Granada,Real Madrid,0,0,D,0,0,D,13,12,5,5,7,7,6,6,4,1,0,0,3.56,3.99,4.2,2020-21
SP1,27/03/2021,Granada,Barcelona,0,0,D,0,0,D,17,5,6,1,22,11,8,8,1,4,0,0,1.66,3.05,4.55,2020-21
SP1,03/04/2021,Granada,Atletico Madrid,4,0,H,1,0,H,12,7,5,7,7,10,7,1,2,3,0,0,1.66,3.55,2.58,2020-21
SP1,10/04/2021,Granada,Sevilla,0,1,A,0,0,D,12,14,2,3,8,20,8,3,1,1,0,0,4.28,3.18,4.74,2020-21
SP1,17/04/2021,Granada,Real Sociedad,2,1,A,1,1,D,14,10,6,2,13,8,4,2,1,0,0,0,3.1,3.16,4.02,2020-21
SP1,24/04/2021,Granada,Villarreal,2,1,H,0,1,A,10,10,5,4,14,8,5,9,1,1,0,0,3.3,3.33,2.07,2020-21
SP1,01/05/2021,Granada,Athletic Club,1,2,A,0,2,A,19,10,9,5,15,8,3,2,5,4,0,0,4.35,3.3,4.39,2020-21
SP1,08/05/2021,Granada,Valencia,3,0,H,0,0,D,8,10,6,2,10,9,6,3,0,2,0,0,4.24,3.03,5.73,2020-21
SP1,15/05/2021,Granada,Real Betis,2,2,H,0,1,A,8,8,9,3,12,15,6,2,1,2,0,0,3.51,3.72,5.2,2020-21
SP1,22/05/2021,Granada,Osasuna,0,2,A,0,1,A,10,13,3,4,7,11,4,1,3,1,0,0,4.24,3.71,2.89,2020-21
SP1,12/09/2020,Granada,Celta Vigo,1,1,H,0,1,A,19,11,8,3,10,13,2,6,0,3,0,0,2.96,3.01,4.7,2020-21
SP1,19/09/2020,Granada,Getafe,1,2,A,1,1,D,14,10,1,2,13,14,2,1,2,1,0,0,4.2,3.02,5.0,2020-21
SP1,26/09/2020,Granada,Rayo Vallecano,1,0,H,0,0,D,8,15,3,7,12,13,2,4,5,1,0,0,2.65,3.86,4.37,2020-21
SP1,03/10/2020,Granada,Girona,0,0,A,0,0,D,15,13,4,7,9,10,7,4,2,1,0,0,3.27,3.12,5.49,2020-21
SP1,10/10/2020,Granada,Mallorca,0,2,H,0,2,A,18,6,2,4,13,11,5,3,1,1,0,0,2.06,2.87,4.86,2020-21
SP1,17/10/2020,Granada,Almeria,2,2,H,2,1,H,16,11,3,4,13,11,7,2,1,6,0,0,1.76,3.8,2.18,2020-21
SP1,24/10/2020,Granada,Cadiz,0,0,D,0,0,D,11,11,3,5,11,14,4,3,0,3,0,0,3.39,2.85,5.55,2020-21
SP1,31/10/2020,Granada,Las Palmas,1,1,H,1,0,H,6,10,7,5,11,13,4,2,2,2,1,0,3.9,3.69,5.59,2020-21
SP1,07/11/2020,Granada,Leganes,0,4,A,0,0,D,18,8,6,2,14,12,7,4,1,2,0,1,4.38,3.99,4.45,2020-21
SP1,14/11/2020,Las Palmas,Real Madrid,3,3,D,1,1,D,14,7,2,5,7,16,4,4,3,1,0,0,3.24,3.56,5.78,2020-21
SP1,21/11/2020,Las Palmas,Barcelona,1,2,H,1,0,H,11,17,4,3,9,11,4,0,4,1,0,0,2.18,3.08,5.4,2020-21
SP1,28/11/2020,Las Palmas,Atletico Madrid,2,1,H,1,0,H,16,12,2,5,13,16,7,9,2,1,1,0,2.55,3.4,4.87,2020-21
SP1,05/12/2020,Las Palmas,Sevilla,1,1,D,0,0,D,18,14,8,1,6,13,6,6,0,2,0,0,3.27,3.31,4.22,2020-21
SP1,12/12/2020,Las Palmas,Real Sociedad,1,1,A,1,0,H,9,6,2,4,17,17,2,5,1,1,0,0,4.33,2.88,4.58,2020-21
SP1,19/12/2020,Las Palmas,Villarreal,2,2,D,1,2,A,12,11,4,3,13,12,5,1,2,3,0,0,3.05,3.84,5.45,2020-21
SP1,26/12/2020,Las Palmas,Athletic Club,2,0,H,1,0,H,18,13,4,1,11,7,2,5,2,2,0,0,3.34,2.85,5.06,2020-21
SP1,02/01/2021,Las Palmas,Valencia,1,1,D,1,0,H,15,6,3,7,13,20,7,3,3,0,0,0,2.25,3.17,3.36,2020-21
SP1,09/01/2021,Las Palmas,Real Betis,0,1,A,0,0,D,14,13,6,8,17,6,5,4,0,2,0,0,2.84,3.1,2.43,2020-21
SP1,16/01/2021,Las Palmas,Osasuna,0,0,H,0,0,D,10,14,4,4,9,14,4,1,3,3,0,0,2.55,3.16,2.96,2020-21
SP1,23/01/2021,Las Palmas,Celta Vigo,2,0,H,0,0,D,14,10,6,3,19,14,5,0,2,4,0,0,2.05,3.56,5.9,2020-21
SP1,30/01/2021,Las Palmas,Getafe,1,1,D,1,1,D,11,9,3,5,9,9,9,2,3,2,0,0,2.34,3.32,5.92,2020-21
SP1,06/02/2021,Las Palmas,Rayo Vallecano,0,1,A,0,0,D,7,8,5,3,11,14,7,6,1,1,1,0,3.15,3.24,5.97,2020-21
SP1,13/02/2021,Las Palmas,Girona,1,2,A,1,0,H,19,8,4,5,18,13,3,2,2,5,0,1,4.42,2.92,5.0,2020-21
SP1,20/02/2021,Las Palmas,Mallorca,1,1,D,0,0,D,11,6,2,1,8,5,5,3,0,1,1,0,2.78,3.16,3.97,2020-21
SP1,27/02/2021,Las Palmas,Almeria,0,0,D,0,0,D,16,11,1,4,18,14,9,5,0,0,0,0,4.13,3.1,2.52,2020-21
SP1,06/03/2021,Las Palmas,Cadiz,1,1,D,1,0,H,7,13,5,5,10,12,3,2,2,2,0,1,3.75,3.55,4.13,2020-21
SP1,13/03/2021,Las Palmas,Granada,0,0,H,0,0,D,15,11,5,4,18,15,2,2,3,3,0,0,2.12,3.31,5.85,2020-21
SP1,20/03/2021,Las Palmas,Leganes,4,1,H,2,1,H,14,9,5,4,11,7,7,5,4,3,0,0,3.48,3.47,4.84,2020-21
SP1,27/03/2021,Leganes,Real Madrid,2,0,H,0,0,D,14,12,10,1,8,13,6,4,2,1,0,0,4.19,3.23,5.74,2020-21
SP1,03/04/2021,Leganes,Barcelona,2,1,H,0,0,D,16,12,5,6,12,11,6,3,2,2,0,0,3.8,3.19,3.47,2020-21
SP1,10/04/2021,Leganes,Atletico Madrid,3,3,D,0,0,D,12,12,2,3,10,10,3,4,3,2,0,0,2.39,3.32,5.16,2020-21
SP1,17/04/2021,Leganes,Sevilla,4,4,D,2,1,H,14,5,6,2,9,11,0,5,6,2,0,0,3.4,2.81,3.53,2020-21
SP1,24/04/2021,Leganes,Real Sociedad,2,1,H,1,0,H,8,7,8,2,15,12,5,3,1,1,0,0,3.82,3.65,2.44,2020-21
SP1,01/05/2021,Leganes,Villarreal,2,1,H,0,0,D,11,9,4,2,14,11,4,3,1,1,0,0,2.43,3.44,4.0,2020-21
SP1,08/05/2021,Leganes,Athletic Club,0,2,A,0,0,D,14,8,9,1,12,11,7,6,2,2,0,0,3.78,3.31,5.04,2020-21
SP1,15/05/2021,Leganes,Valencia,1,1,D,1,1,D,18,15,2,5,12,10,6,5,4,1,0,0,2.31,3.57,3.86,2020-21
SP1,22/05/2021,Leganes,Real Betis,3,4,A,0,1,A,12,8,9,6,13,16,4,5,1,2,0,0,3.63,3.06,2.38,2020-21
SP1,12/09/2020,Leganes,Osasuna,2,2,D,1,2,A,10,17,1,7,11,11,6,4,3,4,0,0,3.85,3.58,5.42,2020-21
SP1,19/09/2020,Leganes,Celta Vigo,2,0,H,0,0,D,13,10,2,6,12,8,3,3,2,4,0,0,1.71,2.86,4.47,2020-21
SP1,26/09/2020,Leganes,Getafe,2,0,A,0,0,D,14,9,6,2,10,14,3,2,2,3,0,0,3.38,2.85,4.03,2020-21
SP1,03/10/2020,Leganes,Rayo Vallecano,2,1,H,0,0,D,11,9,7,5,10,9,5,4,1,4,0,0,2.88,3.87,3.21,2020-21
SP1,10/10/2020,Leganes,Girona,2,1,H,0,1,A,11,8,3,6,10,9,7,2,1,3,0,0,2.67,3.33,3.16,2020-21
SP1,17/10/2020,Leganes,Mallorca,1,1,A,1,1,D,12,9,4,6,7,16,8,1,0,2,0,0,3.46,2.97,2.6,2020-21
SP1,24/10/2020,Leganes,Almeria,4,0,H,2,0,H,14,10,7,5,12,16,5,3,3,0,0,0,4.35,3.65,4.65,2020-21
SP1,31/10/2020,Leganes,Cadiz,1,1,D,0,0,D,17,14,4,3,16,10,2,1,4,1,0,2,2.35,3.09,2.28,2020-21
SP1,07/11/2020,Leganes,Granada,1,1,A,0,0,D,18,10,3,2,17,8,5,4,1,6,0,0,1.72,2.84,4.3,2020-21
SP1,14/11/2020,Leganes,Las Palmas,3,3,D,0,0,D,17,10,6,6,24,16,7,5,0,2,0,0,4.19,3.13,5.06,2020-21
SP1,14/08/2021,Real Madrid,Barcelona,1,0,H,0,0,D,11,7,5,2,19,9,6,3,1,2,0,1,3.5,3.53,3.36,2021-22
SP1,21/08/2021,Real Madrid,Atletico Madrid,1,1,D,1,1,D,14,9,2,3,17,18,8,5,3,1,0,0,2.29,2.98,5.31,2021-22
SP1,28/08/2021,Real Madrid,Sevilla,1,1,H,0,1,A,18,7,2,9,19,18,5,2,1,2,0,1,3.5,3.35,2.42,2021-22
SP1,04/09/2021,Real Madrid,Real Sociedad,0,2,A,0,0,D,10,12,6,3,21,16,2,5,2,1,0,0,4.31,3.98,4.84,2021-22
SP1,11/09/2021,Real Madrid,Villarreal,1,3,A,0,0,D,13,8,2,1,14,13,5,0,1,1,0,0,1.96,3.51,1.92,2021-22
SP1,18/09/2021,Real Madrid,Athletic Club,0,1,H,0,1,A,9,15,5,1,10,9,2,1,3,1,0,0,3.52,3.1,5.42,2021-22
SP1,25/09/2021,Real Madrid,Valencia,1,1,H,0,1,A,16,12,7,3,14,26,9,10,1,1,0,0,2.77,3.53,4.95,2021-22
SP1,02/10/2021,Real Madrid,Real Betis,2,3,H,1,1,D,14,13,5,1,13,9,5,4,2,2,0,0,4.11,2.87,2.67,2021-22
SP1,09/10/2021,Real Madrid,Osasuna,0,1,H,0,1,A,14,10,1,2,17,8,9,8,0,1,0,0,3.47,3.02,5.13,2021-22
SP1,16/10/2021,Real Madrid,Celta Vigo,2,2,H,0,1,A,10,8,5,7,8,13,4,1,1,2,0,0,3.73,3.44,4.4,2021-22
SP1,23/10/2021,Real Madrid,Getafe,1,1,D,0,1,A,16,11,2,2,9,14,7,1,0,3,0,0,3.74,2.84,2.34,2021-22
SP1,30/10/2021,Real Madrid,Rayo Vallecano,0,0,A,0,0,D,14,5,3,4,13,10,3,8,3,2,0,0,1.63,3.32,5.61,2021-22
SP1,06/11/2021,Real Madrid,Girona,1,1,D,0,1,A,11,16,2,3,10,12,2,3,2,3,0,0,3.74,3.58,5.06,2021-22
SP1,13/11/2021,Real Madrid,Mallorca,2,1,A,2,0,H,14,10,4,1,11,13,2,5,3,5,0,0,1.66,3.98,4.92,2021-22
SP1,20/11/2021,Real Madrid,Almeria,2,0,H,1,0,H,12,10,3,5,12,13,5,3,1,8,0,0,3.96,2.91,3.86,2021-22
SP1,27/11/2021,Real Madrid,Cadiz,4,0,H,1,0,H,10,16,3,4,14,13,7,8,1,0,0,0,2.22,3.7,4.76,2021-22
SP1,04/12/2021,Real Madrid,Granada,0,1,H,0,1,A,13,12,7,3,13,12,0,3,2,2,0,0,4.03,3.81,3.54,2021-22
SP1,11/12/2021,Real Madrid,Las Palmas,1,1,H,1,0,H,19,12,8,6,11,12,5,3,4,1,0,0,3.16,3.49,5.62,2021-22
SP1,18/12/2021,Real Madrid,Leganes,1,1,H,1,0,H,12,10,8,5,15,18,3,2,4,2,0,0,4.31,2.95,4.3,2021-22
SP1,25/12/2021,Barcelona,Real Madrid,2,1,H,1,0,H,9,14,5,4,12,15,4,3,1,4,0,0,3.04,2.85,3.93,2021-22
SP1,01/01/2022,Barcelona,Atletico Madrid,2,2,D,0,2,A,13,9,7,4,6,12,8,6,0,1,0,0,3.67,3.04,5.42,2021-22
SP1,08/01/2022,Barcelona,Sevilla,2,3,A,2,0,H,20,8,7,3,14,17,7,4,1,1,0,0,2.88,3.8,5.28,2021-22
SP1,15/01/2022,Barcelona,Real Sociedad,1,1,D,0,1,A,10,13,8,2,15,16,6,6,2,2,0,0,1.7,3.2,5.03,2021-22
SP1,22/01/2022,Barcelona,Villarreal,2,0,H,1,0,H,17,12,2,3,8,9,3,5,1,2,0,0,2.95,3.54,2.24,2021-22
SP1,29/01/2022,Barcelona,Athletic Club,0,0,A,0,0,D,15,8,4,9,10,14,2,5,3,0,0,0,2.82,3.71,3.52,2021-22
SP1,05/02/2022,Barcelona,Valencia,0,3,H,0,0,D,8,12,3,1,12,17,5,3,4,2,0,0,1.97,3.46,4.99,2021-22
SP1,12/02/2022,Barcelona,Real Betis,2,0,H,2,0,H,10,14,3,2,14,11,6,2,1,3,0,0,3.42,3.77,4.86,2021-22
SP1,19/02/2022,Barcelona,Osasuna,0,0,D,0,0,D,16,9,11,6,20,14,6,4,2,2,0,0,2.4,3.48,4.07,2021-22
SP1,26/02/2022,Barcelona,Celta Vigo,4,1,H,2,0,H,13,18,8,6,12,12,6,4,1,2,0,0,2.06,3.32,2.97,2021-22
SP1,05/03/2022,Barcelona,Getafe,1,1,H,0,0,D,12,12,4,1,13,20,4,2,4,1,0,0,3.45,3.35,4.96,2021-22
SP1,12/03/2022,Barcelona,Rayo Vallecano,1,1,A,1,0,H,17,7,5,5,12,8,3,1,1,0,0,0,3.52,3.66,3.23,2021-22
SP1,19/03/2022,Barcelona,Girona,1,1,D,0,0,D,12,12,5,2,13,19,5,5,1,1,0,0,2.24,3.76,4.67,2021-22
SP1,26/03/2022,Barcelona,Mallorca,3,1,H,2,0,H,13,7,4,7,23,7,3,3,3,0,0,0,3.94,3.88,5.64,2021-22
SP1,02/04/2022,Barcelona,Almeria,3,0,H,0,0,D,14,9,7,0,12,18,3,2,0,2,0,0,1.59,3.83,4.72,2021-22
SP1,09/04/2022,Barcelona,Cadiz,2,1,H,1,0,H,11,6,9,6,14,12,7,1,3,2,0,0,2.43,3.08,3.38,2021-22
SP1,16/04/2022,Barcelona,Granada,0,0,H,0,0,D,14,22,3,3,14,14,4,5,3,0,0,0,4.2,3.66,4.29,2021-22
SP1,23/04/2022,Barcelona,Las Palmas,1,2,A,1,0,H,15,5,6,3,18,11,3,1,1,0,0,0,2.09,3.28,1.82,2021-22
SP1,30/04/2022,Barcelona,Leganes,0,0,D,0,0,D,13,12,7,4,6,7,10,5,1,2,0,0,2.07,2.88,2.37,2021-22
SP1,07/05/2022,Atletico Madrid,Real Madrid,1,1,D,1,0,H,12,9,3,1,15,14,5,1,2,2,0,0,3.71,3.41,4.74,2021-22
SP1,14/05/2022,Atletico Madrid,Barcelona,4,0,H,3,0,H,10,10,4,4,13,9,2,3,2,7,0,0,1.93,3.62,4.44,2021-22
SP1,21/05/2022,Atletico Madrid,Sevilla,0,0,D,0,0,D,16,10,5,4,8,13,3,4,2,2,0,0,1.74,3.84,5.35,2021-22
SP1,14/08/2021,Atletico Madrid,Real Sociedad,4,0,H,2,0,H,8,12,3,3,10,12,4,4,3,5,0,0,3.22,2.9,3.16,2021-22
SP1,21/08/2021,Atletico Madrid,Villarreal,2,7,A,2,2,D,22,8,1,3,11,15,2,2,2,3,0,0,3.34,2.8,2.88,2021-22
SP1,28/08/2021,Atletico Madrid,Athletic Club,3,1,H,0,1,A,11,8,6,4,13,17,7,5,3,1,0,0,4.17,3.36,4.95,2021-22
SP1,04/09/2021,Atletico Madrid,Valencia,0,0,D,0,0,D,16,5,5,4,14,15,1,2,3,3,0,0,3.96,3.93,5.93,2021-22
SP1,11/09/2021,Atletico Madrid,Real Betis,0,3,A,0,0,D,7,5,5,3,13,11,6,3,2,0,0,0,2.93,2.93,2.51,2021-22
SP1,18/09/2021,Atletico Madrid,Osasuna,1,0,H,0,0,D,15,11,2,3,7,14,4,3,4,1,1,0,2.29,3.73,5.03,2021-22
SP1,25/09/2021,Atletico Madrid,Celta Vigo,1,1,D,0,0,D,12,6,4,5,11,11,8,1,0,1,0,0,2.28,3.93,2.56,2021-22
SP1,02/10/2021,Atletico Madrid,Getafe,4,0,H,0,0,D,12,10,4,4,17,16,9,3,1,1,0,0,3.97,3.94,4.29,2021-22
SP1,09/10/2021,Atletico Madrid,Rayo Vallecano,2,1,H,2,0,H,12,9,3,1,10,12,7,6,3,1,0,0,2.32,3.8,3.57,2021-22
SP1,16/10/2021,Atletico Madrid,Girona,1,1,D,1,0,H,11,5,4,1,17,11,4,1,1,0,0,0,3.09,2.83,5.0,2021-22
SP1,23/10/2021,Atletico Madrid,Mallorca,1,1,H,0,0,D,13,9,7,8,8,12,4,1,1,3,0,0,3.47,3.51,5.61,2021-22
SP1,30/10/2021,Atletico Madrid,Almeria,2,0,H,0,0,D,17,13,3,4,8,13,6,8,1,1,0,0,3.79,3.35,3.94,2021-22
SP1,06/11/2021,Atletico Madrid,Cadiz,2,0,H,2,0,H,20,7,9,3,16,6,3,2,3,3,0,0,2.18,2.92,5.43,2021-22
SP1,13/11/2021,Atletico Madrid,Granada,2,2,D,0,1,A,8,6,4,3,6,14,5,5,1,2,0,0,4.32,3.39,5.06,2021-22
SP1,20/11/2021,Atletico Madrid,Las Palmas,1,0,H,0,0,D,13,6,7,2,8,10,1,1,0,2,0,0,2.71,3.6,4.08,2021-22
SP1,27/11/2021,Atletico Madrid,Leganes,0,0,D,0,0,D,22,14,4,3,13,18,5,3,0,3,0,0,2.42,3.6,4.69,2021-22
SP1,04/12/2021,Sevilla,Real Madrid,3,1,H,0,1,A,15,14,3,4,10,13,3,6,2,0,0,0,2.01,3.25,4.17,2021-22
SP1,11/12/2021,Sevilla,Barcelona,1,1,D,1,1,D,14,8,4,8,8,10,8,3,2,4,0,0,2.55,2.8,4.18,2021-22
SP1,18/12/2021,Sevilla,Atletico Madrid,0,0,D,0,0,D,10,10,5,5,9,13,4,4,2,1,0,0,3.27,3.58,4.94,2021-22
SP1,25/12/2021,Sevilla,Real Sociedad,1,3,A,1,2,A,16,5,3,4,9,11,7,9,2,3,0,0,3.33,3.29,5.06,2021-22
SP1,01/01/2022,Sevilla,Villarreal,1,1,D,0,1,A,13,6,5,3,11,9,5,5,3,2,0,0,3.09,3.66,5.21,2021-22
SP1,08/01/2022,Sevilla,Athletic Club,5,0,H,0,0,D,16,12,5,6,11,13,4,4,3,0,0,0,1.9,2.97,5.95,2021-22
SP1,15/01/2022,Sevilla,Valencia,0,1,A,0,0,D,10,5,6,5,10,13,7,7,0,1,0,0,3.68,2.88,2.79,2021-22
SP1,22/01/2022,Sevilla,Real Betis,4,1,H,1,0,H,10,11,8,6,8,13,9,5,0,2,0,0,3.52,2.83,4.93,2021-22
SP1,29/01/2022,Sevilla,Osasuna,1,2,H,0,1,A,22,10,7,3,9,10,13,6,1,1,0,0,4.19,2.91,2.5,2021-22
SP1,05/02/2022,Sevilla,Celta Vigo,1,1,H,1,0,H,10,12,3,5,9,7,2,11,2,3,0,0,3.29,3.34,3.94,2021-22
SP1,12/02/2022,Sevilla,Getafe,1,1,H,1,0,H,12,8,5,8,16,17,1,5,2,0,0,0,3.12,3.69,1.95,2021-22
SP1,19/02/2022,Sevilla,Rayo Vallecano,2,2,A,1,1,D,8,6,6,2,7,11,5,1,1,1,0,0,2.9,3.67,4.02,2021-22
SP1,26/02/2022,Sevilla,Girona,0,0,D,0,0,D,13,8,1,3,14,11,5,2,1,0,0,0,2.19,2.86,5.64,2021-22
SP1,05/03/2022,Sevilla,Mallorca,1,1,D,0,1,A,12,7,5,7,13,15,5,4,2,0,0,1,3.76,3.56,3.88,2021-22
SP1,12/03/2022,Sevilla,Almeria,2,2,D,1,2,A,17,8,6,4,11,8,6,2,2,1,0,0,2.02,3.99,4.06,2021-22
SP1,19/03/2022,Sevilla,Cadiz,2,1,H,0,1,A,10,16,4,1,8,17,4,3,1,6,0,0,1.56,3.48,2.82,2021-22
SP1,26/03/2022,Sevilla,Granada,0,0,A,0,0,D,10,7,5,4,16,9,5,7,2,1,0,0,3.32,3.45,2.33,2021-22
SP1,02/04/2022,Sevilla,Las Palmas,0,1,A,0,1,A,6,10,6,3,18,12,4,4,2,1,0,0,2.39,3.55,3.98,2021-22
SP1,09/04/2022,Sevilla,Leganes,1,4,A,1,0,H,8,11,3,5,6,13,4,7,3,0,0,0,3.06,3.69,5.37,2021-22
SP1,16/04/2022,Real Sociedad,Real Madrid,0,1,H,0,1,A,19,16,4,7,12,14,8,3,1,2,1,0,2.1,3.05,2.56,2021-22
SP1,23/04/2022,Real Sociedad,Barcelona,1,1,D,1,0,H,15,15,7,6,16,20,3,5,1,0,1,0,3.11,3.09,3.11,2021-22
SP1,30/04/2022,Real Sociedad,Atletico Madrid,0,0,D,0,0,D,15,12,9,4,9,11,5,2,1,1,0,0,2.26,3.37,2.95,2021-22
SP1,07/05/2022,Real Sociedad,Sevilla,2,3,A,0,1,A,14,12,7,5,13,7,5,3,2,4,0,0,1.55,3.42,3.0,2021-22
SP1,14/05/2022,Real Sociedad,Villarreal,0,0,H,0,0,D,8,7,3,3,12,18,4,6,1,0,0,0,1.62,3.44,4.04,2021-22
SP1,21/05/2022,Real Sociedad,Athletic Club,0,0,H,0,0,D,9,6,8,4,11,11,7,5,3,2,0,0,1.67,3.97,2.01,2021-22
SP1,14/08/2021,Real Sociedad,Valencia,3,1,H,0,1,A,8,13,6,3,14,12,4,5,4,2,0,0,3.83,3.52,2.15,2021-22
SP1,21/08/2021,Real Sociedad,Real Betis,2,2,A,0,0,D,7,7,8,4,19,10,8,7,3,3,1,0,2.79,3.41,3.59,2021-22
SP1,28/08/2021,Real Sociedad,Osasuna,0,0,H,0,0,D,10,7,2,1,15,8,5,3,1,3,0,0,3.42,3.07,2.97,2021-22
SP1,04/09/2021,Real Sociedad,Celta Vigo,3,0,H,1,0,H,6,10,5,1,12,10,7,7,2,1,0,0,3.46,2.86,5.92,2021-22
SP1,11/09/2021,Real Sociedad,Getafe,0,0,D,0,0,D,21,11,8,4,9,9,5,6,1,2,0,0,2.74,3.88,1.9,2021-22
SP1,18/09/2021,Real Sociedad,Rayo Vallecano,0,0,A,0,0,D,18,8,2,2,19,7,6,2,4,1,0,0,3.72,2.99,2.92,2021-22
SP1,25/09/2021,Real Sociedad,Girona,1,1,H,0,0,D,17,10,2,3,10,5,6,4,1,1,0,0,2.8,2.96,2.29,2021-22
SP1,02/10/2021,Real Sociedad,Mallorca,0,1,A,0,1,A,11,6,6,4,15,12,2,5,2,0,0,0,2.28,2.93,5.11,2021-22
SP1,09/10/2021,Real Sociedad,Almeria,3,0,H,0,0,D,11,7,8,7,10,21,3,3,2,3,0,0,2.11,3.5,3.91,2021-22
SP1,16/10/2021,Real Sociedad,Cadiz,3,3,D,3,2,H,12,8,4,5,12,7,5,8,2,3,0,0,2.02,3.1,3.35,2021-22
SP1,23/10/2021,Real Sociedad,Granada,1,0,H,1,0,H,10,12,3,6,9,15,6,2,3,3,0,0,3.74,3.52,3.45,2021-22
SP1,30/10/2021,Real Sociedad,Las Palmas,2,1,A,2,0,H,18,8,1,6,16,19,4,4,1,2,0,0,4.0,3.92,4.62,2021-22
SP1,06/11/2021,Real Sociedad,Leganes,4,2,H,3,0,H,6,5,5,5,10,8,6,5,2,1,0,0,2.01,3.75,2.66,2021-22
SP1,13/11/2021,Villarreal,Real Madrid,2,0,H,1,0,H,19,8,4,8,9,8,2,6,2,3,0,0,1.78,3.62,5.28,2021-22
SP1,20/11/2021,Villarreal,Barcelona,0,3,A,0,0,D,15,12,5,5,15,9,5,7,1,3,0,0,2.48,3.89,4.32,2021-22
SP1,27/11/2021,Villarreal,Atletico Madrid,2,1,A,0,0,D,11,12,6,3,12,12,6,5,2,3,0,0,3.57,3.91,3.47,2021-22
SP1,04/12/2021,Villarreal,Sevilla,0,2,A,0,0,D,16,13,1,4,8,10,6,1,4,0,0,0,4.43,2.96,4.95,2021-22
SP1,11/12/2021,Villarreal,Real Sociedad,0,2,A,0,2,A,11,15,6,1,11,20,5,4,3,3,1,0,3.3,2.95,4.72,2021-22
SP1,18/12/2021,Villarreal,Athletic Club,4,1,H,0,0,D,13,13,2,6,16,14,4,8,1,4,0,0,2.61,3.65,3.76,2021-22
SP1,25/12/2021,Villarreal,Valencia,3,0,H,1,0,H,13,9,5,6,9,12,10,4,2,0,0,0,3.14,2.95,5.5,2021-22
SP1,01/01/2022,Villarreal,Real Betis,1,1,D,0,0,D,9,19,6,1,15,16,7,3,3,2,0,0,3.56,2.99,3.25,2021-22
SP1,08/01/2022,Villarreal,Osasuna,0,1,H,0,1,A,17,12,5,2,11,14,4,4,2,1,0,0,4.33,3.81,2.25,2021-22
SP1,15/01/2022,Villarreal,Celta Vigo,2,2,A,0,2,A,9,16,6,1,11,11,2,7,2,3,0,0,4.11,3.38,1.87,2021-22
SP1,22/01/2022,Villarreal,Getafe,1,1,H,0,0,D,12,10,5,2,14,15,4,3,0,4,0,0,3.83,3.34,4.46,2021-22
SP1,29/01/2022,Villarreal,Rayo Vallecano,2,2,D,0,1,A,13,7,2,6,9,12,3,4,3,1,1,0,2.11,3.97,3.2,2021-22
SP1,05/02/2022,Villarreal,Girona,0,2,H,0,0,D,19,15,4,4,9,10,4,2,1,3,0,0,2.01,3.11,3.21,2021-22
SP1,12/02/2022,Villarreal,Mallorca,2,2,D,0,1,A,13,13,3,5,9,11,7,5,3,0,0,0,4.25,3.29,3.18,2021-22
SP1,19/02/2022,Villarreal,Almeria,0,0,D,0,0,D,15,10,8,2,12,5,9,1,2,3,0,0,4.25,3.31,2.96,2021-22
SP1,26/02/2022,Villarreal,Cadiz,2,2,H,0,2,A,10,8,3,6,11,8,1,7,2,0,0,0,2.92,3.92,2.98,2021-22
SP1,05/03/2022,Villarreal,Granada,0,0,H,0,0,D,14,10,4,2,8,13,6,2,1,2,0,0,1.89,3.95,3.39,2021-22
SP1,12/03/2022,Villarreal,Las Palmas,1,0,H,0,0,D,12,12,8,2,16,2,3,3,1,3,0,1,4.01,3.77,3.39,2021-22
SP1,19/03/2022,Villarreal,Leganes,0,0,H,0,0,D,11,11,4,3,8,16,5,6,2,1,0,0,1.64,3.6,4.39,2021-22
SP1,26/03/2022,Athletic Club,Real Madrid,3,0,A,0,0,D,15,8,10,2,14,16,5,1,1,2,0,0,4.29,3.79,5.52,2021-22
SP1,02/04/2022,Athletic Club,Barcelona,3,3,D,1,0,H,10,13,2,5,9,8,3,5,0,2,0,0,4.02,3.14,4.29,2021-22
SP1,09/04/2022,Athletic Club,Atletico Madrid,2,2,D,0,1,A,11,16,4,1,13,9,6,4,3,1,0,0,3.12,3.15,5.46,2021-22
SP1,16/04/2022,Athletic Club,Sevilla,1,1,D,1,0,H,12,10,6,1,17,15,5,3,2,1,0,0,4.33,2.86,3.56,2021-22
SP1,23/04/2022,Athletic Club,Real Sociedad,1,1,D,1,1,D,10,17,8,6,11,6,6,2,2,3,0,0,1.97,3.77,5.09,2021-22
SP1,30/04/2022,Athletic Club,Villarreal,2,2,D,1,1,D,12,6,4,3,8,7,5,5,2,1,0,0,2.22,2.8,2.87,2021-22
SP1,07/05/2022,Athletic Club,Valencia,1,0,H,1,0,H,9,7,4,2,15,9,6,8,2,0,0,0,3.74,3.48,4.27,2021-22
SP1,14/05/2022,Athletic Club,Real Betis,1,1,A,1,0,H,17,10,8,2,15,18,5,5,0,3,0,0,3.58,3.89,5.99,2021-22
SP1,21/05/2022,Athletic Club,Osasuna,1,1,H,0,1,A,16,10,6,6,15,10,2,5,0,2,0,0,3.49,3.78,3.29,2021-22
SP1,14/08/2021,Athletic Club,Celta Vigo,0,0,D,0,0,D,9,6,5,4,14,11,2,4,2,1,0,0,2.19,2.84,2.92,2021-22
SP1,21/08/2021,Athletic Club,Getafe,2,3,H,2,0,H,17,4,5,2,8,6,5,3,1,3,0,0,2.15,2.83,5.67,2021-22
SP1,28/08/2021,Athletic Club,Rayo Vallecano,4,4,D,0,2,A,12,8,6,6,20,13,4,7,2,1,0,0,3.21,3.23,2.24,2021-22
SP1,04/09/2021,Athletic Club,Girona,3,1,H,2,0,H,22,10,2,5,12,12,6,3,3,1,0,0,4.37,3.44,2.69,2021-22
SP1,11/09/2021,Athletic Club,Mallorca,1,1,A,0,1,A,10,17,4,6,7,10,5,0,3,1,0,0,3.6,3.18,3.7,2021-22
SP1,18/09/2021,Athletic Club,Almeria,1,2,H,0,1,A,16,10,4,7,10,9,8,5,2,0,0,0,3.72,3.96,2.38,2021-22
SP1,25/09/2021,Athletic Club,Cadiz,1,0,H,1,0,H,23,13,2,7,13,13,5,1,0,3,0,0,3.9,3.74,4.99,2021-22
SP1,02/10/2021,Athletic Club,Granada,1,0,H,0,0,D,14,17,9,5,11,8,6,2,2,3,0,0,4.14,2.85,2.01,2021-22
SP1,09/10/2021,Athletic Club,Las Palmas,2,0,H,2,0,H,10,15,5,5,14,14,3,2,1,2,0,1,3.52,2.81,1.81,2021-22
SP1,16/10/2021,Athletic Club,Leganes,1,0,H,0,0,D,8,4,4,3,5,13,4,2,0,3,0,0,3.0,3.22,5.4,2021-22
SP1,23/10/2021,Valencia,Real Madrid,1,2,A,1,2,A,13,8,5,7,8,14,4,4,1,4,0,0,2.7,3.92,5.37,2021-22
SP1,30/10/2021,Valencia,Barcelona,2,3,A,0,1,A,16,6,4,5,13,15,9,7,4,2,0,0,3.05,3.23,3.01,2021-22
SP1,06/11/2021,Valencia,Atletico Madrid,3,2,H,0,0,D,15,8,9,4,13,9,6,5,3,1,0,0,1.72,2.93,5.42,2021-22
SP1,13/11/2021,Valencia,Sevilla,1,1,H,0,1,A,10,10,9,4,9,15,4,5,7,2,0,0,2.68,2.95,1.9,2021-22
SP1,20/11/2021,Valencia,Real Sociedad,3,3,D,1,2,A,12,9,4,0,6,15,3,4,3,4,0,0,2.43,3.45,4.55,2021-22
SP1,27/11/2021,Valencia,Villarreal,0,0,H,0,0,D,14,11,3,5,7,11,6,5,1,1,1,0,2.91,3.49,2.15,2021-22
SP1,04/12/2021,Valencia,Athletic Club,1,0,H,1,0,H,11,15,4,5,8,11,1,4,1,5,1,0,1.67,3.71,3.5,2021-22
SP1,11/12/2021,Valencia,Real Betis,1,2,A,1,0,H,14,8,3,4,13,10,6,4,4,3,0,0,4.49,3.82,5.75,2021-22
SP1,18/12/2021,Valencia,Osasuna,0,3,A,0,1,A,11,10,4,4,8,10,3,4,6,2,0,0,4.13,2.84,5.4,2021-22
SP1,25/12/2021,Valencia,Celta Vigo,0,2,A,0,1,A,12,12,7,4,18,7,5,3,2,0,0,0,3.67,3.28,4.2,2021-22
SP1,01/01/2022,Valencia,Getafe,1,1,H,1,1,D,15,12,7,3,12,13,5,3,0,1,0,0,2.77,2.89,2.84,2021-22
SP1,08/01/2022,Valencia,Rayo Vallecano,1,0,H,1,0,H,7,8,1,5,12,17,10,3,1,1,0,0,3.32,3.64,2.78,2021-22
SP1,15/01/2022,Valencia,Girona,1,1,H,1,0,H,15,13,4,4,11,12,4,6,4,5,0,0,1.85,3.89,5.83,2021-22
SP1,22/01/2022,Valencia,Mallorca,4,0,H,0,0,D,13,8,7,7,12,12,8,3,1,0,0,0,4.33,2.84,5.65,2021-22
SP1,29/01/2022,Valencia,Almeria,1,0,H,0,0,D,12,9,6,1,13,12,3,3,0,1,0,0,3.39,3.12,3.64,2021-22
SP1,05/02/2022,Valencia,Cadiz,4,0,H,1,0,H,14,4,8,1,11,9,4,6,4,0,0,0,1.94,3.82,3.75,2021-22
SP1,12/02/2022,Valencia,Granada,0,0,H,0,0,D,13,13,2,2,12,11,7,5,2,1,0,0,3.94,3.04,2.77,2021-22
SP1,19/02/2022,Valencia,Las Palmas,0,0,D,0,0,D,16,7,2,0,12,12,3,1,0,1,0,0,3.48,2.9,5.27,2021-22
SP1,26/02/2022,Valencia,Leganes,0,4,A,0,0,D,13,7,5,5,11,14,3,2,3,3,0,0,2.55,3.39,1.91,2021-22
SP1,05/03/2022,Real Betis,Real Madrid,1,1,A,1,1,D,21,11,5,2,10,19,3,6,4,2,0,0,1.51,3.35,3.53,2021-22
SP1,12/03/2022,Real Betis,Barcelona,1,1,H,0,0,D,12,10,9,3,8,11,4,4,3,0,0,0,2.83,2.93,3.41,2021-22
SP1,19/03/2022,Real Betis,Atletico Madrid,0,1,A,0,0,D,12,14,7,1,10,13,4,4,0,1,0,0,1.68,3.13,1.9,2021-22
SP1,26/03/2022,Real Betis,Sevilla,3,2,H,3,2,H,12,7,9,3,12,17,7,7,2,4,0,0,4.11,2.93,4.07,2021-22
SP1,02/04/2022,Real Betis,Real Sociedad,0,0,D,0,0,D,14,8,3,3,12,11,4,1,3,1,0,0,2.1,3.21,3.94,2021-22
SP1,09/04/2022,Real Betis,Villarreal,1,1,D,0,1,A,12,13,5,4,11,15,4,1,4,4,0,0,3.06,2.98,5.99,2021-22
SP1,16/04/2022,Real Betis,Athletic Club,1,2,H,1,2,A,8,8,7,6,11,10,4,2,2,0,0,0,2.52,3.86,3.43,2021-22
SP1,23/04/2022,Real Betis,Valencia,2,2,D,0,1,A,10,5,9,4,14,9,3,5,0,2,0,0,3.93,3.74,4.4,2021-22
SP1,30/04/2022,Real Betis,Osasuna,4,3,H,0,0,D,9,11,2,1,8,13,7,2,0,2,0,0,2.58,3.51,4.61,2021-22
SP1,07/05/2022,Real Betis,Celta Vigo,3,1,H,0,1,A,17,4,5,3,13,12,7,6,0,0,0,0,3.82,3.17,2.16,2021-22
SP1,14/05/2022,Real Betis,Getafe,3,1,H,1,1,D,12,11,5,6,7,12,8,3,2,1,0,0,3.09,3.18,3.57,2021-22
SP1,21/05/2022,Real Betis,Rayo Vallecano,2,2,D,2,0,H,18,11,7,2,15,12,4,4,2,2,0,0,1.87,3.19,2.84,2021-22
SP1,14/08/2021,Real Betis,Girona,1,1,D,1,1,D,23,5,3,3,14,10,8,0,2,1,0,0,3.37,3.59,1.89,2021-22
SP1,21/08/2021,Real Betis,Mallorca,2,0,H,1,0,H,17,5,8,2,12,15,6,2,3,2,0,0,4.1,3.56,4.0,2021-22
SP1,28/08/2021,Real Betis,Almeria,0,0,H,0,0,D,16,6,10,3,11,11,8,7,0,4,0,1,3.02,3.63,2.81,2021-22
SP1,04/09/2021,Real Betis,Cadiz,2,0,H,1,0,H,14,10,2,8,18,7,6,7,2,1,0,0,2.85,2.85,3.51,2021-22
SP1,11/09/2021,Real Betis,Granada,2,0,H,0,0,D,15,14,2,3,13,8,7,4,1,0,0,0,3.23,3.14,4.95,2021-22
SP1,18/09/2021,Real Betis,Las Palmas,3,1,H,0,1,A,11,10,5,9,15,13,5,1,2,4,0,0,1.77,3.25,3.11,2021-22
SP1,25/09/2021,Real Betis,Leganes,0,1,A,0,1,A,14,14,7,7,15,10,4,0,2,1,0,0,2.21,3.17,2.44,2021-22
SP1,02/10/2021,Osasuna,Real Madrid,3,0,H,0,0,D,18,9,7,3,13,10,5,5,1,5,0,0,2.47,3.33,5.91,2021-22
SP1,09/10/2021,Osasuna,Barcelona,4,0,A,1,0,H,10,5,3,4,13,10,7,4,3,0,0,0,2.34,2.86,5.98,2021-22
SP1,16/10/2021,Osasuna,Atletico Madrid,1,0,H,0,0,D,18,8,3,6,13,9,7,5,4,3,0,0,2.5,3.92,3.04,2021-22
SP1,23/10/2021,Osasuna,Sevilla,0,1,A,0,1,A,14,10,3,3,9,12,3,2,3,2,0,0,3.36,2.85,2.67,2021-22
SP1,30/10/2021,Osasuna,Real Sociedad,3,1,H,0,0,D,14,7,4,6,14,13,7,5,1,2,0,0,2.86,2.97,3.86,2021-22
SP1,06/11/2021,Osasuna,Villarreal,3,2,A,1,0,H,18,7,3,6,6,12,1,10,1,1,0,0,3.89,3.16,5.76,2021-22
SP1,13/11/2021,Osasuna,Athletic Club,1,0,H,0,0,D,9,6,5,6,4,11,6,6,1,4,0,0,2.49,3.01,4.93,2021-22
SP1,20/11/2021,Osasuna,Valencia,1,1,D,0,1,A,8,7,6,1,12,5,11,1,2,1,0,1,1.95,2.87,2.31,2021-22
SP1,27/11/2021,Osasuna,Real Betis,3,0,H,2,0,H,13,16,3,2,15,6,10,3,5,2,0,0,1.63,3.03,3.78,2021-22
SP1,04/12/2021,Osasuna,Celta Vigo,0,0,D,0,0,D,16,11,4,6,8,14,5,7,1,1,0,0,4.1,3.98,3.61,2021-22
SP1,11/12/2021,Osasuna,Getafe,4,0,H,2,0,H,18,9,7,7,8,8,2,4,1,1,0,0,3.9,3.81,2.39,2021-22
SP1,18/12/2021,Osasuna,Rayo Vallecano,1,1,H,0,1,A,7,7,2,3,14,15,3,1,1,2,0,0,2.75,3.06,3.53,2021-22
SP1,25/12/2021,Osasuna,Girona,2,0,H,1,0,H,24,7,8,3,10,9,2,4,2,5,0,0,2.63,3.93,2.63,2021-22
SP1,01/01/2022,Osasuna,Mallorca,2,3,A,0,0,D,12,7,4,0,7,16,5,4,4,2,0,0,1.97,2.96,2.1,2021-22
SP1,08/01/2022,Osasuna,Almeria,1,0,H,1,0,H,17,10,5,2,11,14,3,1,1,1,0,0,3.19,3.57,2.83,2021-22
SP1,15/01/2022,Osasuna,Cadiz,0,0,D,0,0,D,16,9,10,2,10,10,2,2,3,1,0,1,3.0,3.03,4.45,2021-22
SP1,22/01/2022,Osasuna,Granada,0,0,H,0,0,D,9,6,5,4,14,13,8,1,4,0,0,0,1.96,3.27,4.23,2021-22
SP1,29/01/2022,Osasuna,Las Palmas,2,0,H,1,0,H,12,10,4,4,12,17,4,3,1,5,0,0,3.2,3.71,5.36,2021-22
SP1,05/02/2022,Osasuna,Leganes,1,0,H,1,0,H,16,8,4,6,9,11,5,7,1,1,0,0,3.1,3.34,3.14,2021-22
SP1,12/02/2022,Celta Vigo,Real Madrid,0,1,A,0,0,D,10,12,7,6,5,18,7,6,3,1,0,1,2.84,3.32,3.55,2021-22
SP1,19/02/2022,Celta Vigo,Barcelona,2,0,H,1,0,H,9,8,7,6,10,10,1,2,3,0,0,0,2.29,3.27,4.56,2021-22
SP1,26/02/2022,Celta Vigo,Atletico Madrid,0,1,A,0,0,D,13,14,2,2,13,7,3,3,3,1,0,0,2.3,3.78,3.61,2021-22
SP1,05/03/2022,Celta Vigo,Sevilla,2,2,A,0,0,D,11,12,6,3,12,13,4,4,0,3,0,0,4.4,3.52,2.38,2021-22
SP1,12/03/2022,Celta Vigo,Real Sociedad,1,4,A,1,1,D,16,16,7,5,22,10,4,4,2,1,1,0,1.68,2.91,3.39,2021-22
SP1,19/03/2022,Celta Vigo,Villarreal,2,2,D,1,0,H,15,8,7,0,12,11,7,6,2,1,0,0,2.6,3.48,4.01,2021-22
SP1,26/03/2022,Celta Vigo,Athletic Club,1,1,D,1,1,D,18,8,4,4,13,14,3,3,0,1,0,0,2.76,3.69,2.22,2021-22
SP1,02/04/2022,Celta Vigo,Valencia,5,0,H,0,0,D,10,12,5,4,7,15,5,5,2,1,0,0,3.29,3.21,5.99,2021-22
SP1,09/04/2022,Celta Vigo,Real Betis,4,2,H,1,0,H,12,11,7,4,10,11,6,4,1,2,0,0,3.63,3.1,5.87,2021-22
SP1,16/04/2022,Celta Vigo,Osasuna,1,1,A,1,0,H,16,17,4,4,9,8,7,2,2,1,0,0,3.64,2.95,5.46,2021-22
SP1,23/04/2022,Celta Vigo,Getafe,1,1,D,0,0,D,12,13,8,3,16,13,4,3,0,1,0,0,3.71,3.93,4.69,2021-22
SP1,30/04/2022,Celta Vigo,Rayo Vallecano,1,1,D,0,1,A,19,10,5,7,17,9,9,4,1,2,0,0,2.78,3.63,3.82,2021-22
SP1,07/05/2022,Celta Vigo,Girona,4,1,H,2,1,H,16,14,6,7,12,15,7,5,3,4,0,0,2.44,3.52,5.48,2021-22
SP1,14/05/2022,Celta Vigo,Mallorca,7,0,H,1,0,H,15,9,5,4,16,21,2,5,1,1,0,0,2.74,2.96,4.74,2021-22
SP1,21/05/2022,Celta Vigo,Almeria,4,4,D,0,0,D,12,8,1,2,14,13,9,3,2,5,0,0,3.82,2.85,4.92,2021-22
SP1,14/08/2021,Celta Vigo,Cadiz,5,1,H,1,1,D,16,10,3,6,13,12,3,4,3,1,1,0,1.63,2.94,5.45,2021-22
SP1,21/08/2021,Celta Vigo,Granada,1,1,D,1,0,H,9,3,4,2,12,11,4,6,4,2,0,0,2.4,3.51,3.49,2021-22
SP1,28/08/2021,Celta Vigo,Las Palmas,3,1,H,0,0,D,11,10,5,3,13,10,2,2,2,1,0,0,1.69,3.4,2.2,2021-22
SP1,04/09/2021,Celta Vigo,Leganes,1,0,H,1,0,H,10,8,9,3,10,14,6,3,5,1,0,0,1.63,3.82,5.22,2021-22
SP1,11/09/2021,Getafe,Real Madrid,0,0,H,0,0,D,10,12,11,6,12,7,7,3,1,4,0,0,3.28,3.92,1.82,2021-22
SP1,18/09/2021,Getafe,Barcelona,0,0,D,0,0,D,9,6,4,9,17,7,3,2,1,4,0,0,2.0,3.4,2.69,2021-22
SP1,25/09/2021,Getafe,Atletico Madrid,2,2,D,1,0,H,18,8,6,4,8,13,5,2,2,0,0,0,2.82,3.5,4.11,2021-22
SP1,02/10/2021,Getafe,Sevilla,3,0,H,0,0,D,14,11,3,4,13,12,5,4,3,2,0,0,1.79,3.57,4.82,2021-22
SP1,09/10/2021,Getafe,Real Sociedad,1,1,A,1,0,H,21,14,1,4,7,10,2,8,3,4,0,1,2.16,3.77,4.31,2021-22
SP1,16/10/2021,Getafe,Villarreal,1,1,D,1,1,D,9,9,2,5,13,16,1,7,0,2,0,0,2.07,3.72,4.35,2021-22
SP1,23/10/2021,Getafe,Athletic Club,1,1,D,0,1,A,13,8,4,6,13,12,3,4,0,1,1,0,3.54,3.21,3.82,2021-22
SP1,30/10/2021,Getafe,Valencia,2,4,A,0,0,D,9,9,5,3,13,15,6,5,4,3,0,0,2.2,3.43,3.48,2021-22
SP1,06/11/2021,Getafe,Real Betis,1,2,A,0,1,A,12,12,9,7,14,11,6,5,2,0,0,0,2.8,3.16,4.55,2021-22
SP1,13/11/2021,Getafe,Osasuna,1,1,D,0,1,A,16,8,5,6,21,12,4,3,0,3,0,0,3.86,2.83,5.89,2021-22
SP1,20/11/2021,Getafe,Celta Vigo,0,3,A,0,0,D,12,8,4,5,13,13,2,5,2,1,0,0,1.71,3.25,2.64,2021-22
SP1,27/11/2021,Getafe,Rayo Vallecano,0,2,A,0,1,A,16,8,8,1,15,12,5,1,2,1,0,0,1.78,3.75,5.31,2021-22
SP1,04/12/2021,Getafe,Girona,1,1,D,1,1,D,14,8,6,2,18,9,5,3,2,0,0,0,4.37,3.29,4.44,2021-22
SP1,11/12/2021,Getafe,Mallorca,1,2,A,0,0,D,12,13,0,2,14,11,5,4,1,1,0,0,1.54,3.3,5.05,2021-22
SP1,18/12/2021,Getafe,Almeria,1,1,A,0,1,A,20,11,5,5,16,9,2,5,0,2,0,0,2.88,3.86,2.41,2021-22
SP1,25/12/2021,Getafe,Cadiz,2,3,A,0,1,A,12,13,8,5,7,17,1,5,1,4,0,0,2.94,2.84,4.13,2021-22
SP1,01/01/2022,Getafe,Granada,2,2,H,0,0,D,15,9,11,3,7,11,3,2,3,4,0,0,4.05,3.14,3.56,2021-22
SP1,08/01/2022,Getafe,Las Palmas,2,2,A,0,0,D,13,10,3,7,7,14,3,6,2,1,0,0,2.02,3.09,5.07,2021-22
SP1,15/01/2022,Getafe,Leganes,3,1,H,1,0,H,12,12,2,2,10,8,4,4,2,0,0,0,2.23,3.17,1.96,2021-22
SP1,22/01/2022,Rayo Vallecano,Real Madrid,0,2,A,0,1,A,12,8,7,5,16,14,6,1,1,3,0,0,2.7,3.43,3.6,2021-22
SP1,29/01/2022,Rayo Vallecano,Barcelona,3,3,D,0,0,D,12,9,7,3,15,14,5,7,3,0,0,0,2.0,3.42,2.76,2021-22
SP1,05/02/2022,Rayo Vallecano,Atletico Madrid,3,3,D,1,2,A,6,15,5,5,13,5,3,4,1,0,0,0,1.7,2.89,5.99,2021-22
SP1,12/02/2022,Rayo Vallecano,Sevilla,1,1,A,1,0,H,21,6,7,0,14,15,4,4,3,3,0,0,2.6,3.99,5.86,2021-22
SP1,19/02/2022,Rayo Vallecano,Real Sociedad,1,1,D,1,1,D,14,14,6,2,13,14,5,6,0,1,0,1,1.51,3.23,4.32,2021-22
SP1,26/02/2022,Rayo Vallecano,Villarreal,1,2,H,1,0,H,6,8,3,4,10,16,1,3,2,1,0,0,3.41,2.91,3.03,2021-22
SP1,05/03/2022,Rayo Vallecano,Athletic Club,0,2,A,0,0,D,10,11,8,3,14,14,7,6,0,1,0,0,3.07,2.83,2.11,2021-22
SP1,12/03/2022,Rayo Vallecano,Valencia,2,1,A,2,1,H,16,13,4,3,14,15,6,2,2,2,0,0,3.2,3.57,2.66,2021-22
SP1,19/03/2022,Rayo Vallecano,Real Betis,2,1,H,2,0,H,17,7,4,3,15,10,6,4,0,3,0,0,2.5,2.96,2.92,2021-22
SP1,26/03/2022,Rayo Vallecano,Osasuna,1,0,H,1,0,H,8,6,8,6,12,11,8,4,1,2,0,0,1.75,3.45,5.96,2021-22
SP1,02/04/2022,Rayo Vallecano,Celta Vigo,2,2,A,0,1,A,17,9,8,4,10,14,5,4,3,1,0,0,4.25,3.95,5.48,2021-22
SP1,09/04/2022,Rayo Vallecano,Getafe,1,0,H,1,0,H,10,10,6,5,9,17,10,7,1,4,0,0,3.11,3.6,5.04,2021-22
SP1,16/04/2022,Rayo Vallecano,Girona,1,1,H,1,1,D,15,16,3,7,14,11,2,5,2,1,0,0,2.44,3.82,4.59,2021-22
SP1,23/04/2022,Rayo Vallecano,Mallorca,3,3,D,0,0,D,11,15,8,9,11,9,2,5,2,1,0,0,2.46,2.8,5.59,2021-22
SP1,30/04/2022,Rayo Vallecano,Almeria,2,1,H,0,0,D,8,9,6,1,10,8,4,5,2,0,0,0,2.92,2.84,2.75,2021-22
SP1,07/05/2022,Rayo Vallecano,Cadiz,3,0,H,0,0,D,17,9,6,4,12,6,6,2,2,3,0,0,2.45,3.13,5.11,2021-22
SP1,14/05/2022,Rayo Vallecano,Granada,0,2,A,0,0,D,17,12,5,4,7,11,3,3,2,1,0,0,4.21,3.77,2.2,2021-22
SP1,21/05/2022,Rayo Vallecano,Las Palmas,1,1,H,0,1,A,13,19,9,4,12,14,12,9,0,1,0,0,3.64,3.44,2.79,2021-22
SP1,14/08/2021,Rayo Vallecano,Leganes,1,1,D,1,1,D,9,17,2,3,17,12,4,1,3,1,0,0,3.97,2.93,3.92,2021-22
SP1,21/08/2021,Girona,Real Madrid,2,1,H,0,1,A,19,10,4,6,7,8,9,5,3,3,0,0,3.05,3.35,4.14,2021-22
SP1,28/08/2021,Girona,Barcelona,1,8,A,1,1,D,13,14,5,5,10,18,3,2,2,2,0,0,2.07,3.36,5.6,2021-22
SP1,04/09/2021,Girona,Atletico Madrid,2,1,A,0,1,A,10,16,7,3,8,9,4,10,1,2,0,0,3.03,2.81,3.78,2021-22
SP1,11/09/2021,Girona,Sevilla,0,0,D,0,0,D,11,10,2,2,8,15,7,5,2,2,0,0,4.27,3.19,4.58,2021-22
SP1,18/09/2021,Girona,Real Sociedad,0,2,A,0,1,A,10,8,10,5,12,10,3,5,1,1,0,0,4.01,3.01,3.8,2021-22
SP1,25/09/2021,Girona,Villarreal,3,2,H,2,0,H,15,7,4,4,19,8,5,2,3,2,0,0,3.86,3.32,5.93,2021-22
SP1,02/10/2021,Girona,Athletic Club,0,0,D,0,0,D,17,5,6,9,11,13,2,2,2,3,0,0,3.59,2.96,5.01,2021-22
SP1,09/10/2021,Girona,Valencia,1,2,A,1,1,D,19,10,7,3,13,6,3,7,2,1,0,0,2.32,2.84,3.12,2021-22
SP1,16/10/2021,Girona,Real Betis,0,0,D,0,0,D,12,9,3,3,14,12,3,5,1,3,0,0,4.03,3.4,5.92,2021-22
SP1,23/10/2021,Girona,Osasuna,1,1,H,0,0,D,14,7,7,6,17,10,6,1,2,5,1,0,3.95,3.82,2.19,2021-22
SP1,30/10/2021,Girona,Celta Vigo,2,0,A,1,0,H,10,9,3,4,14,12,5,3,1,1,1,0,2.66,3.51,2.18,2021-22
SP1,06/11/2021,Girona,Getafe,0,3,A,0,1,A,10,10,4,5,10,9,8,7,3,0,0,0,2.95,3.34,3.09,2021-22
SP1,13/11/2021,Girona,Rayo Vallecano,5,5,D,0,0,D,10,11,4,3,21,10,7,5,2,1,0,0,1.77,3.38,4.72,2021-22
SP1,20/11/2021,Girona,Mallorca,1,0,H,0,0,D,12,8,5,4,13,7,4,4,0,1,0,2,3.44,3.72,5.35,2021-22
SP1,27/11/2021,Girona,Almeria,1,0,H,1,0,H,10,5,4,4,17,17,4,6,1,2,0,0,3.31,3.93,3.0,2021-22
SP1,04/12/2021,Girona,Cadiz,0,1,H,0,1,A,12,18,8,1,15,12,5,5,2,0,0,0,1.83,2.99,3.82,2021-22
SP1,11/12/2021,Girona,Granada,0,0,D,0,0,D,8,12,3,4,13,12,3,5,0,4,0,0,2.51,2.97,1.86,2021-22
SP1,18/12/2021,Girona,Las Palmas,1,1,D,0,0,D,8,8,7,3,9,19,7,2,4,2,0,0,2.15,3.43,2.49,2021-22
SP1,25/12/2021,Girona,Leganes,0,0,D,0,0,D,12,9,2,6,5,18,2,2,4,3,0,0,2.73,3.85,5.06,2021-22
SP1,01/01/2022,Mallorca,Real Madrid,1,0,A,0,0,D,9,9,6,2,14,15,6,0,2,4,0,0,4.02,3.72,4.99,2021-22
SP1,08/01/2022,Mallorca,Barcelona,4,2,H,0,0,D,14,9,0,7,12,8,4,2,3,1,0,0,2.64,3.29,3.48,2021-22
SP1,15/01/2022,Mallorca,Atletico Madrid,2,1,A,1,0,H,19,8,7,2,19,13,7,0,1,1,0,0,3.86,3.28,4.72,2021-22
SP1,22/01/2022,Mallorca,Sevilla,0,3,A,0,1,A,12,10,5,4,10,7,5,2,2,2,0,1,4.42,3.64,2.06,2021-22
SP1,29/01/2022,Mallorca,Real Sociedad,1,0,H,0,0,D,10,9,6,2,10,9,7,5,2,1,0,0,2.08,3.68,2.64,2021-22
SP1,05/02/2022,Mallorca,Villarreal,2,2,D,0,2,A,14,9,7,6,13,16,4,6,1,1,0,0,4.02,3.95,4.17,2021-22
SP1,12/02/2022,Mallorca,Athletic Club,1,3,A,0,1,A,12,8,7,3,11,8,5,3,3,3,0,0,2.55,3.27,3.61,2021-22
SP1,19/02/2022,Mallorca,Valencia,1,0,H,1,0,H,12,11,4,5,12,13,5,2,2,1,0,0,2.51,3.82,2.58,2021-22
SP1,26/02/2022,Mallorca,Real Betis,0,0,D,0,0,D,11,10,9,4,14,8,5,1,1,2,0,0,2.97,3.92,5.8,2021-22
SP1,05/03/2022,Mallorca,Osasuna,1,1,D,0,1,A,16,10,4,4,14,12,3,5,3,2,0,0,3.48,3.67,4.09,2021-22
SP1,12/03/2022,Mallorca,Celta Vigo,0,2,H,0,2,A,17,8,4,7,11,13,2,4,1,2,0,0,4.02,3.69,5.14,2021-22
SP1,19/03/2022,Mallorca,Getafe,3,0,H,0,0,D,12,11,3,8,8,11,2,3,3,2,0,0,2.59,2.93,4.96,2021-22
SP1,26/03/2022,Mallorca,Rayo Vallecano,3,3,D,0,0,D,15,7,6,8,15,18,13,0,0,2,0,0,4.37,3.69,5.1,2021-22
SP1,02/04/2022,Mallorca,Girona,0,1,A,0,1,A,9,10,3,6,15,10,6,4,2,1,0,0,2.27,3.08,3.88,2021-22
SP1,09/04/2022,Mallorca,Almeria,0,3,H,0,0,D,16,10,4,6,16,14,2,4,0,1,0,0,1.61,3.54,2.15,2021-22
SP1,16/04/2022,Mallorca,Cadiz,3,0,H,2,0,H,10,12,4,1,5,4,8,2,2,3,0,0,3.11,3.68,5.38,2021-22
SP1,23/04/2022,Mallorca,Granada,1,1,D,1,1,D,10,11,4,4,19,6,6,4,2,2,1,0,2.84,3.05,5.93,2021-22
SP1,30/04/2022,Mallorca,Las Palmas,2,0,H,0,0,D,12,9,4,4,14,7,7,1,1,3,0,1,3.57,3.93,3.97,2021-22
SP1,07/05/2022,Mallorca,Leganes,4,1,H,1,1,D,16,19,3,3,11,7,1,6,2,1,1,0,1.75,3.51,3.55,2021-22
SP1,14/05/2022,Almeria,Real Madrid,3,1,H,0,1,A,20,19,5,7,13,4,3,5,2,6,0,1,1.56,3.17,2.32,2021-22
SP1,21/05/2022,Almeria,Barcelona,1,1,D,0,0,D,13,12,7,4,10,13,2,0,0,2,0,0,2.47,3.04,3.75,2021-22
SP1,14/08/2021,Almeria,Atletico Madrid,2,1,A,0,1,A,12,15,2,3,11,12,5,6,2,0,0,0,3.85,3.82,4.19,2021-22
SP1,21/08/2021,Almeria,Sevilla,4,0,H,2,0,H,13,5,3,2,12,10,8,6,2,1,0,0,4.25,3.87,5.17,2021-22
SP1,28/08/2021,Almeria,Real Sociedad,1,1,H,1,1,D,14,5,6,2,9,8,2,5,3,2,0,0,3.1,3.46,2.17,2021-22
SP1,04/09/2021,Almeria,Villarreal,2,2,D,0,1,A,15,9,9,1,15,8,6,1,6,4,0,0,2.85,2.9,3.62,2021-22
SP1,11/09/2021,Almeria,Athletic Club,5,0,H,2,0,H,15,16,5,3,13,18,3,3,2,1,0,0,3.5,3.66,4.1,2021-22
SP1,18/09/2021,Almeria,Valencia,0,1,H,0,0,D,14,7,5,5,14,13,3,2,1,0,0,0,1.66,3.93,5.62,2021-22
SP1,25/09/2021,Almeria,Real Betis,1,0,H,1,0,H,10,5,5,4,9,9,5,1,2,1,0,0,4.45,3.81,1.88,2021-22
SP1,02/10/2021,Almeria,Osasuna,1,3,A,1,0,H,17,9,7,2,12,12,4,4,4,1,0,0,3.71,3.81,5.66,2021-22
SP1,09/10/2021,Almeria,Celta Vigo,6,1,H,1,0,H,11,9,3,7,5,10,8,7,2,1,0,0,2.09,4.0,2.7,2021-22
SP1,16/10/2021,Almeria,Getafe,2,1,H,2,0,H,14,11,4,2,9,15,3,2,3,3,0,0,2.06,3.68,5.88,2021-22
SP1,23/10/2021,Almeria,Rayo Vallecano,3,0,H,0,0,D,18,12,6,3,20,10,4,1,1,1,0,0,4.15,3.51,1.93,2021-22
SP1,30/10/2021,Almeria,Girona,0,2,H,0,0,D,11,12,7,2,18,18,3,3,3,5,0,0,1.9,3.56,4.67,2021-22
SP1,06/11/2021,Almeria,Mallorca,2,2,A,2,1,H,12,19,3,7,8,13,4,5,1,4,0,0,3.68,3.45,3.99,2021-22
SP1,13/11/2021,Almeria,Cadiz,4,0,H,1,0,H,13,13,4,4,14,12,1,7,2,2,0,0,4.4,3.08,4.2,2021-22
SP1,20/11/2021,Almeria,Granada,2,2,D,0,0,D,13,5,4,1,10,9,4,4,3,2,0,0,2.2,3.65,4.63,2021-22
SP1,27/11/2021,Almeria,Las Palmas,1,0,H,0,0,D,15,11,5,2,9,16,1,2,4,0,0,0,3.26,2.84,4.33,2021-22
SP1,04/12/2021,Almeria,Leganes,0,0,D,0,0,D,14,7,6,1,8,11,6,3,2,1,0,0,2.4,3.37,2.52,2021-22
SP1,11/12/2021,Cadiz,Real Madrid,1,1,D,0,1,A,10,8,6,1,12,7,6,8,2,2,0,0,2.16,3.88,2.32,2021-22
SP1,18/12/2021,Cadiz,Barcelona,1,1,A,1,1,D,14,7,3,5,11,6,7,2,0,2,0,0,3.79,3.22,2.12,2021-22
SP1,25/12/2021,Cadiz,Atletico Madrid,1,2,A,1,0,H,20,8,2,6,12,14,5,2,1,1,0,0,3.12,3.34,3.38,2021-22
SP1,01/01/2022,Cadiz,Sevilla,1,1,D,1,0,H,17,10,9,5,12,16,1,2,4,0,2,1,2.4,3.38,3.14,2021-22
SP1,08/01/2022,Cadiz,Real Sociedad,0,1,A,0,0,D,16,8,8,6,8,6,7,6,4,6,0,0,3.67,2.86,2.46,2021-22
SP1,15/01/2022,Cadiz,Villarreal,2,2,D,1,1,D,16,14,2,5,16,18,3,8,1,2,0,0,4.02,4.0,5.17,2021-22
SP1,22/01/2022,Cadiz,Athletic Club,1,1,A,0,0,D,16,9,4,3,12,11,7,7,2,3,0,0,1.86,3.69,5.06,2021-22
SP1,29/01/2022,Cadiz,Valencia,2,0,H,2,0,H,15,13,5,4,17,12,3,3,3,0,0,1,2.99,3.72,4.7,2021-22
SP1,05/02/2022,Cadiz,Real Betis,0,3,A,0,1,A,11,10,3,5,15,8,7,7,2,1,0,1,2.99,2.87,3.61,2021-22
SP1,12/02/2022,Cadiz,Osasuna,1,2,H,0,0,D,7,9,4,3,11,9,7,3,7,0,0,0,2.88,3.69,4.44,2021-22
SP1,19/02/2022,Cadiz,Celta Vigo,2,0,H,0,0,D,7,8,2,3,9,14,10,3,2,1,0,0,4.08,3.6,2.13,2021-22
SP1,26/02/2022,Cadiz,Getafe,3,1,H,1,0,H,7,9,2,6,10,9,2,5,2,2,0,0,2.65,3.19,3.21,2021-22
SP1,05/03/2022,Cadiz,Rayo Vallecano,3,3,D,1,0,H,10,8,6,6,12,9,3,8,4,1,0,0,4.03,3.35,2.82,2021-22
SP1,12/03/2022,Cadiz,Girona,2,1,A,2,0,H,21,12,6,3,8,13,4,2,3,3,0,0,2.04,2.91,5.9,2021-22
SP1,19/03/2022,Cadiz,Mallorca,0,1,A,0,0,D,17,12,3,3,7,8,3,3,2,2,0,0,4.05,3.69,4.04,2021-22
SP1,26/03/2022,Cadiz,Almeria,2,1,H,2,1,H,13,7,5,2,7,14,7,7,3,1,0,0,3.09,3.54,2.34,2021-22
SP1,02/04/2022,Cadiz,Granada,0,0,D,0,0,D,16,12,4,3,9,7,4,8,4,2,0,0,1.6,3.43,3.25,2021-22
SP1,09/04/2022,Cadiz,Las Palmas,1,1,H,1,0,H,6,7,7,6,14,9,6,1,3,0,0,0,3.71,3.43,2.21,2021-22
SP1,16/04/2022,Cadiz,Leganes,1,2,H,0,2,A,14,8,5,2,8,10,4,3,3,1,0,0,2.0,3.85,1.96,2021-22
SP1,23/04/2022,Granada,Real Madrid,0,2,A,0,1,A,14,10,3,5,11,11,5,6,2,2,0,0,4.26,3.08,5.26,2021-22
SP1,30/04/2022,Granada,Barcelona,1,2,A,0,1,A,9,7,7,2,20,12,3,2,4,3,0,0,2.9,3.11,3.67,2021-22
SP1,07/05/2022,Granada,Atletico Madrid,1,1,H,1,0,H,17,13,2,1,9,10,5,5,3,3,0,1,2.11,3.08,5.22,2021-22
SP1,14/05/2022,Granada,Sevilla,0,2,A,0,2,A,13,11,3,4,18,12,5,7,2,4,0,0,3.42,3.07,5.86,2021-22
SP1,21/05/2022,Granada,Real Sociedad,0,2,A,0,1,A,9,14,7,1,11,11,7,2,3,4,0,0,2.32,3.52,4.67,2021-22
SP1,14/08/2021,Granada,Villarreal,0,0,D,0,0,D,13,7,4,5,18,11,6,6,2,1,0,0,1.79,3.66,4.03,2021-22
SP1,21/08/2021,Granada,Athletic Club,2,2,D,2,0,H,12,11,7,1,12,12,2,5,1,3,0,0,1.91,3.94,2.27,2021-22
SP1,28/08/2021,Granada,Valencia,0,0,H,0,0,D,11,12,5,4,13,11,2,3,2,4,0,0,2.44,3.8,3.43,2021-22
SP1,04/09/2021,Granada,Real Betis,2,2,D,0,0,D,15,8,3,3,15,11,5,2,4,2,0,0,1.53,3.59,5.79,2021-22
SP1,11/09/2021,Granada,Osasuna,2,0,H,1,0,H,17,7,6,6,11,5,4,3,7,2,0,0,4.43,2.83,4.42,2021-22
SP1,18/09/2021,Granada,Celta Vigo,1,1,A,0,0,D,11,12,7,7,12,12,4,7,1,1,0,1,2.06,2.93,3.37,2021-22
SP1,25/09/2021,Granada,Getafe,0,0,D,0,0,D,14,8,7,11,10,10,1,1,2,3,0,0,3.31,3.74,4.75,2021-22
SP1,02/10/2021,Granada,Rayo Vallecano,1,0,H,0,0,D,21,5,8,2,11,9,7,5,3,3,0,0,2.89,3.6,3.18,2021-22
SP1,09/10/2021,Granada,Girona,4,3,A,2,0,H,11,12,6,4,16,14,4,2,5,2,0,0,3.58,2.82,2.46,2021-22
SP1,16/10/2021,Granada,Mallorca,3,0,H,1,0,H,16,9,7,2,11,9,8,3,1,1,0,0,2.6,3.64,3.59,2021-22
SP1,23/10/2021,Granada,Almeria,2,0,H,1,0,H,7,12,7,3,14,9,3,0,5,3,0,0,4.03,3.18,3.8,2021-22
SP1,30/10/2021,Granada,Cadiz,3,0,H,0,0,D,21,8,5,4,13,9,6,5,0,2,1,0,2.76,3.42,2.46,2021-22
SP1,06/11/2021,Granada,Las Palmas,1,1,D,1,0,H,8,11,6,3,12,8,2,1,0,3,0,0,1.71,3.09,3.13,2021-22
SP1,13/11/2021,Granada,Leganes,2,1,H,2,0,H,11,7,6,3,13,8,2,4,3,2,0,1,3.64,3.63,3.3,2021-22
SP1,20/11/2021,Las Palmas,Real Madrid,0,3,A,0,0,D,8,4,7,1,8,9,1,6,3,2,0,0,2.26,3.24,3.23,2021-22
SP1,27/11/2021,Las Palmas,Barcelona,0,1,A,0,0,D,14,11,7,4,13,12,8,3,2,1,0,1,4.37,3.68,2.52,2021-22
SP1,04/12/2021,Las Palmas,Atletico Madrid,2,2,D,1,0,H,16,10,9,5,12,17,5,10,2,1,0,0,1.68,3.1,1.96,2021-22
SP1,11/12/2021,Las Palmas,Sevilla,1,1,D,0,0,D,15,6,2,4,7,8,8,5,1,2,1,0,3.77,3.73,4.49,2021-22
SP1,18/12/2021,Las Palmas,Real Sociedad,3,1,H,0,1,A,15,14,4,5,9,16,3,3,1,1,0,0,1.88,3.0,2.7,2021-22
SP1,25/12/2021,Las Palmas,Villarreal,0,2,A,0,0,D,10,9,3,4,11,16,2,5,5,2,0,0,1.77,3.73,4.51,2021-22
SP1,01/01/2022,Las Palmas,Athletic Club,6,2,H,0,0,D,23,14,5,6,9,17,5,3,1,1,0,0,2.99,3.31,3.03,2021-22
SP1,08/01/2022,Las Palmas,Valencia,3,2,H,2,0,H,16,12,7,10,10,8,9,7,6,2,0,0,2.2,2.83,3.68,2021-22
SP1,15/01/2022,Las Palmas,Real Betis,0,2,A,0,1,A,11,8,5,2,17,13,3,4,0,0,0,0,3.51,3.04,3.78,2021-22
SP1,22/01/2022,Las Palmas,Osasuna,2,0,H,1,0,H,14,11,4,6,12,5,6,5,2,3,0,0,2.92,3.73,5.16,2021-22
SP1,29/01/2022,Las Palmas,Celta Vigo,0,2,A,0,1,A,11,13,6,2,15,19,4,0,2,3,0,1,4.16,3.11,3.15,2021-22
SP1,05/02/2022,Las Palmas,Getafe,2,0,A,1,0,H,8,8,5,1,11,12,6,5,1,1,0,0,3.56,3.45,3.07,2021-22
SP1,12/02/2022,Las Palmas,Rayo Vallecano,0,1,H,0,0,D,13,14,4,2,13,12,7,5,2,5,0,0,2.36,3.16,2.26,2021-22
SP1,19/02/2022,Las Palmas,Girona,1,1,H,1,1,D,7,7,4,6,11,13,7,1,2,2,0,0,1.86,2.96,4.53,2021-22
SP1,26/02/2022,Las Palmas,Mallorca,2,0,H,2,0,H,17,6,3,4,9,7,3,7,2,1,0,0,3.97,2.84,3.38,2021-22
SP1,05/03/2022,Las Palmas,Almeria,1,1,D,1,0,H,16,10,4,4,12,12,9,1,3,2,0,1,2.13,3.42,5.07,2021-22
SP1,12/03/2022,Las Palmas,Cadiz,3,3,D,0,0,D,16,11,7,4,13,19,3,4,2,2,1,0,3.19,3.59,5.47,2021-22
SP1,19/03/2022,Las Palmas,Granada,1,1,H,0,1,A,11,9,1,7,11,11,2,3,3,0,0,0,3.63,3.49,2.45,2021-22
SP1,26/03/2022,Las Palmas,Leganes,1,1,D,1,1,D,13,10,4,2,14,10,4,2,0,1,0,0,3.33,3.15,4.21,2021-22
SP1,02/04/2022,Leganes,Real Madrid,2,0,H,0,0,D,17,15,5,5,13,19,1,4,0,2,1,0,4.4,3.36,4.73,2021-22
SP1,09/04/2022,Leganes,Barcelona,4,0,H,0,0,D,15,12,3,3,13,11,7,1,5,2,0,0,2.95,3.87,4.26,2021-22
SP1,16/04/2022,Leganes,Atletico Madrid,0,4,A,0,0,D,16,9,10,10,17,8,4,0,2,5,0,0,4.47,3.55,5.33,2021-22
SP1,23/04/2022,Leganes,Sevilla,2,0,H,0,0,D,15,9,5,2,12,20,3,1,2,3,0,0,2.3,3.56,3.71,2021-22
SP1,30/04/2022,Leganes,Real Sociedad,2,1,H,2,1,H,22,12,10,5,16,10,4,3,1,1,0,0,4.29,3.04,2.27,2021-22
SP1,07/05/2022,Leganes,Villarreal,0,1,A,0,1,A,17,6,5,4,7,13,3,4,1,1,0,0,3.04,3.99,5.23,2021-22
SP1,14/05/2022,Leganes,Athletic Club,1,1,D,1,0,H,17,10,8,6,10,20,6,2,2,2,1,0,2.87,2.93,5.55,2021-22
SP1,21/05/2022,Leganes,Valencia,1,1,D,1,1,D,12,10,6,4,14,11,5,2,1,3,0,0,2.68,2.95,3.73,2021-22
SP1,14/08/2021,Leganes,Real Betis,0,3,A,0,1,A,10,15,2,1,15,9,6,5,4,2,1,0,4.06,2.87,4.1,2021-22
SP1,21/08/2021,Leganes,Osasuna,1,2,H,0,1,A,11,7,6,5,14,5,5,2,4,2,0,0,4.48,3.03,3.87,2021-22
SP1,28/08/2021,Leganes,Celta Vigo,3,0,H,1,0,H,9,10,4,7,8,7,1,1,0,2,0,0,3.95,3.87,3.71,2021-22
SP1,04/09/2021,Leganes,Getafe,1,1,D,1,1,D,12,14,4,3,10,12,5,8,2,3,0,0,3.54,3.18,4.51,2021-22
SP1,11/09/2021,Leganes,Rayo Vallecano,2,1,H,1,1,D,10,13,7,4,15,12,5,5,2,2,0,0,3.28,3.49,3.48,2021-22
SP1,18/09/2021,Leganes,Girona,1,1,D,0,1,A,19,11,8,5,11,11,6,4,1,2,1,0,2.36,3.2,5.86,2021-22
SP1,25/09/2021,Leganes,Mallorca,0,3,A,0,1,A,15,7,3,3,10,16,2,3,0,1,0,0,4.13,3.82,4.64,2021-22
SP1,02/10/2021,Leganes,Almeria,0,2,A,0,1,A,22,9,4,5,11,10,5,8,4,2,1,1,2.75,2.88,1.98,2021-22
SP1,09/10/2021,Leganes,Cadiz,1,1,A,0,0,D,12,9,6,1,11,14,8,6,2,3,0,0,1.82,2.94,4.31,2021-22
SP1,16/10/2021,Leganes,Granada,0,3,A,0,1,A,15,9,5,3,16,9,4,7,3,1,0,0,2.72,3.33,3.83,2021-22
SP1,23/10/2021,Leganes,Las Palmas,1,1,H,0,0,D,16,10,1,2,14,15,2,3,2,3,0,0,2.56,3.59,4.55,2021-22
SP1,12/08/2022,Real Madrid,Barcelona,1,3,A,1,1,D,12,8,7,4,11,13,7,3,1,2,0,0,4.47,3.5,4.75,2022-23
SP1,19/08/2022,Real Madrid,Atletico Madrid,2,1,H,0,0,D,9,11,5,5,14,15,6,4,2,2,0,0,4.22,3.16,2.21,2022-23
SP1,26/08/2022,Real Madrid,Sevilla,1,0,A,1,0,H,18,10,3,4,18,8,5,4,2,2,0,0,3.69,3.0,2.54,2022-23
SP1,02/09/2022,Real Madrid,Real Sociedad,3,1,H,0,1,A,13,14,3,3,18,8,7,3,6,3,0,0,1.54,3.35,3.64,2022-23
SP1,09/09/2022,Real Madrid,Villarreal,3,3,H,2,1,H,11,11,4,2,12,16,6,7,2,4,0,1,4.1,3.84,5.35,2022-23
SP1,16/09/2022,Real Madrid,Athletic Club,0,2,A,0,2,A,15,11,5,6,16,13,7,0,0,3,1,0,1.74,3.12,3.2,2022-23
SP1,23/09/2022,Real Madrid,Valencia,0,0,D,0,0,D,16,7,8,4,7,15,7,5,1,3,0,0,4.4,3.19,5.26,2022-23
SP1,30/09/2022,Real Madrid,Real Betis,3,3,D,2,1,H,15,11,8,3,12,13,4,4,3,2,0,0,1.68,3.45,2.21,2022-23
SP1,07/10/2022,Real Madrid,Osasuna,0,5,A,0,1,A,11,6,4,4,16,13,8,2,3,1,0,0,3.26,3.49,5.28,2022-23
SP1,14/10/2022,Real Madrid,Celta Vigo,2,2,A,0,0,D,11,10,2,4,12,11,8,2,1,2,0,0,2.89,3.15,2.72,2022-23
SP1,21/10/2022,Real Madrid,Getafe,2,2,H,0,0,D,14,9,6,4,13,6,3,4,0,1,0,0,4.38,3.51,3.8,2022-23
SP1,28/10/2022,Real Madrid,Rayo Vallecano,5,0,H,2,0,H,13,10,4,5,17,9,6,6,2,2,0,0,3.53,4.0,3.19,2022-23
SP1,04/11/2022,Real Madrid,Girona,3,2,H,2,2,D,13,15,4,4,7,10,4,6,3,2,0,0,4.19,3.78,4.85,2022-23
SP1,11/11/2022,Real Madrid,Mallorca,0,1,A,0,1,A,15,16,3,5,13,16,2,3,3,2,0,0,3.47,2.9,5.11,2022-23
SP1,18/11/2022,Real Madrid,Almeria,2,1,H,0,0,D,20,9,5,4,9,8,6,5,1,2,0,0,3.83,3.19,2.71,2022-23
SP1,25/11/2022,Real Madrid,Cadiz,4,1,H,0,0,D,10,7,6,5,13,12,8,5,3,1,0,0,4.36,3.71,4.28,2022-23
SP1,02/12/2022,Real Madrid,Granada,0,3,A,0,1,A,14,14,6,1,16,15,4,2,1,1,0,0,3.32,3.06,3.58,2022-23
SP1,09/12/2022,Real Madrid,Las Palmas,1,3,A,1,1,D,10,12,2,0,8,9,6,9,3,2,1,0,3.0,2.95,3.91,2022-23
SP1,16/12/2022,Real Madrid,Leganes,1,0,H,0,0,D,10,11,6,5,15,14,5,5,3,0,0,0,1.97,3.41,2.06,2022-23
SP1,23/12/2022,Barcelona,Real Madrid,1,1,D,0,0,D,10,18,8,1,6,12,1,5,3,3,0,0,2.8,3.42,3.96,2022-23
SP1,30/12/2022,Barcelona,Atletico Madrid,1,1,A,1,1,D,19,16,5,2,9,10,2,1,1,2,0,0,3.56,3.65,5.42,2022-23
SP1,06/01/2023,Barcelona,Sevilla,1,2,A,0,0,D,8,8,9,3,12,9,4,3,4,1,0,0,2.82,3.44,4.3,2022-23
SP1,13/01/2023,Barcelona,Real Sociedad,2,2,D,2,1,H,13,6,5,2,7,12,5,6,3,2,1,0,3.17,3.62,4.83,2022-23
SP1,20/01/2023,Barcelona,Villarreal,1,1,D,1,1,D,20,12,4,3,15,10,2,4,1,2,0,0,3.43,3.95,4.95,2022-23
SP1,27/01/2023,Barcelona,Athletic Club,4,1,H,0,0,D,8,8,8,6,17,10,8,3,3,3,0,0,4.19,3.61,3.51,2022-23
SP1,03/02/2023,Barcelona,Valencia,0,3,A,0,0,D,13,9,4,10,18,10,6,2,3,0,0,0,3.56,3.88,3.66,2022-23
SP1,10/02/2023,Barcelona,Real Betis,1,0,A,0,0,D,17,7,2,5,9,12,4,4,1,4,0,0,3.03,3.57,2.64,2022-23
SP1,17/02/2023,Barcelona,Osasuna,4,2,H,0,2,A,11,10,3,4,10,11,4,9,3,2,0,0,3.41,3.31,2.01,2022-23
SP1,24/02/2023,Barcelona,Celta Vigo,0,0,D,0,0,D,9,8,5,6,18,8,4,6,3,3,0,0,2.28,3.79,1.92,2022-23
SP1,03/03/2023,Barcelona,Getafe,0,0,D,0,0,D,12,7,7,6,9,7,3,4,3,0,0,0,2.07,3.56,5.29,2022-23
SP1,10/03/2023,Barcelona,Rayo Vallecano,2,3,H,0,0,D,6,6,3,4,12,8,5,3,4,2,0,0,2.15,2.83,4.3,2022-23
SP1,17/03/2023,Barcelona,Girona,0,0,A,0,0,D,12,10,11,7,7,16,5,5,0,2,0,0,2.08,3.72,4.34,2022-23
SP1,24/03/2023,Barcelona,Mallorca,1,1,D,0,0,D,14,10,6,3,11,12,4,4,3,0,0,0,1.85,3.9,4.11,2022-23
SP1,31/03/2023,Barcelona,Almeria,0,0,H,0,0,D,13,12,3,6,16,10,3,3,2,2,0,0,4.4,3.29,6.0,2022-23
SP1,07/04/2023,Barcelona,Cadiz,1,1,D,1,1,D,14,8,5,6,8,14,1,5,1,1,0,0,3.95,3.45,5.47,2022-23
SP1,14/04/2023,Barcelona,Granada,2,2,D,0,1,A,11,9,2,4,11,18,7,7,0,1,0,0,4.41,3.71,2.56,2022-23
SP1,21/04/2023,Barcelona,Las Palmas,0,5,A,0,0,D,11,12,11,5,7,12,6,6,2,1,0,0,3.6,3.69,5.98,2022-23
SP1,28/04/2023,Barcelona,Leganes,4,4,D,0,1,A,17,11,3,3,5,22,7,3,2,5,0,0,2.84,3.58,4.73,2022-23
SP1,05/05/2023,Atletico Madrid,Real Madrid,1,1,H,0,1,A,19,12,7,4,17,11,7,4,2,3,0,0,4.11,3.59,5.08,2022-23
SP1,12/05/2023,Atletico Madrid,Barcelona,1,0,H,1,0,H,20,12,7,3,12,19,8,1,0,5,0,1,2.64,2.98,4.46,2022-23
SP1,19/05/2023,Atletico Madrid,Sevilla,2,1,H,1,0,H,13,11,5,3,16,9,2,3,1,0,0,0,4.09,3.07,5.33,2022-23
SP1,26/05/2023,Atletico Madrid,Real Sociedad,2,2,A,0,0,D,19,9,5,3,10,12,6,5,5,2,0,0,4.14,2.84,2.15,2022-23
SP1,02/06/2023,Atletico Madrid,Villarreal,0,0,D,0,0,D,16,7,7,3,11,13,4,5,1,2,0,0,1.86,3.71,2.69,2022-23
SP1,12/08/2022,Atletico Madrid,Athletic Club,1,1,D,0,0,D,15,11,3,6,9,8,6,7,3,1,0,0,1.72,2.98,5.0,2022-23
SP1,19/08/2022,Atletico Madrid,Valencia,0,0,H,0,0,D,11,11,10,7,19,12,5,4,2,1,0,0,3.0,3.1,2.62,2022-23
SP1,26/08/2022,Atletico Madrid,Real Betis,2,2,D,1,1,D,22,8,4,3,14,7,4,7,1,0,0,0,3.58,3.68,5.18,2022-23
SP1,02/09/2022,Atletico Madrid,Osasuna,1,1,H,0,1,A,13,9,9,4,10,13,6,4,4,2,0,0,3.03,3.28,1.87,2022-23
SP1,09/09/2022,Atletico Madrid,Celta Vigo,4,0,H,0,0,D,12,13,8,4,8,7,5,5,0,1,0,0,1.56,3.34,2.75,2022-23
SP1,16/09/2022,Atletico Madrid,Getafe,0,0,D,0,0,D,10,6,6,5,8,12,2,7,3,3,0,0,1.6,3.01,5.01,2022-23
SP1,23/09/2022,Atletico Madrid,Rayo Vallecano,2,2,H,2,1,H,13,10,9,2,16,14,2,4,2,2,0,0,3.79,3.33,4.32,2022-23
SP1,30/09/2022,Atletico Madrid,Girona,2,2,D,1,2,A,13,9,6,6,13,16,7,4,2,3,0,0,2.69,3.38,4.74,2022-23
SP1,07/10/2022,Atletico Madrid,Mallorca,1,1,A,0,0,D,8,9,8,4,16,8,2,2,5,0,0,1,3.43,3.24,2.53,2022-23
SP1,14/10/2022,Atletico Madrid,Almeria,3,1,H,0,0,D,12,8,7,2,12,10,6,5,3,4,0,0,3.67,3.8,4.34,2022-23
SP1,21/10/2022,Atletico Madrid,Cadiz,3,3,D,1,0,H,15,5,5,5,11,10,6,6,2,3,0,0,3.68,3.19,4.01,2022-23
SP1,28/10/2022,Atletico Madrid,Granada,1,6,A,0,1,A,14,14,7,3,19,11,5,5,1,3,0,0,3.82,2.97,4.17,2022-23
SP1,04/11/2022,Atletico Madrid,Las Palmas,4,0,H,1,0,H,17,12,5,5,7,12,5,3,2,0,0,0,2.98,3.71,1.82,2022-23
SP1,11/11/2022,Atletico Madrid,Leganes,3,1,H,1,0,H,20,3,5,3,17,9,4,5,2,0,0,0,2.34,3.89,3.65,2022-23
SP1,18/11/2022,Sevilla,Real Madrid,0,2,A,0,2,A,11,11,5,1,11,7,5,6,3,0,0,0,3.92,3.83,3.33,2022-23
SP1,25/11/2022,Sevilla,Barcelona,1,1,D,0,0,D,10,8,6,4,10,7,2,5,2,2,0,0,3.4,3.03,2.69,2022-23
SP1,02/12/2022,Sevilla,Atletico Madrid,1,2,H,1,1,D,16,11,1,4,15,15,5,2,6,3,0,0,3.51,2.91,4.77,2022-23
SP1,09/12/2022,Sevilla,Real Sociedad,4,0,H,0,0,D,11,9,3,3,7,15,4,3,4,3,0,0,3.48,3.8,3.25,2022-23
SP1,16/12/2022,Sevilla,Villarreal,3,3,D,0,2,A,21,13,2,3,11,11,1,3,4,0,0,0,2.29,3.81,5.66,2022-23
SP1,23/12/2022,Sevilla,Athletic Club,2,3,H,2,1,H,11,8,6,2,12,13,6,7,3,2,0,0,3.25,2.93,3.89,2022-23
SP1,30/12/2022,Sevilla,Valencia,1,1,D,1,1,D,10,9,6,2,7,10,5,3,2,0,0,0,3.06,3.11,4.88,2022-23
SP1,06/01/2023,Sevilla,Real Betis,2,1,H,0,0,D,13,12,8,3,9,13,7,2,3,0,0,0,4.15,3.65,5.48,2022-23
SP1,13/01/2023,Sevilla,Osasuna,0,0,H,0,0,D,9,15,4,3,13,12,6,5,1,2,0,0,4.35,4.0,2.32,2022-23
SP1,20/01/2023,Sevilla,Celta Vigo,0,0,A,0,0,D,11,6,5,2,15,7,6,11,3,2,0,0,1.6,3.5,4.6,2022-23
SP1,27/01/2023,Sevilla,Getafe,2,2,H,2,1,H,11,6,9,3,13,12,1,10,0,5,1,0,2.93,2.95,1.97,2022-23
SP1,03/02/2023,Sevilla,Rayo Vallecano,5,0,H,2,0,H,27,9,7,2,14,12,4,2,0,1,0,0,2.88,3.44,4.51,2022-23
SP1,10/02/2023,Sevilla,Girona,1,0,H,1,0,H,19,9,3,6,10,19,4,5,3,2,0,0,1.56,3.32,5.31,2022-23
SP1,17/02/2023,Sevilla,Mallorca,1,1,D,1,1,D,16,9,3,2,11,15,5,3,1,2,0,0,3.66,3.94,4.2,2022-23
SP1,24/02/2023,Sevilla,Almeria,1,2,H,1,0,H,13,4,6,4,24,7,6,8,4,1,0,0,2.65,2.91,5.64,2022-23
SP1,03/03/2023,Sevilla,Cadiz,1,6,A,1,0,H,13,13,1,4,13,14,4,5,2,2,0,0,3.96,2.96,2.61,2022-23
SP1,10/03/2023,Sevilla,Granada,0,0,D,0,0,D,14,3,2,2,11,16,7,3,2,2,0,0,4.37,3.35,3.19,2022-23
SP1,17/03/2023,Sevilla,Las Palmas,1,1,H,1,0,H,12,10,11,4,16,13,7,2,10,2,0,0,1.58,3.67,3.53,2022-23
SP1,24/03/2023,Sevilla,Leganes,2,0,H,0,0,D,12,9,5,3,13,4,5,7,3,0,0,0,2.33,3.66,3.61,2022-23
SP1,31/03/2023,Real Sociedad,Real Madrid,1,1,D,1,1,D,19,6,3,2,12,5,3,1,1,6,0,0,2.13,3.78,5.96,2022-23
SP1,07/04/2023,Real Sociedad,Barcelona,1,1,A,1,0,H,15,13,5,1,10,13,4,2,2,1,0,0,2.94,2.96,2.31,2022-23
SP1,14/04/2023,Real Sociedad,Atletico Madrid,1,2,A,1,2,A,6,12,3,3,10,14,5,6,3,0,0,0,3.17,3.52,2.66,2022-23
SP1,21/04/2023,Real Sociedad,Sevilla,1,1,H,1,0,H,12,9,5,6,10,6,5,7,3,3,0,0,4.27,3.78,4.8,2022-23
SP1,28/04/2023,Real Sociedad,Villarreal,0,1,H,0,1,A,13,5,5,8,17,11,7,4,1,2,0,0,3.75,3.82,4.71,2022-23
SP1,05/05/2023,Real Sociedad,Athletic Club,0,1,A,0,1,A,11,14,2,4,7,14,5,6,2,3,0,0,3.25,3.8,4.27,2022-23
SP1,12/05/2023,Real Sociedad,Valencia,2,0,H,1,0,H,9,10,7,3,14,13,5,0,3,3,0,0,3.65,3.74,2.96,2022-23
SP1,19/05/2023,Real Sociedad,Real Betis,1,1,H,1,1,D,17,9,9,3,15,12,5,2,2,1,0,0,4.23,3.11,3.84,2022-23
SP1,26/05/2023,Real Sociedad,Osasuna,0,2,A,0,0,D,18,10,3,4,10,11,4,5,1,2,0,0,1.75,3.03,2.07,2022-23
SP1,02/06/2023,Real Sociedad,Celta Vigo,1,1,H,0,0,D,9,20,9,3,7,8,5,4,0,3,0,0,2.23,3.97,4.47,2022-23
SP1,12/08/2022,Real Sociedad,Getafe,2,2,D,2,1,H,12,15,3,7,16,6,2,5,1,2,0,0,2.16,3.06,1.99,2022-23
SP1,19/08/2022,Real Sociedad,Rayo Vallecano,0,0,D,0,0,D,12,11,2,5,10,6,7,7,4,2,0,0,3.68,3.98,3.29,2022-23
SP1,26/08/2022,Real Sociedad,Girona,1,0,H,0,0,D,16,19,3,7,13,12,8,5,1,3,0,0,2.46,3.64,4.47,2022-23
SP1,02/09/2022,Real Sociedad,Mallorca,0,0,D,0,0,D,14,14,5,6,13,11,8,1,2,2,0,0,2.58,3.11,3.3,2022-23
SP1,09/09/2022,Real Sociedad,Almeria,0,0,H,0,0,D,14,10,4,2,7,11,6,5,1,2,0,0,3.76,3.0,4.68,2022-23
SP1,16/09/2022,Real Sociedad,Cadiz,0,1,A,0,1,A,16,13,6,4,10,11,4,1,0,2,0,0,2.95,3.67,5.64,2022-23
SP1,23/09/2022,Real Sociedad,Granada,3,3,D,1,0,H,11,8,5,6,11,8,7,3,1,1,0,0,1.9,3.94,4.98,2022-23
SP1,30/09/2022,Real Sociedad,Las Palmas,0,2,H,0,0,D,17,12,3,10,6,10,6,3,5,0,0,0,4.38,3.38,4.59,2022-23
SP1,07/10/2022,Real Sociedad,Leganes,1,1,H,0,1,A,11,7,7,3,10,8,3,5,5,1,0,0,2.36,3.98,1.9,2022-23
SP1,14/10/2022,Villarreal,Real Madrid,4,3,H,1,0,H,14,12,4,1,6,13,3,1,2,3,0,0,1.57,2.85,3.09,2022-23
SP1,21/10/2022,Villarreal,Barcelona,1,3,A,1,0,H,16,11,4,2,8,14,3,6,2,3,0,0,4.34,3.46,3.98,2022-23
SP1,28/10/2022,Villarreal,Atletico Madrid,0,6,A,0,0,D,15,11,9,3,10,7,4,1,1,3,0,0,3.23,3.91,5.58,2022-23
SP1,04/11/2022,Villarreal,Sevilla,1,0,H,0,0,D,22,10,3,2,20,9,6,8,3,2,0,0,3.44,3.92,3.82,2022-23
SP1,11/11/2022,Villarreal,Real Sociedad,1,1,D,0,0,D,11,6,6,1,17,9,8,4,2,3,0,1,2.9,3.41,2.95,2022-23
SP1,18/11/2022,Villarreal,Athletic Club,1,2,H,1,1,D,16,9,7,4,19,15,8,6,2,3,0,0,2.11,3.62,3.68,2022-23
SP1,25/11/2022,Villarreal,Valencia,1,2,A,1,1,D,13,10,6,2,10,13,3,5,1,1,0,0,4.14,3.95,4.99,2022-23
SP1,02/12/2022,Villarreal,Real Betis,2,3,H,0,0,D,14,8,1,8,13,13,4,4,1,0,0,0,2.16,3.75,3.37,2022-23
SP1,09/12/2022,Villarreal,Osasuna,0,0,A,0,0,D,15,8,2,5,11,7,6,3,6,2,0,0,3.91,2.91,4.27,2022-23
SP1,16/12/2022,Villarreal,Celta Vigo,1,2,H,0,0,D,17,8,5,4,12,11,4,4,0,2,0,0,3.05,3.18,4.91,2022-23
SP1,23/12/2022,Villarreal,Getafe,0,0,D,0,0,D,9,8,3,1,10,6,6,6,1,4,1,0,2.95,2.81,3.76,2022-23
SP1,30/12/2022,Villarreal,Rayo Vallecano,4,0,H,1,0,H,10,14,5,3,15,16,4,5,1,3,0,0,1.69,3.24,2.93,2022-23
SP1,06/01/2023,Villarreal,Girona,0,2,H,0,1,A,12,7,5,4,12,13,6,2,2,2,0,0,4.16,3.41,1.92,2022-23
SP1,13/01/2023,Villarreal,Mallorca,3,2,H,1,0,H,17,16,7,7,14,13,7,4,2,1,0,0,2.52,3.07,1.84,2022-23
SP1,20/01/2023,Villarreal,Almeria,3,1,H,3,1,H,17,11,5,1,15,10,0,2,4,1,0,0,3.49,3.52,3.48,2022-23
SP1,27/01/2023,Villarreal,Cadiz,0,1,H,0,0,D,9,19,1,4,12,13,3,1,1,4,0,0,3.37,3.23,2.68,2022-23
SP1,03/02/2023,Villarreal,Granada,1,1,A,1,1,D,12,16,5,3,10,6,5,3,3,0,0,0,4.36,3.63,5.74,2022-23
SP1,10/02/2023,Villarreal,Las Palmas,0,2,A,0,0,D,12,8,4,6,7,15,10,7,0,1,0,0,2.96,3.53,4.93,2022-23
SP1,17/02/2023,Villarreal,Leganes,1,3,A,0,1,A,13,8,8,2,13,14,6,6,3,1,0,0,2.54,2.97,3.32,2022-23
SP1,24/02/2023,Athletic Club,Real Madrid,2,2,A,1,0,H,13,8,9,5,21,12,7,2,2,5,0,0,2.81,3.96,3.83,2022-23
SP1,03/03/2023,Athletic Club,Barcelona,2,2,D,0,0,D,17,11,5,3,7,13,8,5,2,1,0,0,3.2,3.16,5.61,2022-23
SP1,10/03/2023,Athletic Club,Atletico Madrid,3,2,H,3,1,H,19,11,2,2,8,10,7,4,1,0,0,0,3.5,3.15,3.74,2022-23
SP1,17/03/2023,Athletic Club,Sevilla,0,0,D,0,0,D,15,13,7,3,9,12,4,3,2,1,0,0,3.35,3.17,4.26,2022-23
SP1,24/03/2023,Athletic Club,Real Sociedad,0,3,A,0,0,D,9,12,6,6,9,12,4,1,4,1,0,0,2.54,3.28,2.64,2022-23
SP1,31/03/2023,Athletic Club,Villarreal,5,0,H,1,0,H,8,11,4,3,17,10,3,5,0,3,0,0,4.28,3.62,5.44,2022-23
SP1,07/04/2023,Athletic Club,Valencia,0,1,A,0,1,A,11,11,9,5,12,15,6,3,1,3,0,0,1.8,3.87,4.29,2022-23
SP1,14/04/2023,Athletic Club,Real Betis,2,2,H,0,0,D,15,8,6,9,9,14,3,4,0,2,0,0,3.97,2.87,5.55,2022-23
SP1,21/04/2023,Athletic Club,Osasuna,6,0,H,0,0,D,13,9,3,4,9,10,10,3,2,1,0,0,4.38,3.36,3.06,2022-23
SP1,28/04/2023,Athletic Club,Celta Vigo,2,0,H,1,0,H,10,7,5,4,12,12,8,6,0,1,0,0,4.25,3.73,5.75,2022-23
SP1,05/05/2023,Athletic Club,Getafe,4,0,H,1,0,H,15,12,9,5,9,13,7,2,1,2,0,0,1.67,3.03,2.0,2022-23
SP1,12/05/2023,Athletic Club,Rayo Vallecano,3,0,H,0,0,D,11,20,8,3,10,11,5,3,4,1,0,0,2.83,3.28,3.32,2022-23
SP1,19/05/2023,Athletic Club,Girona,2,3,A,2,0,H,7,13,5,1,9,18,4,4,2,8,0,0,2.47,3.02,3.06,2022-23
SP1,26/05/2023,Athletic Club,Mallorca,1,1,A,0,1,A,16,12,5,3,13,21,9,3,1,1,0,0,2.6,3.33,4.21,2022-23
SP1,02/06/2023,Athletic Club,Almeria,3,2,A,2,1,H,11,13,5,3,16,9,3,7,3,1,0,0,2.83,2.81,3.7,2022-23
SP1,12/08/2022,Athletic Club,Cadiz,0,4,A,0,0,D,17,11,4,4,13,15,7,7,2,2,0,0,4.11,2.93,3.22,2022-23
SP1,19/08/2022,Athletic Club,Granada,2,4,H,0,0,D,11,9,9,2,11,10,4,1,1,4,0,0,3.64,3.87,2.9,2022-23
SP1,26/08/2022,Athletic Club,Las Palmas,1,1,A,0,0,D,17,8,8,3,13,11,5,3,1,5,0,0,4.43,3.38,5.57,2022-23
SP1,02/09/2022,Athletic Club,Leganes,0,0,A,0,0,D,12,11,2,3,14,11,12,5,3,2,0,0,2.17,2.97,4.61,2022-23
SP1,09/09/2022,Valencia,Real Madrid,1,1,H,0,1,A,11,6,5,5,11,12,1,2,2,2,0,0,2.38,3.75,5.62,2022-23
SP1,16/09/2022,Valencia,Barcelona,1,1,D,0,1,A,16,9,5,4,10,16,3,4,1,0,0,0,3.03,3.9,5.18,2022-23
SP1,23/09/2022,Valencia,Atletico Madrid,5,0,H,1,0,H,12,12,2,7,11,14,8,0,2,1,0,0,3.86,3.28,4.51,2022-23
SP1,30/09/2022,Valencia,Sevilla,3,3,D,0,0,D,13,6,8,4,14,8,7,3,0,0,0,0,2.12,3.09,5.71,2022-23
SP1,07/10/2022,Valencia,Real Sociedad,1,2,A,0,1,A,16,9,8,7,8,8,4,5,3,0,0,0,2.79,3.53,5.16,2022-23
SP1,14/10/2022,Valencia,Villarreal,5,1,H,1,0,H,17,11,11,3,12,13,5,4,3,4,2,0,4.44,2.99,4.41,2022-23
SP1,21/10/2022,Valencia,Athletic Club,1,1,D,1,1,D,12,9,6,5,15,11,5,4,2,2,0,0,1.82,3.67,2.83,2022-23
SP1,28/10/2022,Valencia,Real Betis,2,0,A,0,0,D,10,6,9,3,11,13,5,6,3,3,0,0,2.18,3.89,4.43,2022-23
SP1,04/11/2022,Valencia,Osasuna,0,0,D,0,0,D,14,8,7,12,10,13,9,2,1,2,0,0,4.3,3.74,4.25,2022-23
SP1,11/11/2022,Valencia,Celta Vigo,0,3,A,0,0,D,21,11,5,4,14,10,9,6,2,0,0,0,3.89,3.59,2.32,2022-23
SP1,18/11/2022,Valencia,Getafe,4,0,H,1,0,H,13,7,4,7,9,14,1,7,2,1,0,0,4.12,2.97,2.99,2022-23
SP1,25/11/2022,Valencia,Rayo Vallecano,0,0,D,0,0,D,12,12,4,2,11,13,9,4,1,1,0,0,4.13,2.88,4.62,2022-23
SP1,02/12/2022,Valencia,Girona,1,1,D,0,0,D,9,11,9,3,15,17,6,2,0,2,0,0,3.74,2.83,4.26,2022-23
SP1,09/12/2022,Valencia,Mallorca,3,5,A,2,2,D,5,5,8,8,11,12,6,8,2,1,0,0,2.42,3.14,2.23,2022-23
SP1,16/12/2022,Valencia,Almeria,2,2,D,2,0,H,7,10,3,6,10,14,1,1,0,3,0,0,2.39,3.56,4.89,2022-23
SP1,23/12/2022,Valencia,Cadiz,1,0,H,0,0,D,12,12,7,4,14,6,5,1,4,1,0,0,2.07,3.81,5.32,2022-23
SP1,30/12/2022,Valencia,Granada,1,1,D,1,1,D,14,5,4,6,16,11,11,2,1,0,0,1,2.33,2.86,2.83,2022-23
SP1,06/01/2023,Valencia,Las Palmas,1,0,H,1,0,H,13,7,6,3,11,16,7,2,1,2,0,0,3.89,2.99,4.61,2022-23
SP1,13/01/2023,Valencia,Leganes,1,1,D,0,0,D,8,8,4,6,15,9,8,6,2,0,0,1,4.26,3.3,3.42,2022-23
SP1,20/01/2023,Real Betis,Real Madrid,4,2,H,0,0,D,13,10,7,5,9,9,4,3,2,0,0,0,3.63,2.94,5.43,2022-23
SP1,27/01/2023,Real Betis,Barcelona,3,0,H,1,0,H,10,10,5,4,18,15,5,6,3,1,0,0,3.35,3.92,5.75,2022-23
SP1,03/02/2023,Real Betis,Atletico Madrid,1,0,H,1,0,H,8,11,3,6,8,7,6,6,3,2,1,0,1.97,2.83,4.98,2022-23
SP1,10/02/2023,Real Betis,Sevilla,4,0,H,0,0,D,12,14,5,6,12,15,2,0,2,2,0,0,1.9,3.07,3.36,2022-23
SP1,17/02/2023,Real Betis,Real Sociedad,2,2,H,0,0,D,15,9,3,3,17,8,8,5,0,3,0,0,1.98,3.39,2.76,2022-23
SP1,24/02/2023,Real Betis,Villarreal,2,0,A,1,0,H,14,13,2,6,13,11,2,1,2,2,0,0,1.57,3.9,5.25,2022-23
SP1,03/03/2023,Real Betis,Athletic Club,0,0,D,0,0,D,14,12,7,3,13,8,6,2,0,3,0,0,1.61,3.63,2.06,2022-23
SP1,10/03/2023,Real Betis,Valencia,0,3,A,0,0,D,8,8,6,2,14,12,1,2,2,4,0,0,3.2,3.17,5.73,2022-23
SP1,17/03/2023,Real Betis,Osasuna,2,3,A,0,0,D,18,11,10,6,8,13,7,2,2,0,0,0,2.95,2.81,3.85,2022-23
SP1,24/03/2023,Real Betis,Celta Vigo,1,1,D,1,0,H,13,4,6,4,13,15,6,8,0,3,0,0,3.74,2.97,3.6,2022-23
SP1,31/03/2023,Real Betis,Getafe,1,1,D,0,1,A,15,10,6,5,9,8,7,3,3,1,0,0,4.41,3.41,3.86,2022-23
SP1,07/04/2023,Real Betis,Rayo Vallecano,2,2,D,2,0,H,19,8,4,1,13,9,6,5,0,3,0,0,3.94,3.15,4.11,2022-23
SP1,14/04/2023,Real Betis,Girona,5,0,H,2,0,H,13,9,4,6,17,8,3,3,1,2,1,0,3.25,3.61,4.05,2022-23
SP1,21/04/2023,Real Betis,Mallorca,4,1,H,0,0,D,17,8,3,1,12,8,2,6,2,0,0,0,1.61,3.27,2.66,2022-23
SP1,28/04/2023,Real Betis,Almeria,2,2,A,0,0,D,8,10,7,3,10,14,5,1,5,2,0,0,2.28,3.18,4.4,2022-23
SP1,05/05/2023,Real Betis,Cadiz,4,1,H,0,0,D,16,11,3,5,11,12,8,2,1,1,0,0,2.11,3.39,5.15,2022-23
SP1,12/05/2023,Real Betis,Granada,0,2,A,0,2,A,11,10,6,4,12,13,2,5,0,3,0,0,2.88,3.83,4.18,2022-23
SP1,19/05/2023,Real Betis,Las Palmas,3,1,H,0,0,D,18,11,2,7,17,6,9,6,1,3,0,0,1.77,3.89,1.86,2022-23
SP1,26/05/2023,Real Betis,Leganes,2,2,D,1,0,H,15,6,2,5,14,15,2,4,3,4,0,0,2.26,3.21,4.37,2022-23
SP1,02/06/2023,Osasuna,Real Madrid,1,0,H,1,0,H,15,10,1,3,9,9,5,5,4,1,0,0,1.55,3.45,4.87,2022-23
SP1,12/08/2022,Osasuna,Barcelona,1,4,A,0,3,A,8,10,4,5,9,6,5,7,2,2,0,0,3.24,3.51,3.18,2022-23
SP1,19/08/2022,Osasuna,Atletico Madrid,2,0,H,0,0,D,22,7,6,5,13,14,4,3,6,3,0,0,3.81,3.47,5.75,2022-23
SP1,26/08/2022,Osasuna,Sevilla,4,0,H,0,0,D,12,10,5,3,14,22,4,6,3,4,0,0,2.81,3.03,4.88,2022-23
SP1,02/09/2022,Osasuna,Real Sociedad,1,0,H,1,0,H,13,12,4,4,7,13,3,5,0,7,0,0,3.26,3.63,3.2,2022-23
SP1,09/09/2022,Osasuna,Villarreal,0,3,A,0,1,A,9,6,8,3,13,14,5,6,2,1,0,0,2.38,4.0,3.91,2022-23
SP1,16/09/2022,Osasuna,Athletic Club,2,2,D,1,0,H,13,9,3,1,10,13,5,4,6,2,0,0,3.54,3.19,5.44,2022-23
SP1,23/09/2022,Osasuna,Valencia,0,5,A,0,0,D,12,8,10,4,12,10,3,3,1,1,0,0,1.89,3.26,2.3,2022-23
SP1,30/09/2022,Osasuna,Real Betis,2,0,H,1,0,H,9,4,6,5,11,20,4,7,3,0,0,0,2.21,3.63,5.9,2022-23
SP1,07/10/2022,Osasuna,Celta Vigo,2,2,D,0,0,D,7,6,4,5,13,12,11,6,1,1,0,0,3.98,3.25,4.58,2022-23
SP1,14/10/2022,Osasuna,Getafe,1,2,H,0,1,A,19,9,0,6,14,14,1,4,0,1,0,0,2.7,3.01,5.57,2022-23
SP1,21/10/2022,Osasuna,Rayo Vallecano,6,0,H,1,0,H,19,8,5,2,17,11,5,4,5,3,0,0,3.92,3.62,4.88,2022-23
SP1,28/10/2022,Osasuna,Girona,2,2,A,0,0,D,14,8,4,4,9,14,4,3,2,0,0,0,2.72,2.85,4.75,2022-23
SP1,04/11/2022,Osasuna,Mallorca,4,2,H,2,2,D,13,9,5,4,16,13,7,4,1,3,0,0,2.19,3.0,5.52,2022-23
SP1,11/11/2022,Osasuna,Almeria,3,1,H,1,1,D,10,12,9,5,17,9,8,5,2,1,0,0,3.68,3.0,5.02,2022-23
SP1,18/11/2022,Osasuna,Cadiz,2,2,D,0,0,D,20,5,7,5,11,11,3,3,1,0,0,0,1.68,3.94,3.27,2022-23
SP1,25/11/2022,Osasuna,Granada,1,1,D,1,0,H,9,6,6,6,11,8,9,7,3,0,0,0,2.95,3.1,5.87,2022-23
SP1,02/12/2022,Osasuna,Las Palmas,3,0,H,0,0,D,17,10,3,2,12,11,4,2,0,1,0,0,3.16,3.7,4.11,2022-23
SP1,09/12/2022,Osasuna,Leganes,3,0,H,1,0,H,10,11,4,5,8,16,7,5,2,1,0,0,4.0,2.82,3.48,2022-23
SP1,16/12/2022,Celta Vigo,Real Madrid,1,3,A,0,1,A,14,11,6,1,10,14,8,2,4,2,0,0,2.38,3.9,4.38,2022-23
SP1,23/12/2022,Celta Vigo,Barcelona,1,3,A,1,1,D,21,12,3,0,14,14,5,3,1,5,1,0,1.61,3.49,5.51,2022-23
SP1,30/12/2022,Celta Vigo,Atletico Madrid,2,1,H,0,0,D,11,14,7,7,10,12,5,4,0,1,0,0,2.65,3.57,5.02,2022-23
SP1,06/01/2023,Celta Vigo,Sevilla,1,3,A,0,1,A,9,9,5,5,11,12,8,6,0,1,0,0,3.31,3.04,1.91,2022-23
SP1,13/01/2023,Celta Vigo,Real Sociedad,4,0,H,2,0,H,8,11,1,2,14,8,6,2,1,1,0,0,3.21,3.45,3.4,2022-23
SP1,20/01/2023,Celta Vigo,Villarreal,0,0,D,0,0,D,12,10,6,3,15,21,6,4,1,1,0,0,2.13,3.95,3.94,2022-23
SP1,27/01/2023,Celta Vigo,Athletic Club,2,0,H,0,0,D,18,8,8,6,13,12,5,6,4,1,0,0,1.54,3.25,3.59,2022-23
SP1,03/02/2023,Celta Vigo,Valencia,0,1,A,0,0,D,10,13,4,4,11,9,5,2,3,1,0,0,4.47,3.82,2.88,2022-23
SP1,10/02/2023,Celta Vigo,Real Betis,2,3,A,1,1,D,14,16,10,0,9,13,6,3,1,1,0,0,1.65,3.03,3.76,2022-23
SP1,17/02/2023,Celta Vigo,Osasuna,3,6,A,0,0,D,20,11,5,3,14,9,3,5,3,2,0,0,4.38,3.56,4.41,2022-23
SP1,24/02/2023,Celta Vigo,Getafe,5,0,H,0,0,D,18,15,9,8,5,15,6,5,3,3,0,0,4.12,2.8,5.31,2022-23
SP1,03/03/2023,Celta Vigo,Rayo Vallecano,1,3,A,1,0,H,11,13,5,3,11,8,7,3,1,2,0,0,2.45,3.09,5.2,2022-23
SP1,10/03/2023,Celta Vigo,Girona,1,1,A,1,0,H,12,9,5,2,11,8,5,6,4,0,1,0,2.43,3.11,3.06,2022-23
SP1,17/03/2023,Celta Vigo,Mallorca,4,1,H,0,1,A,20,14,7,2,9,13,5,3,3,2,0,0,1.56,3.37,3.69,2022-23
SP1,24/03/2023,Celta Vigo,Almeria,3,3,D,2,0,H,17,12,6,0,13,13,6,5,1,0,0,0,1.93,3.43,4.41,2022-23
SP1,31/03/2023,Celta Vigo,Cadiz,1,1,H,0,1,A,16,14,5,4,15,12,4,5,3,0,0,0,1.89,3.51,2.28,2022-23
SP1,07/04/2023,Celta Vigo,Granada,1,1,D,0,0,D,16,9,4,3,12,18,5,2,1,1,0,0,2.45,3.45,5.5,2022-23
SP1,14/04/2023,Celta Vigo,Las Palmas,5,1,H,1,0,H,8,11,5,1,11,9,7,6,3,0,0,0,2.86,2.84,5.11,2022-23
SP1,21/04/2023,Celta Vigo,Leganes,1,1,D,1,0,H,13,9,5,6,11,14,2,4,2,2,0,0,3.36,3.3,3.63,2022-23
SP1,28/04/2023,Getafe,Real Madrid,2,1,A,0,1,A,13,10,3,5,11,14,6,4,5,1,0,0,1.82,3.44,3.67,2022-23
SP1,05/05/2023,Getafe,Barcelona,3,1,H,1,0,H,13,11,6,8,15,19,6,3,5,3,0,0,1.51,3.18,2.17,2022-23
SP1,12/05/2023,Getafe,Atletico Madrid,1,1,D,1,1,D,10,13,4,1,10,14,5,6,2,2,0,0,2.3,3.55,5.4,2022-23
SP1,19/05/2023,Getafe,Sevilla,2,0,H,0,0,D,19,9,3,4,7,9,5,5,2,1,0,0,1.93,3.94,3.55,2022-23
SP1,26/05/2023,Getafe,Real Sociedad,3,0,A,1,0,H,9,9,5,2,17,14,6,3,1,0,0,0,3.81,3.87,4.86,2022-23
SP1,02/06/2023,Getafe,Villarreal,0,1,A,0,0,D,15,16,7,4,10,9,3,5,4,6,0,0,4.43,3.71,5.88,2022-23
SP1,12/08/2022,Getafe,Athletic Club,0,0,A,0,0,D,14,17,4,5,13,13,5,7,1,2,0,0,2.79,4.0,3.16,2022-23
SP1,19/08/2022,Getafe,Valencia,1,1,D,1,1,D,14,13,3,3,10,8,7,4,3,4,0,0,2.19,3.81,4.27,2022-23
SP1,26/08/2022,Getafe,Real Betis,3,0,H,0,0,D,8,9,0,8,9,14,7,7,3,2,0,0,3.58,3.51,2.89,2022-23
SP1,02/09/2022,Getafe,Osasuna,5,0,H,1,0,H,17,6,5,3,13,8,9,5,3,6,0,0,2.59,2.93,3.98,2022-23
SP1,09/09/2022,Getafe,Celta Vigo,2,1,H,1,1,D,15,6,7,3,9,9,6,5,0,0,0,0,3.24,3.98,1.89,2022-23
SP1,16/09/2022,Getafe,Rayo Vallecano,1,3,A,0,0,D,9,4,5,2,12,13,4,6,4,5,0,0,2.42,3.69,3.29,2022-23
SP1,23/09/2022,Getafe,Girona,1,1,D,0,1,A,13,11,5,8,18,12,3,5,1,1,0,0,2.32,3.17,3.52,2022-23
SP1,30/09/2022,Getafe,Mallorca,1,1,D,0,0,D,9,7,0,6,14,12,2,5,4,2,0,0,4.29,3.46,4.24,2022-23
SP1,07/10/2022,Getafe,Almeria,2,0,H,0,0,D,16,8,8,3,11,15,4,6,1,5,0,0,3.49,3.71,5.19,2022-23
SP1,14/10/2022,Getafe,Cadiz,1,1,D,1,0,H,15,15,6,3,10,15,6,3,1,2,0,0,2.41,3.5,3.32,2022-23
SP1,21/10/2022,Getafe,Granada,2,1,H,0,0,D,17,8,5,3,17,13,3,0,1,0,0,0,4.28,3.32,3.59,2022-23
SP1,28/10/2022,Getafe,Las Palmas,1,1,D,1,1,D,7,6,6,4,13,12,8,5,4,1,0,0,2.28,3.36,3.87,2022-23
SP1,04/11/2022,Getafe,Leganes,1,0,H,0,0,D,13,11,1,3,9,19,4,4,1,4,0,0,4.28,3.93,4.04,2022-23
SP1,11/11/2022,Rayo Vallecano,Real Madrid,1,1,A,0,0,D,15,15,6,4,11,14,4,6,1,3,0,0,1.55,2.99,3.27,2022-23
SP1,18/11/2022,Rayo Vallecano,Barcelona,2,1,A,1,1,D,16,12,6,4,11,8,7,5,5,2,0,0,4.23,3.87,3.82,2022-23
SP1,25/11/2022,Rayo Vallecano,Atletico Madrid,0,5,A,0,0,D,12,6,5,2,16,10,4,6,4,3,0,1,2.09,3.05,5.51,2022-23
SP1,02/12/2022,Rayo Vallecano,Sevilla,2,2,H,1,1,D,9,11,2,3,7,10,5,4,3,2,0,0,4.45,3.27,4.44,2022-23
SP1,09/12/2022,Rayo Vallecano,Real Sociedad,1,3,H,0,2,A,7,14,5,2,11,10,4,3,2,1,0,0,2.47,3.23,4.28,2022-23
SP1,16/12/2022,Rayo Vallecano,Villarreal,1,3,A,1,1,D,6,5,6,3,16,11,6,4,1,3,0,0,3.09,2.86,3.65,2022-23
SP1,23/12/2022,Rayo Vallecano,Athletic Club,2,2,D,2,2,D,11,16,4,4,14,16,4,5,2,3,0,0,1.65,2.9,3.16,2022-23
SP1,30/12/2022,Rayo Vallecano,Valencia,2,1,A,0,1,A,16,8,6,5,12,10,3,4,2,2,0,0,2.64,3.59,3.96,2022-23
SP1,06/01/2023,Rayo Vallecano,Real Betis,1,2,A,1,0,H,12,7,3,5,10,6,7,2,2,0,0,0,3.61,3.68,5.39,2022-23
SP1,13/01/2023,Rayo Vallecano,Osasuna,1,1,D,1,0,H,12,7,10,7,14,16,2,4,2,2,0,0,3.32,3.75,5.37,2022-23
SP1,20/01/2023,Rayo Vallecano,Celta Vigo,1,0,A,0,0,D,13,11,4,2,17,21,4,3,1,4,0,0,1.6,3.39,3.59,2022-23
SP1,27/01/2023,Rayo Vallecano,Getafe,2,0,H,0,0,D,12,5,3,7,9,16,5,1,2,5,0,0,3.64,3.5,2.75,2022-23
SP1,03/02/2023,Rayo Vallecano,Girona,1,2,A,1,0,H,8,13,2,5,8,8,6,4,0,2,0,0,3.24,3.44,2.45,2022-23
SP1,10/02/2023,Rayo Vallecano,Mallorca,0,0,D,0,0,D,19,13,8,3,7,10,11,4,5,0,0,0,3.32,3.89,1.89,2022-23
SP1,17/02/2023,Rayo Vallecano,Almeria,0,2,A,0,0,D,11,16,4,2,5,17,4,1,4,1,0,0,3.57,3.98,5.28,2022-23
SP1,24/02/2023,Rayo Vallecano,Cadiz,3,2,H,1,0,H,9,10,6,3,8,10,6,4,2,3,0,0,1.72,2.88,5.54,2022-23
SP1,03/03/2023,Rayo Vallecano,Granada,0,3,A,0,2,A,14,11,3,4,7,12,7,3,1,3,0,0,2.48,3.37,2.48,2022-23
SP1,10/03/2023,Rayo Vallecano,Las Palmas,1,1,A,0,1,A,14,13,4,1,11,12,6,3,3,0,0,1,4.04,2.92,4.19,2022-23
SP1,17/03/2023,Rayo Vallecano,Leganes,0,0,D,0,0,D,12,11,4,5,4,12,6,4,2,2,0,0,3.98,3.75,5.49,2022-23
SP1,24/03/2023,Girona,Real Madrid,0,3,A,0,1,A,17,11,2,3,10,9,1,8,1,4,0,0,3.6,3.01,2.64,2022-23
SP1,31/03/2023,Girona,Barcelona,2,3,A,0,1,A,9,6,4,4,9,8,6,8,2,1,0,0,4.43,3.37,2.69,2022-23
SP1,07/04/2023,Girona,Atletico Madrid,3,0,H,1,0,H,14,12,4,3,9,11,4,7,1,0,0,1,3.7,3.06,2.62,2022-23
SP1,14/04/2023,Girona,Sevilla,2,1,H,2,1,H,16,9,8,6,12,13,6,2,2,2,0,0,2.92,3.35,5.52,2022-23
SP1,21/04/2023,Girona,Real Sociedad,1,2,H,0,1,A,13,15,5,2,10,14,3,7,5,3,0,0,1.54,3.96,5.23,2022-23
SP1,28/04/2023,Girona,Villarreal,2,5,H,0,0,D,13,4,6,2,14,6,4,4,1,2,0,0,2.79,2.94,2.05,2022-23
SP1,05/05/2023,Girona,Athletic Club,1,2,H,1,2,A,14,12,4,6,12,9,2,5,1,4,0,0,1.78,3.07,2.54,2022-23
SP1,12/05/2023,Girona,Valencia,1,0,H,1,0,H,12,14,3,2,18,12,7,4,2,1,0,0,3.72,3.09,5.94,2022-23
SP1,19/05/2023,Girona,Real Betis,3,3,D,1,0,H,12,8,7,3,14,17,4,8,1,6,0,0,4.24,3.88,2.32,2022-23
SP1,26/05/2023,Girona,Osasuna,2,2,D,2,1,H,13,9,4,5,11,15,6,3,2,2,0,0,1.92,3.43,5.66,2022-23
SP1,02/06/2023,Girona,Celta Vigo,2,2,H,0,1,A,12,8,9,5,12,12,7,4,3,4,0,0,4.43,3.18,3.25,2022-23
SP1,12/08/2022,Girona,Getafe,1,0,H,0,0,D,12,6,5,3,12,9,6,5,3,5,0,0,3.59,3.31,2.41,2022-23
SP1,19/08/2022,Girona,Rayo Vallecano,3,3,D,0,2,A,6,9,6,3,10,11,6,7,5,4,0,0,2.51,3.94,5.41,2022-23
SP1,26/08/2022,Girona,Mallorca,0,0,H,0,0,D,15,14,5,4,10,16,3,6,3,6,0,0,4.3,3.71,2.0,2022-23
SP1,02/09/2022,Girona,Almeria,3,0,H,0,0,D,9,14,4,3,10,9,4,7,2,1,0,0,4.22,3.07,4.74,2022-23
SP1,09/09/2022,Girona,Cadiz,1,0,H,1,0,H,12,5,10,3,11,14,6,4,1,1,0,0,3.62,3.02,5.7,2022-23
SP1,16/09/2022,Girona,Granada,2,2,D,2,0,H,19,12,5,2,11,13,4,1,2,1,0,0,1.65,3.73,3.63,2022-23
SP1,23/09/2022,Girona,Las Palmas,1,1,D,1,1,D,12,11,8,1,10,14,2,1,2,1,0,0,4.07,3.59,2.04,2022-23
SP1,30/09/2022,Girona,Leganes,3,0,H,0,0,D,12,8,5,1,9,9,9,1,1,2,0,0,2.23,3.07,4.17,2022-23
SP1,07/10/2022,Mallorca,Real Madrid,0,0,D,0,0,D,13,18,5,2,11,9,4,3,4,2,0,0,4.02,3.29,2.53,2022-23
SP1,14/10/2022,Mallorca,Barcelona,0,2,A,0,1,A,7,12,8,3,14,14,4,2,3,4,0,0,2.58,3.31,5.23,2022-23
SP1,21/10/2022,Mallorca,Atletico Madrid,1,4,A,1,0,H,11,9,7,1,9,12,6,7,0,2,0,0,1.55,3.77,1.86,2022-23
SP1,28/10/2022,Mallorca,Sevilla,1,1,D,0,1,A,9,3,10,5,8,12,5,0,3,1,0,0,2.12,3.23,2.01,2022-23
SP1,04/11/2022,Mallorca,Real Sociedad,2,2,D,1,2,A,16,11,6,6,10,16,5,3,0,4,0,0,1.92,3.45,3.51,2022-23
SP1,11/11/2022,Mallorca,Villarreal,1,0,H,0,0,D,9,5,4,3,12,14,6,5,2,2,0,0,3.97,3.05,4.23,2022-23
SP1,18/11/2022,Mallorca,Athletic Club,1,0,H,0,0,D,19,3,6,4,15,9,5,3,1,3,0,0,3.94,3.88,5.17,2022-23
SP1,25/11/2022,Mallorca,Valencia,1,1,D,1,0,H,12,14,5,2,4,11,3,6,2,2,0,0,4.21,2.92,3.24,2022-23
SP1,02/12/2022,Mallorca,Real Betis,3,2,H,0,0,D,13,15,4,6,12,13,3,3,0,2,0,0,4.15,2.81,4.91,2022-23
SP1,09/12/2022,Mallorca,Osasuna,0,0,D,0,0,D,16,9,5,5,12,17,2,4,4,2,0,0,2.03,3.83,3.02,2022-23
SP1,16/12/2022,Mallorca,Celta Vigo,2,2,D,2,0,H,8,11,4,2,19,21,2,4,2,0,0,0,3.58,3.92,2.2,2022-23
SP1,23/12/2022,Mallorca,Getafe,0,1,A,0,1,A,17,13,4,4,17,14,5,7,5,1,0,0,3.59,2.9,5.03,2022-23
SP1,30/12/2022,Mallorca,Rayo Vallecano,0,0,D,0,0,D,19,3,8,4,10,8,10,1,2,3,0,0,4.09,3.2,2.26,2022-23
SP1,06/01/2023,Mallorca,Girona,2,2,D,2,0,H,12,10,7,3,10,12,6,2,1,2,0,0,4.4,3.96,3.78,2022-23
SP1,13/01/2023,Mallorca,Almeria,1,2,A,0,1,A,13,12,5,1,13,10,1,5,1,2,0,0,1.97,3.08,3.02,2022-23
SP1,20/01/2023,Mallorca,Cadiz,0,0,D,0,0,D,13,3,5,6,12,15,5,3,1,1,0,0,1.96,3.62,2.81,2022-23
SP1,27/01/2023,Mallorca,Granada,2,2,H,0,0,D,13,7,2,4,17,14,6,3,1,2,0,0,3.17,2.99,3.03,2022-23
SP1,03/02/2023,Mallorca,Las Palmas,2,1,H,0,0,D,12,17,1,6,9,9,5,3,3,1,0,0,4.2,3.03,2.41,2022-23
SP1,10/02/2023,Mallorca,Leganes,2,3,H,1,0,H,12,9,6,3,15,11,9,3,2,5,0,1,1.67,3.75,4.81,2022-23
SP1,17/02/2023,Almeria,Real Madrid,2,1,H,1,0,H,12,8,3,3,12,13,5,2,0,1,1,1,3.88,2.81,2.8,2022-23
SP1,24/02/2023,Almeria,Barcelona,2,2,D,0,0,D,12,8,4,4,14,13,7,2,0,1,0,0,3.44,3.98,5.23,2022-23
SP1,03/03/2023,Almeria,Atletico Madrid,1,1,H,0,0,D,14,10,6,4,11,13,4,1,2,3,0,0,2.42,2.8,4.22,2022-23
SP1,10/03/2023,Almeria,Sevilla,7,0,H,2,0,H,12,7,6,6,17,15,5,4,2,1,0,0,2.47,3.17,3.32,2022-23
SP1,17/03/2023,Almeria,Real Sociedad,5,1,H,1,1,D,12,8,2,5,17,9,7,10,0,1,0,0,2.83,2.9,5.02,2022-23
SP1,24/03/2023,Almeria,Villarreal,1,1,H,0,1,A,14,13,4,6,13,20,4,6,1,1,0,0,3.22,3.04,3.07,2022-23
SP1,31/03/2023,Almeria,Athletic Club,0,3,A,0,1,A,14,7,7,7,14,12,3,3,2,1,0,0,1.67,3.88,4.87,2022-23
SP1,07/04/2023,Almeria,Valencia,1,4,A,1,1,D,13,16,4,4,12,14,3,6,1,3,1,0,1.6,3.67,5.71,2022-23
SP1,14/04/2023,Almeria,Real Betis,0,3,A,0,0,D,10,16,1,6,15,14,7,3,2,5,0,0,2.24,3.49,5.58,2022-23
SP1,21/04/2023,Almeria,Osasuna,1,0,H,1,0,H,14,14,0,4,9,15,6,2,1,2,0,0,4.1,3.35,5.34,2022-23
SP1,28/04/2023,Almeria,Celta Vigo,1,1,D,1,0,H,10,16,5,0,18,16,2,4,3,2,0,0,1.68,3.96,3.01,2022-23
SP1,05/05/2023,Almeria,Getafe,3,3,D,0,1,A,13,12,10,2,16,19,3,3,2,3,0,0,1.55,2.99,4.95,2022-23
SP1,12/05/2023,Almeria,Rayo Vallecano,5,3,H,0,1,A,19,5,7,2,11,14,7,4,3,4,0,0,1.84,2.81,3.97,2022-23
SP1,19/05/2023,Almeria,Girona,1,0,H,1,0,H,9,8,7,4,13,10,4,5,4,2,0,0,1.61,3.62,5.78,2022-23
SP1,26/05/2023,Almeria,Mallorca,4,0,H,0,0,D,11,8,4,4,12,11,5,1,4,0,0,0,2.95,3.69,5.45,2022-23
SP1,02/06/2023,Almeria,Cadiz,0,2,H,0,2,A,11,13,4,7,14,12,5,3,0,1,0,0,2.81,3.9,3.91,2022-23
SP1,12/08/2022,Almeria,Granada,2,1,H,0,0,D,18,7,9,2,9,10,11,5,4,3,0,1,2.06,3.91,4.12,2022-23
SP1,19/08/2022,Almeria,Las Palmas,3,1,H,1,0,H,14,12,9,4,15,11,1,2,2,3,1,0,1.96,2.84,3.59,2022-23
SP1,26/08/2022,Almeria,Leganes,0,0,D,0,0,D,15,11,8,3,14,9,6,3,3,3,0,0,1.52,2.92,2.24,2022-23
SP1,02/09/2022,Cadiz,Real Madrid,1,0,H,1,0,H,15,7,10,7,16,9,4,3,2,1,0,0,3.23,3.94,2.7,2022-23
SP1,09/09/2022,Cadiz,Barcelona,4,1,H,2,1,H,7,9,5,2,19,14,4,12,1,0,0,0,2.78,3.3,3.36,2022-23
SP1,16/09/2022,Cadiz,Atletico Madrid,2,0,H,1,0,H,9,7,2,0,15,16,8,2,0,1,0,0,3.69,3.03,2.25,2022-23
SP1,23/09/2022,Cadiz,Sevilla,3,0,H,1,0,H,15,6,4,6,12,13,3,1,2,2,0,0,3.43,3.94,5.13,2022-23
SP1,30/09/2022,Cadiz,Real Sociedad,4,4,D,0,4,A,15,6,6,3,14,13,4,4,1,5,0,0,4.4,3.61,4.27,2022-23
SP1,07/10/2022,Cadiz,Villarreal,0,0,D,0,0,D,13,14,5,2,10,12,2,5,2,2,0,0,3.86,3.19,4.52,2022-23
SP1,14/10/2022,Cadiz,Athletic Club,1,4,A,0,1,A,10,10,3,4,17,6,6,4,1,2,0,0,4.47,3.61,2.17,2022-23
SP1,21/10/2022,Cadiz,Valencia,0,0,H,0,0,D,9,12,6,4,17,11,2,5,0,3,0,0,2.75,2.94,4.0,2022-23
SP1,28/10/2022,Cadiz,Real Betis,0,2,A,0,2,A,13,11,6,3,17,16,4,2,1,2,0,0,2.4,2.88,5.68,2022-23
SP1,04/11/2022,Cadiz,Osasuna,2,4,A,0,0,D,12,2,5,6,9,14,5,6,3,4,0,0,3.05,3.09,4.76,2022-23
SP1,11/11/2022,Cadiz,Celta Vigo,3,0,H,2,0,H,16,5,3,3,12,11,3,5,5,1,0,0,2.59,3.38,2.68,2022-23
SP1,18/11/2022,Cadiz,Getafe,3,3,D,1,0,H,12,16,3,3,16,13,6,4,4,3,0,0,3.14,3.16,2.09,2022-23
SP1,25/11/2022,Cadiz,Rayo Vallecano,0,0,H,0,0,D,13,19,5,4,8,9,6,8,0,1,0,0,4.06,3.66,4.62,2022-23
SP1,02/12/2022,Cadiz,Girona,2,2,H,0,0,D,15,11,3,3,10,7,3,3,1,2,0,0,3.47,3.79,4.16,2022-23
SP1,09/12/2022,Cadiz,Mallorca,2,1,H,0,0,D,23,12,5,9,11,13,5,6,1,3,0,0,3.84,3.25,5.34,2022-23
SP1,16/12/2022,Cadiz,Almeria,1,1,D,1,0,H,7,7,8,7,14,10,5,8,2,3,0,0,1.72,3.38,5.33,2022-23
SP1,23/12/2022,Cadiz,Granada,3,1,A,0,1,A,18,7,7,4,11,10,3,2,0,3,0,0,3.12,2.97,4.49,2022-23
SP1,30/12/2022,Cadiz,Las Palmas,0,4,A,0,0,D,10,12,5,7,13,15,7,7,1,2,0,0,2.67,3.66,5.56,2022-23
SP1,06/01/2023,Cadiz,Leganes,3,0,H,1,0,H,19,13,3,1,9,9,1,4,0,1,0,0,2.23,3.9,3.23,2022-23
SP1,13/01/2023,Granada,Real Madrid,2,1,H,0,0,D,12,8,3,2,10,12,4,4,3,1,0,1,2.15,2.85,2.22,2022-23
SP1,20/01/2023,Granada,Barcelona,4,0,H,1,0,H,8,4,2,6,7,11,4,6,2,3,0,0,3.17,3.28,2.24,2022-23
SP1,27/01/2023,Granada,Atletico Madrid,1,1,H,0,0,D,8,9,2,6,17,7,5,2,2,1,0,0,3.57,3.3,5.0,2022-23
SP1,03/02/2023,Granada,Sevilla,0,0,D,0,0,D,9,10,6,2,12,9,3,5,0,2,0,0,1.83,2.95,3.2,2022-23
SP1,10/02/2023,Granada,Real Sociedad,3,2,H,0,1,A,11,10,4,8,10,13,4,4,2,2,0,0,4.02,3.68,5.79,2022-23
SP1,17/02/2023,Granada,Villarreal,2,1,H,0,1,A,11,9,4,6,19,10,2,2,3,0,0,0,4.2,3.66,4.52,2022-23
SP1,24/02/2023,Granada,Athletic Club,0,3,A,0,0,D,12,16,5,4,15,15,3,3,2,1,0,0,3.27,3.51,2.19,2022-23
SP1,03/03/2023,Granada,Valencia,0,0,A,0,0,D,20,13,1,3,12,10,3,4,0,1,0,0,3.38,3.47,4.13,2022-23
SP1,10/03/2023,Granada,Real Betis,0,0,D,0,0,D,14,12,5,4,10,5,4,7,4,2,0,0,2.14,2.86,5.79,2022-23
SP1,17/03/2023,Granada,Osasuna,3,1,H,1,0,H,19,11,8,6,12,12,9,3,1,3,0,0,1.56,3.6,3.58,2022-23
SP1,24/03/2023,Granada,Celta Vigo,0,3,A,0,0,D,15,12,4,5,10,12,8,6,1,2,0,0,1.93,3.93,3.68,2022-23
SP1,31/03/2023,Granada,Getafe,1,1,D,1,1,D,7,15,3,2,7,10,9,6,2,1,0,0,3.03,3.45,1.93,2022-23
SP1,07/04/2023,Granada,Rayo Vallecano,3,0,H,0,0,D,11,4,6,4,9,9,1,4,2,2,0,0,3.44,3.05,4.98,2022-23
SP1,14/04/2023,Granada,Girona,2,1,H,0,1,A,19,7,3,2,13,6,7,4,2,2,0,0,2.73,2.94,5.1,2022-23
SP1,21/04/2023,Granada,Mallorca,0,0,D,0,0,D,13,4,5,5,10,11,1,5,1,2,0,0,3.16,3.75,5.72,2022-23
SP1,28/04/2023,Granada,Almeria,1,2,A,0,0,D,11,3,3,5,7,11,5,5,2,0,0,0,4.08,2.91,3.11,2022-23
SP1,05/05/2023,Granada,Cadiz,1,6,A,1,1,D,16,11,7,2,9,13,4,1,2,2,0,0,3.05,3.53,4.31,2022-23
SP1,12/05/2023,Granada,Las Palmas,6,1,H,1,0,H,9,5,4,4,10,4,2,4,4,3,0,0,2.37,2.98,3.12,2022-23
SP1,19/05/2023,Granada,Leganes,0,2,A,0,0,D,15,6,3,4,12,13,6,4,1,2,1,1,2.45,3.82,4.49,2022-23
SP1,26/05/2023,Las Palmas,Real Madrid,3,3,D,0,1,A,10,8,8,3,4,15,7,1,1,0,0,0,3.04,3.11,2.38,2022-23
SP1,02/06/2023,Las Palmas,Barcelona,0,0,D,0,0,D,16,8,2,5,12,10,4,2,2,1,0,1,1.68,3.64,4.55,2022-23
SP1,12/08/2022,Las Palmas,Atletico Madrid,4,4,D,0,1,A,8,10,8,2,16,5,5,5,1,2,0,0,2.18,3.43,5.42,2022-23
SP1,19/08/2022,Las Palmas,Sevilla,2,1,H,2,0,H,12,17,3,4,10,17,9,0,1,0,0,0,3.82,3.3,5.45,2022-23
SP1,26/08/2022,Las Palmas,Real Sociedad,1,1,D,1,1,D,6,13,7,6,14,6,3,1,2,6,0,1,2.19,3.85,3.99,2022-23
SP1,02/09/2022,Las Palmas,Villarreal,4,1,H,0,0,D,16,15,11,0,14,6,1,1,2,4,0,0,3.53,3.15,3.42,2022-23
SP1,09/09/2022,Las Palmas,Athletic Club,0,1,A,0,1,A,16,10,7,1,11,8,6,6,4,2,0,0,4.38,2.93,3.06,2022-23
SP1,16/09/2022,Las Palmas,Valencia,1,3,A,0,0,D,11,12,1,4,14,7,3,12,2,3,0,0,4.09,3.81,3.1,2022-23
SP1,23/09/2022,Las Palmas,Real Betis,1,4,A,0,1,A,13,7,6,5,10,8,3,0,3,0,0,0,2.17,3.13,5.03,2022-23
SP1,30/09/2022,Las Palmas,Osasuna,4,1,A,0,1,A,7,13,4,3,12,10,5,6,0,0,0,0,1.92,3.58,4.91,2022-23
SP1,07/10/2022,Las Palmas,Celta Vigo,5,1,H,0,1,A,14,8,6,2,18,11,9,6,3,3,0,0,3.84,3.35,4.99,2022-23
SP1,14/10/2022,Las Palmas,Getafe,1,1,D,0,0,D,9,13,4,1,11,9,5,4,2,3,0,0,3.86,3.65,3.57,2022-23
SP1,21/10/2022,Las Palmas,Rayo Vallecano,1,2,H,1,1,D,10,10,4,5,6,8,6,0,2,0,0,0,4.07,2.84,4.81,2022-23
SP1,28/10/2022,Las Palmas,Girona,0,0,D,0,0,D,10,5,5,4,17,8,1,5,2,3,0,0,4.02,3.41,3.98,2022-23
SP1,04/11/2022,Las Palmas,Mallorca,0,0,H,0,0,D,13,10,4,2,12,9,5,6,2,2,0,0,4.28,2.94,4.1,2022-23
SP1,11/11/2022,Las Palmas,Almeria,4,1,H,1,0,H,14,17,10,3,9,12,5,4,2,1,0,0,2.94,3.04,4.44,2022-23
SP1,18/11/2022,Las Palmas,Cadiz,2,0,H,0,0,D,10,15,1,3,18,12,4,5,1,1,0,0,3.49,3.19,5.2,2022-23
SP1,25/11/2022,Las Palmas,Granada,2,2,D,2,1,H,8,12,4,3,13,15,4,7,3,4,0,0,3.82,3.16,2.51,2022-23
SP1,02/12/2022,Las Palmas,Leganes,6,2,H,0,0,D,11,14,3,6,12,14,6,10,2,0,1,0,3.63,3.02,3.3,2022-23
SP1,09/12/2022,Leganes,Real Madrid,4,1,H,1,0,H,11,13,8,8,15,11,7,3,1,3,0,0,2.72,3.46,3.04,2022-23
SP1,16/12/2022,Leganes,Barcelona,1,2,A,0,1,A,20,10,3,4,14,12,3,6,1,5,0,0,2.25,3.01,4.06,2022-23
SP1,23/12/2022,Leganes,Atletico Madrid,1,3,A,0,1,A,12,3,5,6,18,16,4,6,4,0,0,0,3.96,3.24,5.46,2022-23
SP1,30/12/2022,Leganes,Sevilla,1,0,H,0,0,D,17,8,4,1,11,10,7,4,4,1,0,0,1.59,2.9,4.16,2022-23
SP1,06/01/2023,Leganes,Real Sociedad,1,0,H,0,0,D,13,12,3,2,16,11,7,4,2,0,0,0,4.12,3.59,5.28,2022-23
SP1,13/01/2023,Leganes,Villarreal,0,0,A,0,0,D,22,11,5,3,10,8,6,3,1,4,0,0,3.59,3.71,2.98,2022-23
SP1,20/01/2023,Leganes,Athletic Club,1,1,A,0,1,A,7,12,5,3,14,18,7,4,1,2,0,0,2.43,3.84,3.18,2022-23
SP1,27/01/2023,Leganes,Valencia,1,0,H,1,0,H,14,9,6,4,8,11,9,4,1,3,0,0,3.96,3.2,4.12,2022-23
SP1,03/02/2023,Leganes,Real Betis,1,1,H,1,1,D,16,11,1,7,11,12,6,3,3,2,0,0,3.24,3.34,4.82,2022-23
SP1,10/02/2023,Leganes,Osasuna,0,1,H,0,1,A,16,14,6,5,9,10,5,2,2,2,0,0,2.01,3.14,2.66,2022-23
SP1,17/02/2023,Leganes,Celta Vigo,0,0,A,0,0,D,11,8,7,3,16,14,5,6,2,2,0,0,3.7,3.48,1.93,2022-23
SP1,24/02/2023,Leganes,Getafe,2,3,A,2,0,H,12,12,3,7,9,19,5,1,0,3,0,0,3.09,3.92,4.25,2022-23
SP1,03/03/2023,Leganes,Rayo Vallecano,2,7,A,2,2,D,13,6,4,3,10,8,6,6,3,3,0,0,4.04,3.75,2.24,2022-23
SP1,10/03/2023,Leganes,Girona,1,2,A,1,0,H,12,8,7,8,12,13,8,7,1,2,0,0,1.81,3.49,2.53,2022-23
SP1,17/03/2023,Leganes,Mallorca,2,2,D,2,0,H,13,11,5,3,18,13,7,1,2,2,0,1,2.75,2.98,1.84,2022-23
SP1,24/03/2023,Leganes,Almeria,0,0,H,0,0,D,18,6,5,4,13,8,11,3,3,2,0,2,3.01,2.94,5.95,2022-23
SP1,31/03/2023,Leganes,Cadiz,0,2,A,0,0,D,9,8,8,6,17,17,5,2,1,1,0,0,2.11,3.62,2.27,2022-23
SP1,07/04/2023,Leganes,Granada,0,0,D,0,0,D,10,7,7,5,11,13,6,4,0,1,0,0,3.04,3.82,5.68,2022-23
SP1,14/04/2023,Leganes,Las Palmas,0,2,A,0,0,D,13,8,4,2,13,17,7,4,3,2,0,0,1.93,3.47,2.31,2022-23
SP1,11/08/2023,Real Madrid,Barcelona,0,0,H,0,0,D,17,6,3,3,19,9,1,3,1,3,0,0,3.49,2.89,5.71,2023-24
SP1,18/08/2023,Real Madrid,Atletico Madrid,0,2,A,0,0,D,20,9,12,5,6,7,4,3,3,3,0,0,1.72,2.87,5.89,2023-24
SP1,25/08/2023,Real Madrid,Sevilla,2,2,D,1,1,D,18,9,5,4,13,14,6,2,2,0,0,0,2.33,3.5,3.56,2023-24
SP1,01/09/2023,Real Madrid,Real Sociedad,1,1,A,1,0,H,9,8,1,5,16,10,7,3,3,3,0,0,2.55,3.87,2.35,2023-24
SP1,08/09/2023,Real Madrid,Villarreal,1,0,H,0,0,D,14,10,5,5,6,12,6,5,1,1,1,0,1.79,3.04,4.48,2023-24
SP1,15/09/2023,Real Madrid,Athletic Club,2,1,H,0,0,D,16,7,3,4,10,7,5,7,0,6,0,0,2.39,3.83,5.51,2023-24
SP1,22/09/2023,Real Madrid,Valencia,1,5,A,0,0,D,8,8,7,3,16,9,5,0,0,2,0,0,3.01,3.77,5.9,2023-24
SP1,29/09/2023,Real Madrid,Real Betis,3,3,D,0,0,D,15,8,8,6,12,19,4,6,1,2,1,0,1.62,3.28,3.78,2023-24
SP1,06/10/2023,Real Madrid,Osasuna,1,0,A,1,0,H,13,8,5,2,11,12,4,4,2,1,0,1,1.92,3.82,5.76,2023-24
SP1,13/10/2023,Real Madrid,Celta Vigo,0,4,A,0,1,A,13,5,7,2,10,13,10,4,3,2,0,0,4.0,3.26,3.53,2023-24
SP1,20/10/2023,Real Madrid,Getafe,2,2,A,0,0,D,29,5,6,3,11,14,7,8,1,1,0,0,2.85,3.95,5.22,2023-24
SP1,27/10/2023,Real Madrid,Rayo Vallecano,1,1,D,1,0,H,15,8,6,1,17,11,2,1,2,3,0,0,3.83,3.5,4.96,2023-24
SP1,03/11/2023,Real Madrid,Girona,0,1,A,0,1,A,14,11,2,5,13,16,7,3,1,2,0,0,2.52,3.19,4.86,2023-24
SP1,10/11/2023,Real Madrid,Mallorca,2,1,H,2,1,H,18,6,7,2,7,10,8,3,2,3,0,0,2.46,3.94,3.25,2023-24
SP1,17/11/2023,Real Madrid,Almeria,0,2,A,0,0,D,12,10,6,4,9,13,6,2,0,3,0,0,2.55,3.43,1.98,2023-24
SP1,24/11/2023,Real Madrid,Cadiz,1,0,H,1,0,H,19,14,2,4,12,9,5,6,3,5,0,0,2.33,3.0,4.1,2023-24
SP1,01/12/2023,Real Madrid,Granada,0,2,H,0,2,A,7,7,5,4,13,9,3,2,2,1,0,0,2.86,3.34,4.77,2023-24
SP1,08/12/2023,Real Madrid,Las Palmas,1,1,D,0,1,A,10,9,3,5,16,11,6,2,7,1,0,1,4.37,3.96,2.99,2023-24
SP1,15/12/2023,Real Madrid,Leganes,4,0,H,0,0,D,11,19,0,7,10,14,3,3,3,2,0,0,4.2,2.92,5.88,2023-24
SP1,22/12/2023,Barcelona,Real Madrid,1,1,D,1,0,H,9,9,4,3,13,18,1,3,3,3,0,0,4.32,3.42,5.78,2023-24
SP1,29/12/2023,Barcelona,Atletico Madrid,4,0,H,1,0,H,16,8,2,3,10,15,7,3,0,1,0,0,3.32,3.99,2.77,2023-24
SP1,05/01/2024,Barcelona,Sevilla,4,0,H,1,0,H,11,13,3,2,8,14,2,3,0,1,0,0,1.53,3.03,2.82,2023-24
SP1,12/01/2024,Barcelona,Real Sociedad,3,3,D,1,0,H,10,13,3,6,9,10,4,5,0,0,0,0,2.91,3.26,4.35,2023-24
SP1,19/01/2024,Barcelona,Villarreal,2,0,H,0,0,D,12,9,5,3,13,7,6,4,4,2,0,0,2.91,3.19,2.05,2023-24
SP1,26/01/2024,Barcelona,Athletic Club,4,0,H,0,0,D,14,11,6,2,25,5,3,4,1,2,0,0,2.22,3.23,5.84,2023-24
SP1,02/02/2024,Barcelona,Valencia,1,3,A,1,0,H,13,9,8,6,10,9,3,3,5,2,0,0,3.87,3.17,3.76,2023-24
SP1,09/02/2024,Barcelona,Real Betis,2,2,A,2,1,H,21,7,5,8,9,10,4,5,3,1,0,0,2.7,3.39,4.17,2023-24
SP1,16/02/2024,Barcelona,Osasuna,1,0,H,0,0,D,13,7,4,2,18,10,5,3,1,1,0,0,2.47,3.47,3.36,2023-24
SP1,23/02/2024,Barcelona,Celta Vigo,0,1,H,0,0,D,17,12,4,3,13,11,6,2,2,4,0,0,4.41,3.1,3.91,2023-24
SP1,01/03/2024,Barcelona,Getafe,2,1,H,0,0,D,13,8,6,3,9,9,5,3,2,0,0,0,4.14,3.37,3.3,2023-24
SP1,08/03/2024,Barcelona,Rayo Vallecano,2,1,H,0,1,A,17,9,6,5,14,14,6,4,2,2,0,1,3.76,3.36,5.54,2023-24
SP1,15/03/2024,Barcelona,Girona,3,0,H,0,0,D,19,11,2,2,10,17,5,4,3,0,0,0,4.26,3.64,3.78,2023-24
SP1,22/03/2024,Barcelona,Mallorca,1,0,H,1,0,H,15,12,9,3,14,19,2,7,0,4,0,0,2.58,3.4,4.69,2023-24
SP1,29/03/2024,Barcelona,Almeria,1,1,A,1,0,H,14,8,6,2,13,10,3,2,1,2,1,0,3.79,3.44,2.26,2023-24
SP1,05/04/2024,Barcelona,Cadiz,1,1,H,1,1,D,13,16,8,6,7,13,4,5,2,1,0,0,2.45,3.58,2.56,2023-24
SP1,12/04/2024,Barcelona,Granada,1,0,H,0,0,D,7,17,2,5,19,19,8,2,1,5,0,0,4.09,3.92,2.67,2023-24
SP1,19/04/2024,Barcelona,Las Palmas,1,1,D,0,1,A,15,6,6,3,10,12,6,8,1,4,0,0,1.56,3.42,4.28,2023-24
SP1,26/04/2024,Barcelona,Leganes,1,1,H,0,1,A,9,15,4,5,9,16,6,5,3,2,0,0,4.34,3.83,3.67,2023-24
SP1,03/05/2024,Atletico Madrid,Real Madrid,0,0,D,0,0,D,14,7,3,2,11,13,5,2,1,3,0,0,3.84,3.06,2.25,2023-24
SP1,10/05/2024,Atletico Madrid,Barcelona,3,3,A,2,0,H,23,12,7,4,10,11,5,4,4,1,0,0,2.09,3.03,3.31,2023-24
SP1,17/05/2024,Atletico Madrid,Sevilla,2,2,D,1,0,H,16,16,5,2,8,15,8,2,0,0,0,0,1.6,3.82,3.86,2023-24
SP1,24/05/2024,Atletico Madrid,Real Sociedad,1,2,H,1,2,A,13,13,3,7,10,14,6,2,1,0,0,0,1.6,3.6,3.52,2023-24
SP1,11/08/2023,Atletico Madrid,Villarreal,0,1,A,0,1,A,16,9,4,1,13,5,4,1,1,1,0,0,2.45,3.39,5.28,2023-24
SP1,18/08/2023,Atletico Madrid,Athletic Club,0,2,A,0,0,D,8,9,7,5,14,10,4,6,2,1,0,0,2.56,3.79,2.87,2023-24
SP1,25/08/2023,Atletico Madrid,Valencia,1,0,H,0,0,D,10,12,3,5,13,13,8,4,3,3,0,0,2.86,2.83,1.93,2023-24
SP1,01/09/2023,Atletico Madrid,Real Betis,2,2,D,1,2,A,18,12,5,2,12,9,7,3,1,3,0,0,1.99,3.48,3.44,2023-24
SP1,08/09/2023,Atletico Madrid,Osasuna,2,0,H,0,0,D,17,6,3,1,15,10,7,0,2,0,0,0,3.35,3.13,5.72,2023-24
SP1,15/09/2023,Atletico Madrid,Celta Vigo,0,0,D,0,0,D,17,16,8,2,14,8,3,7,3,2,0,0,4.1,2.98,4.66,2023-24
SP1,22/09/2023,Atletico Madrid,Getafe,1,1,H,0,0,D,13,9,8,6,12,18,7,5,0,2,0,0,1.52,3.9,6.0,2023-24
SP1,29/09/2023,Atletico Madrid,Rayo Vallecano,2,2,D,1,1,D,8,9,5,5,14,8,9,5,3,5,0,0,3.95,2.87,5.52,2023-24
SP1,06/10/2023,Atletico Madrid,Girona,3,1,H,0,0,D,11,11,5,1,12,9,2,6,1,3,0,0,2.99,3.31,5.09,2023-24
SP1,13/10/2023,Atletico Madrid,Mallorca,2,0,H,0,0,D,10,7,3,9,13,14,2,6,3,1,0,0,1.95,3.84,4.18,2023-24
SP1,20/10/2023,Atletico Madrid,Almeria,1,1,D,1,0,H,8,14,5,2,16,14,6,2,0,3,0,0,2.1,3.48,2.81,2023-24
SP1,27/10/2023,Atletico Madrid,Cadiz,2,1,H,2,1,H,13,15,4,3,10,18,2,6,1,2,0,0,2.24,3.82,3.72,2023-24
SP1,03/11/2023,Atletico Madrid,Granada,1,0,H,1,0,H,8,6,7,5,11,14,6,4,2,4,0,0,2.45,3.56,4.58,2023-24
SP1,10/11/2023,Atletico Madrid,Las Palmas,4,1,H,1,1,D,18,10,4,1,17,11,2,5,0,3,0,0,1.6,3.26,3.18,2023-24
SP1,17/11/2023,Atletico Madrid,Leganes,5,2,H,1,0,H,12,14,5,3,8,13,5,5,0,4,0,0,3.42,3.24,4.37,2023-24
SP1,24/11/2023,Sevilla,Real Madrid,1,0,H,0,0,D,13,12,7,3,18,10,5,3,3,3,0,0,3.91,3.36,4.12,2023-24
SP1,01/12/2023,Sevilla,Barcelona,1,2,A,1,0,H,11,17,0,4,3,15,1,2,4,4,0,0,2.89,3.72,2.16,2023-24
SP1,08/12/2023,Sevilla,Atletico Madrid,1,1,D,1,0,H,11,14,4,5,17,7,7,1,5,2,0,0,3.97,3.44,4.31,2023-24
SP1,15/12/2023,Sevilla,Real Sociedad,0,1,H,0,0,D,14,13,4,1,14,15,3,4,0,5,0,0,2.89,3.33,2.5,2023-24
SP1,22/12/2023,Sevilla,Villarreal,0,0,D,0,0,D,12,10,7,5,13,16,5,5,1,2,0,0,3.46,3.64,5.16,2023-24
SP1,29/12/2023,Sevilla,Athletic Club,0,0,H,0,0,D,11,8,7,1,10,3,6,7,2,1,0,0,4.01,3.24,4.31,2023-24
SP1,05/01/2024,Sevilla,Valencia,2,2,D,1,0,H,12,10,4,4,12,8,5,4,4,3,0,0,3.68,3.0,4.15,2023-24
SP1,12/01/2024,Sevilla,Real Betis,0,2,H,0,0,D,15,9,3,4,13,12,3,4,0,2,0,0,4.05,3.32,2.72,2023-24
SP1,19/01/2024,Sevilla,Osasuna,1,1,A,1,0,H,16,7,5,3,10,11,3,4,3,2,0,0,2.77,3.73,2.59,2023-24
SP1,26/01/2024,Sevilla,Celta Vigo,5,0,H,0,0,D,18,4,10,4,15,6,8,3,2,1,0,0,3.22,3.57,4.04,2023-24
SP1,02/02/2024,Sevilla,Getafe,3,0,H,0,0,D,18,13,5,3,10,14,8,4,3,3,0,0,2.08,3.81,5.43,2023-24
SP1,09/02/2024,Sevilla,Rayo Vallecano,2,2,D,1,2,A,14,9,3,6,12,12,5,5,2,4,0,0,3.68,3.97,5.08,2023-24
SP1,16/02/2024,Sevilla,Girona,1,1,D,1,0,H,11,8,9,6,8,10,4,4,1,0,0,0,3.81,3.63,2.57,2023-24
SP1,23/02/2024,Sevilla,Mallorca,1,0,H,1,0,H,13,12,5,6,8,15,8,6,1,4,0,0,3.8,3.11,4.68,2023-24
SP1,01/03/2024,Sevilla,Almeria,3,0,H,1,0,H,11,8,4,4,10,14,6,0,1,1,0,0,4.42,3.21,2.91,2023-24
SP1,08/03/2024,Sevilla,Cadiz,4,1,H,1,1,D,18,10,5,2,11,19,3,3,1,0,0,0,2.98,3.21,4.82,2023-24
SP1,15/03/2024,Sevilla,Granada,2,0,H,0,0,D,5,12,4,0,12,10,4,3,1,1,0,0,3.61,3.44,1.91,2023-24
SP1,22/03/2024,Sevilla,Las Palmas,4,1,H,0,0,D,7,9,9,8,10,11,7,2,1,1,0,0,1.58,3.46,5.58,2023-24
SP1,29/03/2024,Sevilla,Leganes,2,2,D,1,1,D,11,8,3,6,12,11,5,2,3,2,0,0,3.05,3.59,3.86,2023-24
SP1,05/04/2024,Real Sociedad,Real Madrid,0,0,D,0,0,D,15,10,5,4,16,18,10,4,4,1,0,0,1.66,3.6,2.65,2023-24
SP1,12/04/2024,Real Sociedad,Barcelona,1,1,D,0,1,A,20,12,8,4,10,6,1,2,1,3,0,0,3.87,3.9,2.87,2023-24
SP1,19/04/2024,Real Sociedad,Atletico Madrid,1,1,H,1,0,H,13,8,3,4,17,10,2,2,1,1,0,0,3.48,3.1,2.97,2023-24
SP1,26/04/2024,Real Sociedad,Sevilla,0,0,H,0,0,D,19,8,4,5,10,12,3,5,2,3,0,0,1.58,3.71,3.52,2023-24
SP1,03/05/2024,Real Sociedad,Villarreal,1,1,A,1,1,D,16,7,4,1,13,10,4,2,2,3,1,0,2.7,3.71,2.03,2023-24
SP1,10/05/2024,Real Sociedad,Athletic Club,1,1,H,0,0,D,25,14,3,5,5,9,11,2,1,3,0,0,1.66,3.13,2.45,2023-24
SP1,17/05/2024,Real Sociedad,Valencia,1,1,H,1,1,D,10,12,4,3,16,8,9,7,1,0,0,0,3.0,3.1,1.86,2023-24
SP1,24/05/2024,Real Sociedad,Real Betis,3,0,H,0,0,D,12,9,4,5,12,9,7,5,1,0,0,0,3.64,3.3,5.55,2023-24
SP1,11/08/2023,Real Sociedad,Osasuna,1,0,H,0,0,D,15,9,6,1,12,17,3,5,1,1,0,0,1.89,3.41,4.65,2023-24
SP1,18/08/2023,Real Sociedad,Celta Vigo,3,0,H,1,0,H,12,9,2,2,11,7,5,3,2,0,0,0,2.77,2.97,5.97,2023-24
SP1,25/08/2023,Real Sociedad,Getafe,1,1,A,0,0,D,10,17,6,6,14,18,5,4,2,1,1,0,3.22,3.96,2.38,2023-24
SP1,01/09/2023,Real Sociedad,Rayo Vallecano,1,1,D,0,0,D,13,15,1,4,7,12,6,1,1,0,0,0,4.18,3.9,3.86,2023-24
SP1,08/09/2023,Real Sociedad,Girona,0,0,D,0,0,D,11,10,4,3,15,14,7,1,1,0,0,0,4.31,3.07,3.16,2023-24
SP1,15/09/2023,Real Sociedad,Mallorca,0,3,A,0,0,D,16,10,5,9,6,13,3,7,4,1,0,0,3.87,3.51,3.59,2023-24
SP1,22/09/2023,Real Sociedad,Almeria,0,0,D,0,0,D,11,13,3,1,15,14,6,4,6,2,0,0,3.52,3.28,5.06,2023-24
SP1,29/09/2023,Real Sociedad,Cadiz,3,2,H,2,1,H,12,9,5,3,12,8,3,4,0,1,0,1,4.1,2.91,5.92,2023-24
SP1,06/10/2023,Real Sociedad,Granada,0,0,D,0,0,D,10,15,3,4,14,19,2,2,0,4,0,0,1.8,2.87,5.29,2023-24
SP1,13/10/2023,Real Sociedad,Las Palmas,1,1,D,1,0,H,10,11,5,8,15,8,4,3,1,3,0,0,3.91,3.34,4.17,2023-24
SP1,20/10/2023,Real Sociedad,Leganes,2,4,H,2,1,H,17,11,4,3,4,11,5,5,5,1,0,0,2.03,2.96,4.73,2023-24
SP1,27/10/2023,Villarreal,Real Madrid,0,0,A,0,0,D,14,12,5,4,11,7,1,2,3,1,0,0,2.7,3.33,3.6,2023-24
SP1,03/11/2023,Villarreal,Barcelona,3,3,D,2,0,H,13,13,5,7,8,10,7,4,1,2,0,0,1.74,3.24,4.56,2023-24
SP1,10/11/2023,Villarreal,Atletico Madrid,1,1,D,1,1,D,12,14,7,5,14,6,3,1,2,2,0,0,3.71,3.92,2.9,2023-24
SP1,17/11/2023,Villarreal,Sevilla,0,1,A,0,1,A,10,6,0,0,15,14,5,3,2,1,0,0,3.29,3.84,4.6,2023-24
SP1,24/11/2023,Villarreal,Real Sociedad,1,1,D,1,1,D,10,10,3,5,9,15,6,3,2,0,0,0,1.66,2.92,2.15,2023-24
SP1,01/12/2023,Villarreal,Athletic Club,1,1,D,0,1,A,12,15,4,6,11,16,10,8,3,0,0,0,3.1,3.06,4.65,2023-24
SP1,08/12/2023,Villarreal,Valencia,0,2,A,0,0,D,16,11,2,4,11,13,3,3,1,1,0,0,3.85,3.16,3.93,2023-24
SP1,15/12/2023,Villarreal,Real Betis,1,1,H,0,0,D,15,10,7,4,13,8,6,4,1,1,1,0,2.93,3.85,4.33,2023-24
SP1,22/12/2023,Villarreal,Osasuna,0,1,A,0,1,A,13,7,4,5,9,16,5,2,1,1,0,0,2.02,3.27,3.7,2023-24
SP1,29/12/2023,Villarreal,Celta Vigo,0,0,D,0,0,D,13,6,3,2,13,13,4,5,2,3,0,0,1.83,3.74,5.91,2023-24
SP1,05/01/2024,Villarreal,Getafe,0,0,D,0,0,D,17,17,7,6,15,12,3,7,5,1,0,0,3.57,3.86,5.6,2023-24
SP1,12/01/2024,Villarreal,Rayo Vallecano,2,3,H,2,0,H,8,9,10,0,10,15,5,5,8,0,0,0,1.55,3.23,3.84,2023-24
SP1,19/01/2024,Villarreal,Girona,0,0,D,0,0,D,22,8,4,1,15,8,4,6,1,5,0,0,3.19,3.03,4.59,2023-24
SP1,26/01/2024,Villarreal,Mallorca,1,1,H,0,1,A,13,17,6,2,12,15,5,6,0,2,0,0,1.96,3.86,3.15,2023-24
SP1,02/02/2024,Villarreal,Almeria,2,1,H,1,0,H,12,10,7,2,8,12,9,4,2,0,0,0,1.88,3.2,5.69,2023-24
SP1,09/02/2024,Villarreal,Cadiz,0,4,A,0,1,A,16,7,3,1,11,7,5,6,2,0,0,0,3.38,3.76,2.52,2023-24
SP1,16/02/2024,Villarreal,Granada,2,4,A,2,1,H,10,5,2,7,8,15,11,6,2,2,0,1,2.39,3.47,3.1,2023-24
SP1,23/02/2024,Villarreal,Las Palmas,3,1,H,0,0,D,15,10,6,4,13,10,6,2,0,2,0,0,1.6,3.18,2.43,2023-24
SP1,01/03/2024,Villarreal,Leganes,0,0,H,0,0,D,16,9,4,1,12,7,2,4,1,3,0,0,2.81,3.31,5.59,2023-24
SP1,08/03/2024,Athletic Club,Real Madrid,3,0,H,1,0,H,10,4,4,6,12,17,6,6,1,1,0,0,4.09,3.25,5.92,2023-24
SP1,15/03/2024,Athletic Club,Barcelona,3,2,H,2,2,D,12,16,8,2,13,13,7,4,3,0,0,0,2.75,3.55,5.72,2023-24
SP1,22/03/2024,Athletic Club,Atletico Madrid,3,0,H,1,0,H,12,12,4,3,10,10,2,4,2,2,1,0,2.76,3.18,2.64,2023-24
SP1,29/03/2024,Athletic Club,Sevilla,0,0,H,0,0,D,12,7,3,5,12,5,6,4,4,1,0,0,3.86,3.86,2.05,2023-24
SP1,05/04/2024,Athletic Club,Real Sociedad,1,0,A,1,0,H,14,13,4,7,11,14,5,4,2,4,1,0,4.32,3.28,3.16,2023-24
SP1,12/04/2024,Athletic Club,Villarreal,2,1,H,0,0,D,13,7,7,2,19,15,6,5,1,3,0,0,3.8,3.27,2.17,2023-24
SP1,19/04/2024,Athletic Club,Valencia,2,1,H,0,0,D,11,2,6,3,11,12,8,3,2,4,0,0,3.14,3.1,2.01,2023-24
SP1,26/04/2024,Athletic Club,Real Betis,3,0,H,1,0,H,14,7,4,3,13,9,6,5,1,3,0,1,3.33,3.57,4.89,2023-24
SP1,03/05/2024,Athletic Club,Osasuna,6,0,H,0,0,D,17,8,5,4,13,9,6,7,0,1,0,0,4.48,3.11,3.39,2023-24
SP1,10/05/2024,Athletic Club,Celta Vigo,0,0,D,0,0,D,15,5,7,2,10,12,6,2,1,3,0,0,3.87,3.87,4.54,2023-24
SP1,17/05/2024,Athletic Club,Getafe,3,3,D,1,2,A,14,12,4,7,9,10,2,3,3,0,0,0,3.18,2.84,5.61,2023-24
SP1,24/05/2024,Athletic Club,Rayo Vallecano,0,1,H,0,0,D,10,14,7,4,19,14,6,3,1,1,0,0,4.46,3.66,4.03,2023-24
SP1,11/08/2023,Athletic Club,Girona,0,2,A,0,0,D,9,14,3,3,5,9,3,4,2,5,0,0,2.25,3.49,5.14,2023-24
SP1,18/08/2023,Athletic Club,Mallorca,0,1,H,0,0,D,19,8,2,3,7,14,7,3,4,1,0,0,1.99,3.41,5.4,2023-24
SP1,25/08/2023,Athletic Club,Almeria,3,2,A,0,0,D,11,9,7,5,17,11,3,5,0,4,0,0,2.55,2.9,2.92,2023-24
SP1,01/09/2023,Athletic Club,Cadiz,3,0,H,0,0,D,15,8,5,11,12,14,5,3,3,4,0,0,1.82,3.88,4.01,2023-24
SP1,08/09/2023,Athletic Club,Granada,2,0,H,1,0,H,7,3,4,4,14,8,4,3,1,0,0,1,2.61,3.85,4.39,2023-24
SP1,15/09/2023,Athletic Club,Las Palmas,4,0,H,0,0,D,12,11,3,7,8,11,4,3,1,1,0,0,2.52,3.58,3.94,2023-24
SP1,22/09/2023,Athletic Club,Leganes,1,0,A,1,0,H,12,10,3,3,11,15,6,4,0,2,0,0,2.37,3.2,4.19,2023-24
SP1,29/09/2023,Valencia,Real Madrid,2,0,A,0,0,D,10,14,5,6,12,12,3,1,1,3,0,0,1.84,3.19,2.18,2023-24
SP1,06/10/2023,Valencia,Barcelona,6,0,H,1,0,H,14,7,6,1,17,7,7,3,2,0,0,0,3.22,3.72,2.92,2023-24
SP1,13/10/2023,Valencia,Atletico Madrid,2,2,D,2,2,D,28,18,2,3,9,9,3,2,2,1,1,1,3.94,3.69,2.96,2023-24
SP1,20/10/2023,Valencia,Sevilla,0,2,A,0,0,D,14,15,5,6,10,15,3,1,2,5,0,0,3.24,3.25,2.45,2023-24
SP1,27/10/2023,Valencia,Real Sociedad,1,1,D,0,1,A,15,11,6,1,6,12,6,2,0,4,0,0,2.31,3.39,5.89,2023-24
SP1,03/11/2023,Valencia,Villarreal,0,1,A,0,1,A,9,8,3,2,11,11,5,5,0,2,0,0,2.89,3.59,4.06,2023-24
SP1,10/11/2023,Valencia,Athletic Club,1,3,A,1,1,D,13,8,6,7,14,13,8,5,1,1,0,0,1.89,3.84,2.03,2023-24
SP1,17/11/2023,Valencia,Real Betis,3,2,A,0,0,D,16,13,9,2,13,10,7,3,1,1,0,0,4.11,3.41,4.52,2023-24
SP1,24/11/2023,Valencia,Osasuna,1,1,H,1,1,D,10,8,11,4,17,8,4,2,0,3,0,0,3.42,3.9,2.63,2023-24
SP1,01/12/2023,Valencia,Celta Vigo,1,1,D,0,1,A,17,10,7,5,10,13,5,1,2,3,0,0,2.58,3.52,4.72,2023-24
SP1,08/12/2023,Valencia,Getafe,1,1,D,0,1,A,10,8,8,2,5,11,5,5,0,2,0,0,1.95,3.14,4.28,2023-24
SP1,15/12/2023,Valencia,Rayo Vallecano,0,0,D,0,0,D,14,8,5,6,17,16,4,3,1,1,0,0,2.18,3.21,4.54,2023-24
SP1,22/12/2023,Valencia,Girona,1,1,D,1,0,H,16,5,5,3,14,18,6,0,2,1,0,0,3.23,3.01,5.88,2023-24
SP1,29/12/2023,Valencia,Mallorca,1,1,D,1,0,H,20,10,2,9,21,14,7,3,2,2,0,0,3.9,3.88,3.73,2023-24
SP1,05/01/2024,Valencia,Almeria,2,2,D,0,2,A,17,6,4,4,14,14,10,4,4,1,0,0,3.23,3.7,3.7,2023-24
SP1,12/01/2024,Valencia,Cadiz,2,0,H,0,0,D,14,14,4,1,14,10,0,4,3,4,0,0,1.91,3.31,4.47,2023-24
SP1,19/01/2024,Valencia,Granada,1,2,H,1,0,H,15,11,4,3,10,17,5,3,1,3,0,0,4.41,3.29,2.06,2023-24
SP1,26/01/2024,Valencia,Las Palmas,2,0,H,0,0,D,13,9,4,4,10,13,7,2,3,1,0,0,3.45,3.07,5.51,2023-24
SP1,02/02/2024,Valencia,Leganes,1,0,H,0,0,D,18,9,4,4,11,17,6,3,2,1,0,0,2.95,3.81,3.46,2023-24
SP1,09/02/2024,Real Betis,Real Madrid,3,1,A,0,1,A,19,6,8,2,15,8,4,2,1,4,0,0,3.02,3.25,3.82,2023-24
SP1,16/02/2024,Real Betis,Barcelona,2,2,D,1,1,D,8,8,6,5,13,22,5,4,5,2,0,0,3.85,3.31,5.82,2023-24
SP1,23/02/2024,Real Betis,Atletico Madrid,1,0,H,1,0,H,10,9,5,5,11,14,8,2,1,3,0,0,1.56,3.42,3.26,2023-24
SP1,01/03/2024,Real Betis,Sevilla,0,1,A,0,0,D,8,8,3,6,13,10,4,6,2,2,0,0,4.11,3.58,5.86,2023-24
SP1,08/03/2024,Real Betis,Real Sociedad,1,1,A,1,1,D,11,6,8,6,11,12,6,5,0,3,1,0,3.57,3.83,3.09,2023-24
SP1,15/03/2024,Real Betis,Villarreal,2,1,H,1,1,D,9,10,4,3,5,17,4,2,0,1,1,0,2.4,2.87,2.49,2023-24
SP1,22/03/2024,Real Betis,Athletic Club,2,1,H,0,1,A,16,15,3,3,11,15,7,7,2,3,0,0,4.46,3.66,4.44,2023-24
SP1,29/03/2024,Real Betis,Valencia,2,0,H,1,0,H,16,10,8,5,8,11,4,2,1,2,0,0,2.26,2.87,3.66,2023-24
SP1,05/04/2024,Real Betis,Osasuna,2,0,H,1,0,H,9,6,6,1,12,11,0,2,0,0,0,0,1.53,2.94,3.03,2023-24
SP1,12/04/2024,Real Betis,Celta Vigo,1,0,H,1,0,H,17,13,4,4,10,15,4,8,2,0,0,0,2.65,2.96,5.51,2023-24
SP1,19/04/2024,Real Betis,Getafe,1,1,D,1,1,D,16,14,7,7,10,13,4,5,3,2,0,0,1.76,3.94,2.98,2023-24
SP1,26/04/2024,Real Betis,Rayo Vallecano,1,1,A,0,0,D,12,9,2,5,11,14,6,3,1,3,1,1,3.8,3.7,5.99,2023-24
SP1,03/05/2024,Real Betis,Girona,1,1,A,1,1,D,18,13,8,4,10,15,2,4,2,0,0,0,2.29,3.63,1.92,2023-24
SP1,10/05/2024,Real Betis,Mallorca,2,2,H,1,0,H,17,7,3,2,12,9,3,4,2,1,0,0,1.57,3.4,4.17,2023-24
SP1,17/05/2024,Real Betis,Almeria,1,1,H,1,1,D,18,4,8,0,17,9,4,7,1,4,0,0,3.6,3.23,3.08,2023-24
SP1,24/05/2024,Real Betis,Cadiz,2,2,A,0,2,A,13,13,6,5,10,11,6,4,5,0,0,0,3.01,3.05,2.34,2023-24
SP1,11/08/2023,Real Betis,Granada,0,0,D,0,0,D,16,12,3,4,10,12,3,6,1,0,0,0,2.97,3.57,4.2,2023-24
SP1,18/08/2023,Real Betis,Las Palmas,1,1,H,1,0,H,10,9,6,5,21,9,2,6,1,0,0,1,2.31,3.11,2.25,2023-24
SP1,25/08/2023,Real Betis,Leganes,1,1,D,1,1,D,19,9,8,4,14,12,1,8,2,3,0,0,2.23,2.95,3.17,2023-24
SP1,01/09/2023,Osasuna,Real Madrid,1,0,H,0,0,D,11,12,5,8,10,13,3,4,1,0,0,0,3.81,3.88,3.86,2023-24
SP1,08/09/2023,Osasuna,Barcelona,1,0,A,0,0,D,12,14,8,4,12,9,6,3,1,2,0,0,1.59,3.51,1.89,2023-24
SP1,15/09/2023,Osasuna,Atletico Madrid,3,2,H,0,0,D,9,11,2,6,11,15,11,3,3,3,0,0,3.49,3.24,4.7,2023-24
SP1,22/09/2023,Osasuna,Sevilla,0,0,H,0,0,D,14,7,7,2,11,17,5,3,0,2,0,0,4.3,2.99,2.53,2023-24
SP1,29/09/2023,Osasuna,Real Sociedad,2,1,H,0,1,A,16,16,4,3,17,12,5,4,2,5,0,0,3.39,3.93,2.85,2023-24
SP1,06/10/2023,Osasuna,Villarreal,3,2,H,1,0,H,14,9,4,5,9,10,8,4,1,0,0,0,3.98,3.27,2.0,2023-24
SP1,13/10/2023,Osasuna,Athletic Club,3,3,D,3,2,H,16,12,7,1,12,16,7,4,3,1,1,0,4.41,3.42,3.61,2023-24
SP1,20/10/2023,Osasuna,Valencia,2,2,D,0,0,D,7,11,5,5,11,10,7,1,2,2,0,0,2.23,3.59,5.71,2023-24
SP1,27/10/2023,Osasuna,Real Betis,2,0,H,2,0,H,22,18,10,3,17,12,4,5,1,1,0,0,2.64,3.14,5.26,2023-24
SP1,03/11/2023,Osasuna,Celta Vigo,0,3,A,0,2,A,15,8,5,5,21,19,2,6,3,0,0,0,3.59,3.95,4.44,2023-24
SP1,10/11/2023,Osasuna,Getafe,2,0,H,2,0,H,9,12,4,2,22,12,3,4,2,2,0,0,2.44,3.22,5.34,2023-24
SP1,17/11/2023,Osasuna,Rayo Vallecano,3,1,H,1,1,D,15,11,3,6,15,13,4,1,4,0,0,0,3.32,3.94,4.68,2023-24
SP1,24/11/2023,Osasuna,Girona,1,1,D,1,1,D,11,14,3,7,15,14,7,7,2,4,0,0,4.42,3.58,4.68,2023-24
SP1,01/12/2023,Osasuna,Mallorca,1,1,A,1,1,D,13,13,6,7,14,7,2,3,2,2,0,0,3.99,3.71,4.36,2023-24
SP1,08/12/2023,Osasuna,Almeria,1,1,H,1,1,D,13,10,3,7,13,13,3,6,1,2,0,0,3.73,2.89,5.31,2023-24
SP1,15/12/2023,Osasuna,Cadiz,1,1,D,1,0,H,13,12,7,2,12,13,6,5,3,1,0,0,2.03,3.15,5.28,2023-24
SP1,22/12/2023,Osasuna,Granada,1,1,A,0,0,D,11,9,4,6,12,9,1,3,2,2,0,0,2.45,3.13,5.15,2023-24
SP1,29/12/2023,Osasuna,Las Palmas,1,1,H,1,1,D,16,12,5,5,4,8,9,4,3,0,0,0,3.45,2.93,2.51,2023-24
SP1,05/01/2024,Osasuna,Leganes,1,1,H,0,1,A,11,9,4,5,15,11,3,3,1,1,0,0,1.63,2.93,3.0,2023-24
SP1,12/01/2024,Celta Vigo,Real Madrid,0,2,A,0,2,A,16,11,6,5,18,9,12,7,1,4,0,0,2.43,3.24,3.99,2023-24
SP1,19/01/2024,Celta Vigo,Barcelona,0,2,A,0,1,A,12,7,5,6,9,15,5,1,2,2,0,0,3.99,3.15,5.22,2023-24
SP1,26/01/2024,Celta Vigo,Atletico Madrid,1,0,H,1,0,H,7,5,4,4,21,8,7,3,1,1,0,0,4.35,3.34,5.8,2023-24
SP1,02/02/2024,Celta Vigo,Sevilla,1,1,D,0,0,D,16,8,8,5,12,14,9,1,0,0,0,0,2.15,3.74,3.88,2023-24
SP1,09/02/2024,Celta Vigo,Real Sociedad,3,3,H,1,1,D,9,11,2,5,15,12,1,5,3,0,0,0,3.02,3.53,5.79,2023-24
SP1,16/02/2024,Celta Vigo,Villarreal,0,0,A,0,0,D,6,17,6,3,15,9,6,3,0,1,0,0,2.21,3.0,3.4,2023-24
SP1,23/02/2024,Celta Vigo,Athletic Club,0,0,D,0,0,D,12,10,2,3,5,13,6,5,0,1,0,0,1.75,2.81,3.6,2023-24
SP1,01/03/2024,Celta Vigo,Valencia,0,0,D,0,0,D,17,12,4,5,16,12,2,2,0,1,0,0,1.53,3.49,4.18,2023-24
SP1,08/03/2024,Celta Vigo,Real Betis,0,3,A,0,0,D,11,7,6,2,18,9,6,3,1,3,0,0,1.71,3.95,3.91,2023-24
SP1,15/03/2024,Celta Vigo,Osasuna,0,0,D,0,0,D,7,17,8,0,20,12,5,2,1,2,0,1,2.77,2.97,4.77,2023-24
SP1,22/03/2024,Celta Vigo,Getafe,2,0,H,0,0,D,11,5,3,4,16,11,7,7,1,0,0,0,2.88,3.66,5.26,2023-24
SP1,29/03/2024,Celta Vigo,Rayo Vallecano,1,1,H,1,1,D,19,10,5,4,13,14,5,6,0,4,0,0,3.83,3.55,5.9,2023-24
SP1,05/04/2024,Celta Vigo,Girona,0,0,H,0,0,D,11,12,3,2,10,10,5,5,1,2,0,0,2.41,3.21,2.68,2023-24
SP1,12/04/2024,Celta Vigo,Mallorca,0,0,D,0,0,D,12,14,5,6,9,15,3,4,5,2,0,0,2.6,3.22,5.03,2023-24
SP1,19/04/2024,Celta Vigo,Almeria,1,1,H,0,1,A,12,7,7,7,10,18,11,4,0,0,0,1,2.39,3.02,2.47,2023-24
SP1,26/04/2024,Celta Vigo,Cadiz,0,2,A,0,1,A,12,11,4,4,13,14,5,3,2,2,0,0,2.76,3.22,3.26,2023-24
SP1,03/05/2024,Celta Vigo,Granada,2,1,H,2,1,H,23,8,6,3,6,14,3,8,3,1,0,0,3.36,3.1,4.53,2023-24
SP1,10/05/2024,Celta Vigo,Las Palmas,0,2,A,0,1,A,15,16,2,2,14,18,7,4,4,1,0,0,1.55,3.96,4.0,2023-24
SP1,17/05/2024,Celta Vigo,Leganes,4,4,D,4,2,H,11,9,2,3,17,17,8,1,2,3,0,0,1.76,3.08,2.39,2023-24
SP1,24/05/2024,Getafe,Real Madrid,3,1,H,2,0,H,12,7,6,3,9,8,4,3,0,1,1,0,3.18,3.56,3.84,2023-24
SP1,11/08/2023,Getafe,Barcelona,2,0,H,0,0,D,13,15,4,6,13,21,7,5,3,0,0,0,2.58,3.73,4.04,2023-24
SP1,18/08/2023,Getafe,Atletico Madrid,1,1,H,0,0,D,15,13,4,1,13,14,5,3,1,0,0,0,4.17,3.23,2.51,2023-24
SP1,25/08/2023,Getafe,Sevilla,2,1,H,0,0,D,10,11,3,2,15,13,4,6,0,2,0,0,1.51,3.43,4.72,2023-24
SP1,01/09/2023,Getafe,Real Sociedad,2,2,H,0,0,D,18,18,3,6,6,11,6,4,2,1,0,0,3.3,3.41,4.16,2023-24
SP1,08/09/2023,Getafe,Villarreal,1,1,H,1,1,D,13,11,12,8,18,18,4,3,6,3,0,0,3.01,3.51,3.63,2023-24
SP1,15/09/2023,Getafe,Athletic Club,1,1,D,0,0,D,10,14,4,2,8,11,3,1,2,2,1,0,1.62,2.84,4.32,2023-24
SP1,22/09/2023,Getafe,Valencia,0,3,A,0,1,A,14,11,7,2,13,15,7,7,1,0,0,1,2.67,3.08,5.99,2023-24
SP1,29/09/2023,Getafe,Real Betis,1,1,A,1,0,H,12,10,5,4,22,7,2,3,1,4,0,0,4.45,3.39,4.01,2023-24
SP1,06/10/2023,Getafe,Osasuna,1,0,A,0,0,D,13,21,10,4,9,14,4,3,4,4,0,0,3.05,3.16,1.89,2023-24
SP1,13/10/2023,Getafe,Celta Vigo,1,2,A,0,0,D,12,14,3,6,15,11,4,5,3,3,0,0,1.88,2.8,1.89,2023-24
SP1,20/10/2023,Getafe,Rayo Vallecano,1,1,H,0,0,D,12,11,4,3,11,9,7,3,0,4,0,0,4.32,3.31,3.02,2023-24
SP1,27/10/2023,Getafe,Girona,3,0,H,1,0,H,11,7,5,4,8,13,2,6,1,4,0,0,2.5,3.81,2.92,2023-24
SP1,03/11/2023,Getafe,Mallorca,1,0,H,1,0,H,12,11,7,1,14,15,5,7,1,2,0,0,3.79,3.64,3.26,2023-24
SP1,10/11/2023,Getafe,Almeria,2,0,H,0,0,D,8,6,5,4,12,13,5,7,3,1,0,0,4.48,2.91,4.81,2023-24
SP1,17/11/2023,Getafe,Cadiz,0,0,A,0,0,D,14,10,8,7,10,15,7,3,2,1,0,0,1.63,3.07,3.14,2023-24
SP1,24/11/2023,Getafe,Granada,0,3,A,0,0,D,14,10,3,6,6,10,4,4,2,3,0,1,2.37,3.57,4.81,2023-24
SP1,01/12/2023,Getafe,Las Palmas,3,3,D,1,0,H,13,7,5,3,10,11,3,6,1,1,0,0,2.6,3.47,4.71,2023-24
SP1,08/12/2023,Getafe,Leganes,4,2,H,0,0,D,14,12,3,8,5,11,6,3,1,2,0,0,3.16,3.93,5.79,2023-24
SP1,15/12/2023,Rayo Vallecano,Real Madrid,1,2,H,0,0,D,14,7,4,2,7,13,6,2,4,3,0,0,2.4,3.2,5.85,2023-24
SP1,22/12/2023,Rayo Vallecano,Barcelona,2,1,H,0,1,A,11,10,6,3,14,5,2,5,2,1,0,0,3.56,3.41,3.04,2023-24
SP1,29/12/2023,Rayo Vallecano,Atletico Madrid,1,2,A,1,0,H,18,4,6,2,15,14,5,4,2,1,0,0,3.27,3.64,2.6,2023-24
SP1,05/01/2024,Rayo Vallecano,Sevilla,3,2,H,0,0,D,13,12,4,4,11,15,8,5,3,3,0,0,2.46,3.83,3.2,2023-24
SP1,12/01/2024,Rayo Vallecano,Real Sociedad,2,3,A,1,0,H,10,8,5,3,12,26,1,3,3,1,1,0,4.42,3.78,3.53,2023-24
SP1,19/01/2024,Rayo Vallecano,Villarreal,2,2,D,0,1,A,16,16,9,3,11,17,6,4,5,4,0,0,1.81,2.87,2.28,2023-24
SP1,26/01/2024,Rayo Vallecano,Athletic Club,2,0,H,0,0,D,15,9,4,8,15,8,1,3,2,0,0,0,2.15,3.03,4.41,2023-24
SP1,02/02/2024,Rayo Vallecano,Valencia,1,1,D,0,0,D,10,11,3,4,15,7,2,3,1,4,0,0,3.35,3.13,3.7,2023-24
SP1,09/02/2024,Rayo Vallecano,Real Betis,2,2,D,1,0,H,14,12,7,4,9,15,6,6,2,1,0,0,3.19,3.4,4.84,2023-24
SP1,16/02/2024,Rayo Vallecano,Osasuna,4,0,H,1,0,H,11,15,6,3,17,11,9,0,2,1,0,1,2.05,3.81,4.98,2023-24
SP1,23/02/2024,Rayo Vallecano,Celta Vigo,0,2,H,0,0,D,16,16,5,3,14,8,4,5,0,4,0,0,3.66,3.2,5.68,2023-24
SP1,01/03/2024,Rayo Vallecano,Getafe,0,1,H,0,1,A,15,9,2,5,13,11,4,3,1,1,0,0,3.55,3.85,2.58,2023-24
SP1,08/03/2024,Rayo Vallecano,Girona,3,0,H,1,0,H,14,12,4,6,18,19,7,4,1,4,0,0,4.09,3.54,4.87,2023-24
SP1,15/03/2024,Rayo Vallecano,Mallorca,1,0,H,1,0,H,11,10,2,4,15,11,6,3,2,1,0,0,3.41,3.7,4.98,2023-24
SP1,22/03/2024,Rayo Vallecano,Almeria,0,0,A,0,0,D,12,7,6,3,14,13,4,4,6,2,0,0,2.75,3.35,2.69,2023-24
SP1,29/03/2024,Rayo Vallecano,Cadiz,1,2,A,1,1,D,12,9,4,3,12,15,6,5,2,1,0,0,2.04,3.83,1.88,2023-24
SP1,05/04/2024,Rayo Vallecano,Granada,2,2,D,1,1,D,13,7,6,3,16,12,4,5,3,1,0,0,2.52,2.86,2.04,2023-24
SP1,12/04/2024,Rayo Vallecano,Las Palmas,0,1,A,0,0,D,13,10,6,7,14,5,6,2,1,1,0,0,1.53,3.34,4.39,2023-24
SP1,19/04/2024,Rayo Vallecano,Leganes,2,1,A,2,1,H,11,14,5,3,15,15,10,2,1,1,0,0,3.58,3.53,3.08,2023-24
SP1,26/04/2024,Girona,Real Madrid,1,1,H,0,0,D,11,9,10,4,9,10,5,7,2,6,0,0,4.27,3.89,3.13,2023-24
SP1,03/05/2024,Girona,Barcelona,0,0,A,0,0,D,10,15,6,3,11,16,3,2,0,4,0,0,2.06,4.0,3.55,2023-24
SP1,10/05/2024,Girona,Atletico Madrid,3,3,D,0,0,D,15,11,10,5,17,11,6,8,1,1,0,0,2.95,3.52,4.61,2023-24
SP1,17/05/2024,Girona,Sevilla,0,2,A,0,0,D,12,6,8,3,8,10,7,5,2,1,0,0,1.74,3.55,5.12,2023-24
SP1,24/05/2024,Girona,Real Sociedad,2,3,A,1,0,H,5,10,7,1,9,8,2,0,5,1,0,0,1.93,3.84,5.11,2023-24
SP1,11/08/2023,Girona,Villarreal,1,1,D,1,1,D,19,15,6,8,11,15,11,5,2,0,0,0,2.69,3.74,3.69,2023-24
SP1,18/08/2023,Girona,Athletic Club,0,2,A,0,0,D,12,14,4,8,14,6,9,2,3,4,0,0,4.21,3.23,4.25,2023-24
SP1,25/08/2023,Girona,Valencia,1,4,A,0,1,A,17,9,4,6,15,8,2,4,3,1,0,0,1.5,3.2,4.95,2023-24
SP1,01/09/2023,Girona,Real Betis,0,2,H,0,1,A,19,15,2,2,12,16,1,6,1,4,0,0,4.09,2.98,3.07,2023-24
SP1,08/09/2023,Girona,Osasuna,3,1,H,1,0,H,14,10,5,3,10,12,3,4,2,2,0,0,1.72,3.82,5.18,2023-24
SP1,15/09/2023,Girona,Celta Vigo,1,1,D,1,0,H,16,12,8,3,11,5,2,2,0,2,0,0,1.8,3.92,3.45,2023-24
SP1,22/09/2023,Girona,Getafe,5,0,H,2,0,H,9,9,8,4,15,11,7,3,1,0,0,0,3.98,3.42,4.7,2023-24
SP1,29/09/2023,Girona,Rayo Vallecano,0,1,H,0,0,D,14,12,8,1,8,11,6,5,4,3,0,0,1.65,3.2,3.45,2023-24
SP1,06/10/2023,Girona,Mallorca,0,0,D,0,0,D,11,8,4,4,21,8,6,6,1,1,0,0,2.66,3.06,2.22,2023-24
SP1,13/10/2023,Girona,Almeria,0,1,H,0,1,A,15,10,4,3,9,7,2,4,1,1,0,0,3.78,3.0,2.81,2023-24
SP1,20/10/2023,Girona,Cadiz,0,1,A,0,0,D,12,12,2,6,12,12,3,4,2,1,0,1,4.01,3.34,3.78,2023-24
SP1,27/10/2023,Girona,Granada,3,3,D,2,0,H,15,16,7,4,18,9,4,7,2,0,0,0,3.52,3.32,3.85,2023-24
SP1,03/11/2023,Girona,Las Palmas,0,0,H,0,0,D,18,15,6,3,13,9,4,3,1,1,0,0,2.43,3.16,4.71,2023-24
SP1,10/11/2023,Girona,Leganes,2,0,H,0,0,D,15,11,4,2,19,16,8,1,4,2,0,0,2.41,2.84,2.71,2023-24
SP1,17/11/2023,Mallorca,Real Madrid,0,4,H,0,1,A,10,5,4,4,12,13,2,3,4,2,0,0,4.13,3.91,4.53,2023-24
SP1,24/11/2023,Mallorca,Barcelona,3,0,H,1,0,H,13,14,2,5,10,11,5,4,2,0,0,0,1.63,3.62,5.21,2023-24
SP1,01/12/2023,Mallorca,Atletico Madrid,0,1,A,0,1,A,25,9,6,8,13,11,5,2,3,1,0,0,3.27,2.8,2.49,2023-24
SP1,08/12/2023,Mallorca,Sevilla,3,0,H,0,0,D,12,8,6,8,12,14,8,7,1,4,1,0,4.01,3.58,3.63,2023-24
SP1,15/12/2023,Mallorca,Real Sociedad,0,0,A,0,0,D,18,11,2,2,6,18,6,9,5,3,0,0,2.33,3.13,3.25,2023-24
SP1,22/12/2023,Mallorca,Villarreal,0,1,A,0,0,D,16,8,1,4,6,8,5,1,2,3,0,0,1.99,3.25,2.11,2023-24
SP1,29/12/2023,Mallorca,Athletic Club,3,0,H,2,0,H,11,11,3,3,13,12,6,4,1,2,0,0,2.25,3.71,4.09,2023-24
SP1,05/01/2024,Mallorca,Valencia,1,3,A,1,1,D,14,4,7,1,8,11,6,3,4,1,0,0,4.14,3.68,4.04,2023-24
SP1,12/01/2024,Mallorca,Real Betis,0,2,A,0,0,D,12,10,4,0,10,16,5,4,2,2,0,0,2.46,3.82,1.86,2023-24
SP1,19/01/2024,Mallorca,Osasuna,1,1,A,1,1,D,14,14,3,0,11,13,2,1,3,1,0,0,3.57,3.58,5.74,2023-24
SP1,26/01/2024,Mallorca,Celta Vigo,0,0,D,0,0,D,13,9,8,7,13,9,6,1,3,1,0,0,1.91,2.91,2.65,2023-24
SP1,02/02/2024,Mallorca,Getafe,0,3,A,0,2,A,6,10,1,4,14,13,4,2,2,4,0,0,3.25,3.2,3.7,2023-24
SP1,09/02/2024,Mallorca,Rayo Vallecano,2,2,D,2,0,H,12,7,3,6,17,14,3,3,1,0,0,0,3.24,3.31,4.38,2023-24
SP1,16/02/2024,Mallorca,Girona,2,0,H,0,0,D,11,6,5,4,12,16,4,2,3,4,1,0,2.09,2.99,2.49,2023-24
SP1,23/02/2024,Mallorca,Almeria,7,1,H,4,1,H,9,10,5,6,10,11,1,4,2,1,0,0,3.87,3.67,4.51,2023-24
SP1,01/03/2024,Mallorca,Cadiz,1,1,H,0,1,A,15,12,7,5,16,11,5,1,4,3,0,0,4.32,3.68,4.5,2023-24
SP1,08/03/2024,Mallorca,Granada,3,3,D,1,1,D,19,11,4,3,15,17,5,6,1,2,0,0,1.93,3.88,4.91,2023-24
SP1,15/03/2024,Mallorca,Las Palmas,2,0,H,0,0,D,9,10,4,4,13,14,5,2,4,3,0,0,2.58,2.92,5.88,2023-24
SP1,22/03/2024,Mallorca,Leganes,1,2,A,0,1,A,15,10,6,3,9,16,6,5,2,1,0,0,3.61,3.89,3.74,2023-24
SP1,29/03/2024,Almeria,Real Madrid,2,1,H,1,0,H,18,7,7,2,3,13,1,7,1,2,0,0,4.36,3.26,5.45,2023-24
SP1,05/04/2024,Almeria,Barcelona,5,0,H,2,0,H,11,8,7,5,24,15,2,0,0,2,0,0,3.14,3.87,4.44,2023-24
SP1,12/04/2024,Almeria,Atletico Madrid,1,1,A,0,0,D,12,12,5,10,16,11,7,2,3,1,0,0,4.0,3.09,4.27,2023-24
SP1,19/04/2024,Almeria,Sevilla,1,0,H,0,0,D,22,9,5,4,12,15,7,8,3,2,0,0,3.39,3.55,2.11,2023-24
SP1,26/04/2024,Almeria,Real Sociedad,1,1,H,1,0,H,7,7,10,4,16,6,3,7,2,0,0,0,2.39,3.81,5.44,2023-24
SP1,03/05/2024,Almeria,Villarreal,3,3,A,1,1,D,16,12,8,7,15,12,2,5,0,0,0,0,3.42,3.84,5.29,2023-24
SP1,10/05/2024,Almeria,Athletic Club,1,1,H,1,0,H,16,7,1,2,8,15,6,1,4,3,0,0,1.57,2.83,4.42,2023-24
SP1,17/05/2024,Almeria,Valencia,0,0,D,0,0,D,11,9,7,4,9,9,7,3,1,0,0,0,4.09,3.97,5.84,2023-24
SP1,24/05/2024,Almeria,Real Betis,2,2,D,0,0,D,6,8,5,1,8,8,1,2,5,0,0,0,3.13,3.93,2.64,2023-24
SP1,11/08/2023,Almeria,Osasuna,1,2,A,0,1,A,18,13,3,1,13,12,3,4,0,1,0,0,2.25,3.41,4.65,2023-24
SP1,18/08/2023,Almeria,Celta Vigo,1,3,A,1,0,H,12,9,4,5,7,17,7,7,4,3,0,0,3.51,3.25,5.61,2023-24
SP1,25/08/2023,Almeria,Getafe,0,0,D,0,0,D,16,12,5,2,17,10,4,8,4,1,0,0,2.21,3.88,5.32,2023-24
SP1,01/09/2023,Almeria,Rayo Vallecano,3,1,H,0,0,D,14,7,3,5,11,12,2,3,6,1,0,0,4.31,3.87,4.28,2023-24
SP1,08/09/2023,Almeria,Girona,2,1,A,0,1,A,8,13,2,3,12,18,5,3,1,4,0,0,2.26,3.8,5.48,2023-24
SP1,15/09/2023,Almeria,Mallorca,1,1,H,1,1,D,9,4,5,3,11,14,8,4,3,2,1,0,2.63,3.96,2.46,2023-24
SP1,22/09/2023,Almeria,Cadiz,1,1,D,1,1,D,9,9,2,1,12,13,9,2,2,1,0,0,2.2,2.85,5.13,2023-24
SP1,29/09/2023,Almeria,Granada,3,3,A,0,1,A,10,7,3,5,9,10,6,6,1,2,0,0,2.23,3.75,2.42,2023-24
SP1,06/10/2023,Almeria,Las Palmas,2,0,H,1,0,H,8,13,4,6,6,15,8,3,1,1,0,0,1.67,3.24,5.28,2023-24
SP1,13/10/2023,Almeria,Leganes,1,1,A,1,1,D,8,13,3,5,9,6,2,3,5,1,1,0,2.84,3.28,2.86,2023-24
SP1,20/10/2023,Cadiz,Real Madrid,1,1,D,1,0,H,11,12,3,5,10,12,4,4,3,2,0,0,2.45,3.39,2.67,2023-24
SP1,27/10/2023,Cadiz,Barcelona,1,1,D,1,0,H,13,12,6,0,12,13,7,4,1,0,0,0,1.84,3.64,3.32,2023-24
SP1,03/11/2023,Cadiz,Atletico Madrid,0,0,H,0,0,D,15,10,6,5,7,9,4,6,2,4,0,0,3.58,3.89,2.99,2023-24
SP1,10/11/2023,Cadiz,Sevilla,0,5,A,0,1,A,15,11,8,1,19,12,5,3,2,1,0,0,1.57,3.08,5.1,2023-24
SP1,17/11/2023,Cadiz,Real Sociedad,0,3,A,0,0,D,18,8,9,1,11,6,4,1,2,1,0,0,3.5,3.85,2.48,2023-24
SP1,24/11/2023,Cadiz,Villarreal,0,1,A,0,0,D,12,9,6,7,10,11,4,5,3,4,1,0,4.3,3.89,5.97,2023-24
SP1,01/12/2023,Cadiz,Athletic Club,2,0,H,0,0,D,10,14,4,6,9,4,4,5,4,0,1,0,3.96,3.96,1.83,2023-24
SP1,08/12/2023,Cadiz,Valencia,1,1,A,0,0,D,18,13,6,2,10,13,2,1,0,0,0,0,1.89,3.96,5.11,2023-24
SP1,15/12/2023,Cadiz,Real Betis,0,1,H,0,0,D,11,12,7,4,20,12,4,2,2,0,0,0,3.9,3.17,2.39,2023-24
SP1,22/12/2023,Cadiz,Osasuna,3,1,H,0,0,D,13,16,6,3,11,7,9,3,1,1,0,0,4.1,3.58,3.48,2023-24
SP1,29/12/2023,Cadiz,Celta Vigo,2,2,D,0,1,A,18,10,3,4,7,10,5,1,2,4,0,0,4.12,3.15,2.04,2023-24
SP1,05/01/2024,Cadiz,Getafe,1,2,A,1,0,H,15,8,8,7,13,19,1,4,3,3,0,0,1.87,3.1,2.32,2023-24
SP1,12/01/2024,Cadiz,Rayo Vallecano,2,1,H,0,0,D,15,13,6,7,9,14,4,3,0,0,0,0,1.91,3.94,4.49,2023-24
SP1,19/01/2024,Cadiz,Girona,1,0,A,1,0,H,9,8,2,5,15,17,5,4,2,1,0,0,2.35,3.46,4.71,2023-24
SP1,26/01/2024,Cadiz,Mallorca,1,1,H,1,1,D,14,13,7,5,8,3,2,3,4,1,0,1,4.31,3.04,3.7,2023-24
SP1,02/02/2024,Cadiz,Almeria,0,0,D,0,0,D,11,8,5,7,6,10,6,3,3,2,0,0,2.11,2.91,4.95,2023-24
SP1,09/02/2024,Cadiz,Granada,0,4,A,0,1,A,14,9,5,5,13,15,4,5,0,1,0,0,4.24,2.82,4.49,2023-24
SP1,16/02/2024,Cadiz,Las Palmas,0,0,D,0,0,D,12,4,5,3,11,11,7,5,1,1,0,0,4.25,3.99,4.64,2023-24
SP1,23/02/2024,Cadiz,Leganes,2,0,H,1,0,H,12,10,9,1,12,11,9,1,3,2,1,0,3.97,3.81,1.82,2023-24
SP1,01/03/2024,Granada,Real Madrid,1,1,D,0,1,A,15,4,0,2,9,11,5,2,0,2,0,0,3.65,3.18,4.16,2023-24
SP1,08/03/2024,Granada,Barcelona,1,4,A,1,2,A,12,13,5,0,11,11,8,4,1,1,0,0,2.57,3.75,5.29,2023-24
SP1,15/03/2024,Granada,Atletico Madrid,1,1,H,1,0,H,21,11,7,2,17,9,6,5,4,1,0,0,3.48,3.87,3.75,2023-24
SP1,22/03/2024,Granada,Sevilla,2,2,D,1,1,D,11,13,7,1,14,10,1,5,1,1,0,0,3.55,3.06,3.41,2023-24
SP1,29/03/2024,Granada,Real Sociedad,0,1,A,0,1,A,12,8,2,3,12,18,3,3,1,1,0,0,4.28,3.06,2.53,2023-24
SP1,05/04/2024,Granada,Villarreal,0,2,A,0,1,A,18,5,6,4,11,9,5,3,0,2,0,0,2.57,3.93,2.04,2023-24
SP1,12/04/2024,Granada,Athletic Club,1,1,D,1,1,D,18,14,6,2,15,8,1,1,1,2,0,0,2.3,3.8,4.11,2023-24
SP1,19/04/2024,Granada,Valencia,1,3,A,1,0,H,8,6,4,3,8,15,5,4,1,2,0,0,4.27,3.05,1.96,2023-24
SP1,26/04/2024,Granada,Real Betis,1,1,H,1,1,D,15,7,6,2,10,19,2,5,2,2,0,0,2.38,2.8,4.6,2023-24
SP1,03/05/2024,Granada,Osasuna,1,1,D,0,1,A,12,11,8,5,8,14,2,4,2,2,0,0,2.41,2.96,5.82,2023-24
SP1,10/05/2024,Granada,Celta Vigo,1,0,H,1,0,H,14,11,2,2,9,14,3,5,1,3,0,0,1.97,3.97,4.6,2023-24
SP1,17/05/2024,Granada,Getafe,0,0,D,0,0,D,13,15,5,5,11,14,6,8,3,2,0,0,3.06,3.72,4.18,2023-24
SP1,24/05/2024,Granada,Rayo Vallecano,3,3,D,1,1,D,8,9,5,5,14,9,4,4,4,2,0,0,2.17,3.65,3.62,2023-24
SP1,11/08/2023,Granada,Girona,1,1,D,1,0,H,16,7,6,6,10,15,5,4,3,1,0,0,4.37,3.9,4.78,2023-24
SP1,18/08/2023,Granada,Mallorca,1,0,H,0,0,D,19,11,4,9,9,12,4,2,5,1,0,0,1.56,3.6,3.36,2023-24
SP1,25/08/2023,Granada,Almeria,2,2,D,2,0,H,11,10,6,2,9,9,2,6,2,2,0,0,2.33,2.81,4.53,2023-24
SP1,01/09/2023,Granada,Cadiz,0,0,A,0,0,D,19,9,4,3,12,16,8,3,1,4,0,1,2.93,3.64,3.86,2023-24
SP1,08/09/2023,Granada,Las Palmas,0,2,A,0,2,A,14,15,9,6,14,15,6,1,1,3,0,0,3.37,3.52,5.13,2023-24
SP1,15/09/2023,Granada,Leganes,2,1,H,1,1,D,17,16,7,4,11,15,8,2,1,2,1,0,1.7,3.58,2.66,2023-24
SP1,22/09/2023,Las Palmas,Real Madrid,0,0,D,0,0,D,11,13,7,2,17,14,4,5,2,3,0,0,3.56,2.92,1.88,2023-24
SP1,29/09/2023,Las Palmas,Barcelona,1,1,H,1,1,D,22,9,6,2,7,8,7,5,2,5,0,1,1.54,3.04,4.64,2023-24
SP1,06/10/2023,Las Palmas,Atletico Madrid,2,2,A,2,0,H,11,10,5,3,10,7,1,2,7,2,0,0,4.19,3.4,2.75,2023-24
SP1,13/10/2023,Las Palmas,Sevilla,5,2,H,0,2,A,10,15,9,2,13,8,6,6,1,3,0,0,2.75,3.38,2.34,2023-24
SP1,20/10/2023,Las Palmas,Real Sociedad,1,0,H,1,0,H,15,11,7,6,9,12,3,3,1,1,0,0,1.54,3.09,5.21,2023-24
SP1,27/10/2023,Las Palmas,Villarreal,3,3,D,1,0,H,20,5,1,8,11,10,6,5,2,3,0,0,1.71,3.36,2.48,2023-24
SP1,03/11/2023,Las Palmas,Athletic Club,2,2,D,0,0,D,12,9,4,10,10,10,7,7,4,4,0,0,4.23,3.28,5.15,2023-24
SP1,10/11/2023,Las Palmas,Valencia,0,0,D,0,0,D,14,10,5,6,12,13,2,2,3,3,0,0,1.5,3.84,5.59,2023-24
SP1,17/11/2023,Las Palmas,Real Betis,0,4,A,0,2,A,8,7,1,2,16,10,2,4,0,3,0,0,3.38,3.96,3.3,2023-24
SP1,24/11/2023,Las Palmas,Osasuna,3,1,H,0,0,D,9,8,7,2,13,12,3,1,0,3,0,0,3.01,2.88,4.56,2023-24
SP1,01/12/2023,Las Palmas,Celta Vigo,2,2,D,1,1,D,11,13,9,4,17,6,3,5,3,2,0,0,2.68,3.9,3.25,2023-24
SP1,08/12/2023,Las Palmas,Getafe,3,0,H,3,0,H,13,9,5,2,9,15,4,5,1,1,0,0,4.38,3.67,2.1,2023-24
SP1,15/12/2023,Las Palmas,Rayo Vallecano,1,1,D,0,1,A,12,12,4,3,10,14,6,6,4,2,0,0,2.11,3.53,3.15,2023-24
SP1,22/12/2023,Las Palmas,Girona,1,1,A,0,1,A,15,7,10,2,14,12,6,2,0,4,0,0,1.59,3.5,3.86,2023-24
SP1,29/12/2023,Las Palmas,Mallorca,1,0,H,1,0,H,11,9,7,5,13,16,5,3,3,3,0,0,4.02,3.85,5.16,2023-24
SP1,05/01/2024,Las Palmas,Almeria,1,1,D,0,1,A,13,13,3,4,6,16,5,7,2,2,0,0,1.95,3.11,4.29,2023-24
SP1,12/01/2024,Las Palmas,Cadiz,1,3,A,0,0,D,8,9,4,1,14,12,8,5,2,1,0,0,3.36,2.85,5.81,2023-24
SP1,19/01/2024,Las Palmas,Granada,2,0,H,1,0,H,9,9,6,6,16,5,5,3,3,3,0,0,4.27,4.0,5.88,2023-24
SP1,26/01/2024,Las Palmas,Leganes,0,0,D,0,0,D,17,10,3,2,9,14,3,2,1,2,0,0,2.96,3.86,3.27,2023-24
SP1,02/02/2024,Leganes,Real Madrid,0,0,D,0,0,D,12,9,2,3,18,8,3,8,1,2,0,0,3.41,2.91,5.96,2023-24
SP1,09/02/2024,Leganes,Barcelona,0,2,A,0,0,D,13,9,7,2,18,7,7,4,2,2,0,0,3.22,3.66,5.63,2023-24
SP1,16/02/2024,Leganes,Atletico Madrid,0,0,H,0,0,D,8,11,5,4,14,16,5,4,2,0,0,1,3.71,3.91,3.32,2023-24
SP1,23/02/2024,Leganes,Sevilla,1,0,H,1,0,H,18,6,4,7,12,7,6,3,3,3,0,0,1.61,3.23,5.3,2023-24
SP1,01/03/2024,Leganes,Real Sociedad,3,0,H,0,0,D,15,10,10,6,12,12,5,3,3,6,0,0,1.82,3.1,5.47,2023-24
SP1,08/03/2024,Leganes,Villarreal,0,2,A,0,1,A,11,8,6,5,14,9,6,9,0,1,0,0,1.53,3.79,2.99,2023-24
SP1,15/03/2024,Leganes,Athletic Club,3,0,H,0,0,D,11,10,2,7,19,12,5,3,4,3,0,1,3.77,2.82,4.79,2023-24
SP1,22/03/2024,Leganes,Valencia,3,0,H,1,0,H,21,5,7,3,7,7,4,6,0,2,0,0,2.3,3.32,5.47,2023-24
SP1,29/03/2024,Leganes,Real Betis,1,0,A,1,0,H,15,11,5,9,11,9,3,4,1,3,0,0,3.88,3.39,5.26,2023-24
SP1,05/04/2024,Leganes,Osasuna,1,1,A,1,0,H,11,9,6,2,11,14,6,4,3,4,0,0,1.53,3.2,4.86,2023-24
SP1,12/04/2024,Leganes,Celta Vigo,1,2,H,1,0,H,12,3,2,3,8,19,2,5,2,0,0,0,2.59,3.02,5.4,2023-24
SP1,19/04/2024,Leganes,Getafe,0,0,D,0,0,D,16,18,6,3,19,13,5,5,3,2,0,0,1.77,3.08,5.31,2023-24
SP1,26/04/2024,Leganes,Rayo Vallecano,1,1,D,0,0,D,15,17,5,2,11,10,2,3,0,0,0,0,4.47,3.73,5.24,2023-24
SP1,03/05/2024,Leganes,Girona,1,0,H,0,0,D,13,7,5,5,7,10,4,3,2,1,0,0,3.9,3.94,2.54,2023-24
SP1,10/05/2024,Leganes,Mallorca,0,0,H,0,0,D,19,11,4,4,7,7,5,4,1,6,0,0,4.2,3.5,2.6,2023-24
SP1,17/05/2024,Leganes,Almeria,1,1,H,1,0,H,14,6,1,5,12,12,3,3,2,5,0,0,2.37,3.36,2.53,2023-24
SP1,24/05/2024,Leganes,Cadiz,3,0,H,0,0,D,20,14,5,2,13,10,6,3,3,1,0,0,2.24,3.13,3.51,2023-24
SP1,11/08/2023,Leganes,Granada,2,1,H,0,1,A,11,7,4,5,9,12,5,4,2,1,0,0,3.07,3.49,3.13,2023-24
SP1,18/08/2023,Leganes,Las Palmas,0,0,H,0,0,D,12,7,7,3,16,11,6,4,2,3,0,0,2.56,3.14,5.67,2023-24
SP1,15/08/2024,Real Madrid,Barcelona,0,2,A,0,1,A,12,12,6,2,8,9,11,4,3,1,0,0,1.52,3.4,3.43,2024-25
SP1,22/08/2024,Real Madrid,Atletico Madrid,4,1,A,0,0,D,16,16,6,1,7,10,4,7,3,0,0,0,2.14,3.84,2.04,2024-25
SP1,29/08/2024,Real Madrid,Sevilla,1,1,D,1,1,D,14,12,8,2,20,16,4,6,5,2,0,0,1.74,3.99,2.22,2024-25
SP1,05/09/2024,Real Madrid,Real Sociedad,1,3,A,1,0,H,13,9,4,3,15,22,3,2,2,1,0,0,1.59,3.3,1.96,2024-25
SP1,12/09/2024,Real Madrid,Villarreal,1,1,H,0,1,A,23,11,5,2,11,13,6,6,3,0,0,1,4.49,2.81,2.92,2024-25
SP1,19/09/2024,Real Madrid,Athletic Club,2,1,H,0,1,A,8,12,5,3,18,9,4,5,4,4,0,0,2.19,3.89,2.08,2024-25
SP1,26/09/2024,Real Madrid,Valencia,5,0,H,1,0,H,18,14,8,4,16,7,6,4,1,2,0,0,2.11,3.66,2.79,2024-25
SP1,03/10/2024,Real Madrid,Real Betis,0,0,A,0,0,D,10,13,2,6,16,12,5,0,3,1,0,0,2.81,3.88,5.6,2024-25
SP1,10/10/2024,Real Madrid,Osasuna,1,0,H,1,0,H,9,13,6,7,13,7,2,7,3,2,0,0,1.71,2.86,2.11,2024-25
SP1,17/10/2024,Real Madrid,Celta Vigo,1,1,A,0,1,A,13,10,3,9,9,14,6,3,3,1,0,0,2.11,2.83,2.94,2024-25
SP1,24/10/2024,Real Madrid,Getafe,1,0,H,1,0,H,7,15,6,9,17,8,3,8,1,2,0,1,1.57,2.94,2.42,2024-25
SP1,31/10/2024,Real Madrid,Rayo Vallecano,5,2,H,2,0,H,18,11,5,3,7,9,5,4,0,5,0,0,2.12,2.82,3.55,2024-25
SP1,07/11/2024,Real Madrid,Girona,2,1,H,0,1,A,15,11,4,7,7,8,2,6,1,1,0,0,1.7,3.3,2.74,2024-25
SP1,14/11/2024,Real Madrid,Mallorca,2,0,H,0,0,D,9,10,3,2,12,16,8,3,3,3,0,0,3.38,3.9,3.09,2024-25
SP1,21/11/2024,Real Madrid,Almeria,2,1,H,0,0,D,12,11,5,6,9,6,2,3,1,2,0,0,4.06,2.8,2.51,2024-25
SP1,28/11/2024,Real Madrid,Cadiz,0,0,D,0,0,D,12,7,6,4,10,9,5,3,1,1,0,2,2.73,3.75,3.14,2024-25
SP1,05/12/2024,Real Madrid,Granada,2,0,H,0,0,D,10,20,8,4,11,13,5,5,1,2,0,0,2.14,3.76,5.99,2024-25
SP1,12/12/2024,Real Madrid,Las Palmas,2,3,H,1,0,H,10,11,2,7,13,18,4,8,2,3,0,0,2.05,3.22,4.91,2024-25
SP1,19/12/2024,Real Madrid,Leganes,1,2,A,0,2,A,11,5,4,0,19,15,2,8,4,1,0,0,3.74,3.85,2.88,2024-25
SP1,26/12/2024,Barcelona,Real Madrid,1,1,D,1,1,D,9,8,3,2,11,8,8,6,0,2,0,0,2.01,3.78,2.01,2024-25
SP1,02/01/2025,Barcelona,Atletico Madrid,0,3,A,0,0,D,10,12,8,8,8,5,4,0,1,2,0,0,3.29,2.83,2.71,2024-25
SP1,09/01/2025,Barcelona,Sevilla,2,0,H,1,0,H,11,4,4,1,12,14,3,5,2,1,0,1,2.41,3.69,2.62,2024-25
SP1,16/01/2025,Barcelona,Real Sociedad,3,0,H,0,0,D,12,8,3,3,10,7,3,4,1,0,0,0,3.13,3.41,2.2,2024-25
SP1,23/01/2025,Barcelona,Villarreal,2,2,A,2,1,H,11,16,4,2,18,10,8,6,3,4,0,0,2.91,3.59,3.84,2024-25
SP1,30/01/2025,Barcelona,Athletic Club,0,0,H,0,0,D,23,5,6,4,11,10,5,1,2,4,0,0,3.24,3.16,4.68,2024-25
SP1,06/02/2025,Barcelona,Valencia,0,2,H,0,0,D,15,11,5,3,13,14,5,5,3,5,1,0,4.02,3.88,2.35,2024-25
SP1,13/02/2025,Barcelona,Real Betis,0,1,H,0,0,D,12,11,4,2,16,13,8,6,2,2,0,0,2.98,3.15,3.93,2024-25
SP1,20/02/2025,Barcelona,Osasuna,0,3,H,0,1,A,19,10,6,4,7,11,6,1,2,2,0,0,4.17,2.91,2.18,2024-25
SP1,27/02/2025,Barcelona,Celta Vigo,1,0,H,0,0,D,18,9,9,5,13,8,4,2,2,1,0,0,4.1,3.87,4.38,2024-25
SP1,06/03/2025,Barcelona,Getafe,1,0,H,0,0,D,10,8,4,1,14,17,8,6,1,2,0,0,4.36,3.0,3.29,2024-25
SP1,13/03/2025,Barcelona,Rayo Vallecano,1,1,D,0,0,D,13,11,5,2,8,15,4,7,2,4,0,0,3.69,3.4,4.32,2024-25
SP1,20/03/2025,Barcelona,Girona,2,0,H,0,0,D,12,11,2,3,7,12,7,6,3,1,0,0,3.3,3.47,2.72,2024-25
SP1,27/03/2025,Barcelona,Mallorca,0,0,D,0,0,D,12,17,2,4,11,15,10,3,1,2,0,0,4.04,3.48,2.57,2024-25
SP1,03/04/2025,Barcelona,Almeria,4,1,H,0,0,D,11,8,10,4,13,10,6,10,1,6,0,0,3.5,3.27,4.99,2024-25
SP1,10/04/2025,Barcelona,Cadiz,1,1,H,1,0,H,16,10,5,4,10,10,6,6,3,1,0,0,3.6,3.75,5.44,2024-25
SP1,17/04/2025,Barcelona,Granada,1,1,D,0,1,A,13,6,2,2,10,15,7,7,1,4,0,0,3.65,3.75,4.34,2024-25
SP1,24/04/2025,Barcelona,Las Palmas,2,0,H,1,0,H,7,10,3,5,15,11,3,1,2,2,0,0,3.64,3.54,3.85,2024-25
SP1,01/05/2025,Barcelona,Leganes,1,0,H,1,0,H,11,9,6,5,10,16,4,5,2,2,0,0,2.64,3.14,2.18,2024-25
SP1,08/05/2025,Atletico Madrid,Real Madrid,3,2,H,1,1,D,13,14,4,6,15,13,8,4,1,1,0,0,4.35,3.52,1.91,2024-25
SP1,15/05/2025,Atletico Madrid,Barcelona,3,0,H,1,0,H,11,6,9,5,14,18,4,9,3,4,0,1,4.33,3.98,5.74,2024-25
SP1,22/05/2025,Atletico Madrid,Sevilla,0,0,D,0,0,D,20,9,9,2,11,17,2,6,3,2,0,0,4.45,2.81,3.4,2024-25
SP1,15/08/2024,Atletico Madrid,Real Sociedad,3,1,H,0,0,D,14,7,2,6,15,20,5,3,3,1,1,0,3.43,3.39,2.45,2024-25
SP1,22/08/2024,Atletico Madrid,Villarreal,3,1,H,2,1,H,13,11,6,4,11,11,10,6,1,4,0,1,2.39,3.18,4.79,2024-25
SP1,29/08/2024,Atletico Madrid,Athletic Club,1,1,D,0,0,D,11,5,4,6,11,6,5,5,2,1,0,0,1.74,3.61,2.7,2024-25
SP1,05/09/2024,Atletico Madrid,Valencia,2,0,A,1,0,H,10,10,4,4,11,10,5,6,1,0,0,0,2.22,3.51,4.06,2024-25
SP1,12/09/2024,Atletico Madrid,Real Betis,4,4,D,1,1,D,20,13,4,6,20,9,5,3,3,1,0,0,3.39,3.72,4.82,2024-25
SP1,19/09/2024,Atletico Madrid,Osasuna,2,1,A,0,0,D,15,13,6,8,15,13,4,5,2,3,0,0,2.35,3.06,4.14,2024-25
SP1,26/09/2024,Atletico Madrid,Celta Vigo,1,1,D,0,0,D,12,9,2,5,12,11,2,1,0,3,0,0,4.31,3.66,3.82,2024-25
SP1,03/10/2024,Atletico Madrid,Getafe,0,2,A,0,0,D,14,10,4,3,12,13,6,1,3,4,0,0,3.37,3.15,3.01,2024-25
SP1,10/10/2024,Atletico Madrid,Rayo Vallecano,1,1,D,0,1,A,11,5,3,3,10,11,5,4,2,1,0,0,1.75,2.88,4.73,2024-25
SP1,17/10/2024,Atletico Madrid,Girona,3,0,H,1,0,H,14,7,6,4,13,14,6,6,1,3,0,0,2.5,3.95,2.74,2024-25
SP1,24/10/2024,Atletico Madrid,Mallorca,3,1,H,1,1,D,14,8,5,6,9,8,8,4,7,7,0,0,2.55,3.62,4.93,2024-25
SP1,31/10/2024,Atletico Madrid,Almeria,1,2,H,0,0,D,17,7,2,4,10,18,5,6,3,1,0,0,3.15,3.96,4.74,2024-25
SP1,07/11/2024,Atletico Madrid,Cadiz,3,3,H,1,0,H,12,14,7,3,13,15,2,4,2,3,1,0,3.91,3.29,5.49,2024-25
SP1,14/11/2024,Atletico Madrid,Granada,0,2,A,0,0,D,15,7,4,1,12,3,5,4,1,1,0,0,2.84,3.73,2.93,2024-25
SP1,21/11/2024,Atletico Madrid,Las Palmas,2,0,H,1,0,H,19,9,4,3,14,10,6,2,1,5,0,0,1.66,3.38,5.31,2024-25
SP1,28/11/2024,Atletico Madrid,Leganes,2,2,H,0,1,A,14,6,2,7,12,12,5,7,1,3,0,1,4.18,3.02,3.8,2024-25
SP1,05/12/2024,Sevilla,Real Madrid,3,2,H,0,1,A,13,8,7,4,12,9,9,2,2,0,0,0,3.43,3.23,2.26,2024-25
SP1,12/12/2024,Sevilla,Barcelona,1,1,D,1,0,H,14,10,0,4,8,12,5,4,3,1,0,0,3.51,3.88,5.05,2024-25
SP1,19/12/2024,Sevilla,Atletico Madrid,2,2,D,2,0,H,9,8,4,5,11,10,6,9,1,3,0,0,2.03,3.05,3.49,2024-25
SP1,26/12/2024,Sevilla,Real Sociedad,2,2,A,1,0,H,12,12,3,4,10,15,11,3,2,2,1,0,3.64,2.99,4.98,2024-25
SP1,02/01/2025,Sevilla,Villarreal,2,0,H,1,0,H,8,11,3,0,18,17,2,1,2,1,0,0,3.7,3.45,3.54,2024-25
SP1,09/01/2025,Sevilla,Athletic Club,1,2,H,0,1,A,16,8,4,6,7,12,3,5,3,2,0,2,2.15,3.99,4.04,2024-25
SP1,16/01/2025,Sevilla,Valencia,1,1,D,1,0,H,12,7,8,5,14,8,5,4,3,2,0,0,4.37,3.69,4.4,2024-25
SP1,23/01/2025,Sevilla,Real Betis,1,1,D,1,0,H,14,9,3,3,10,13,6,0,2,2,0,0,3.36,3.6,2.41,2024-25
SP1,30/01/2025,Sevilla,Osasuna,3,0,H,0,0,D,9,9,10,4,10,11,5,2,2,7,1,0,4.2,3.39,3.4,2024-25
SP1,06/02/2025,Sevilla,Celta Vigo,1,1,D,1,1,D,14,12,3,3,18,13,2,3,0,3,0,0,2.62,3.92,3.22,2024-25
SP1,13/02/2025,Sevilla,Getafe,1,0,A,1,0,H,15,10,4,6,15,9,5,7,4,1,0,0,2.44,3.97,4.42,2024-25
SP1,20/02/2025,Sevilla,Rayo Vallecano,0,0,A,0,0,D,13,6,3,0,13,13,5,2,2,4,0,0,1.62,3.26,3.97,2024-25
SP1,27/02/2025,Sevilla,Girona,5,2,A,1,1,D,14,12,3,7,19,7,2,3,0,2,0,0,2.46,3.9,2.32,2024-25
SP1,06/03/2025,Sevilla,Mallorca,0,0,D,0,0,D,12,10,7,6,10,3,7,2,0,1,0,0,2.07,3.53,1.89,2024-25
SP1,13/03/2025,Sevilla,Almeria,0,0,D,0,0,D,12,7,7,5,10,11,3,2,1,0,0,0,2.89,3.63,3.82,2024-25
SP1,20/03/2025,Sevilla,Cadiz,3,1,H,3,1,H,13,10,4,3,7,13,3,4,2,0,0,0,2.91,2.81,4.85,2024-25
SP1,27/03/2025,Sevilla,Granada,4,0,H,0,0,D,11,7,4,7,19,11,6,6,2,0,0,1,2.04,3.65,4.45,2024-25
SP1,03/04/2025,Sevilla,Las Palmas,0,0,D,0,0,D,16,13,4,2,8,10,5,5,2,2,0,0,2.01,3.3,2.67,2024-25
SP1,10/04/2025,Sevilla,Leganes,3,1,H,0,1,A,10,8,3,3,8,15,5,2,5,0,0,0,2.89,3.8,5.56,2024-25
SP1,17/04/2025,Real Sociedad,Real Madrid,1,1,D,1,0,H,14,9,6,3,7,12,4,3,4,1,0,0,2.56,3.79,5.82,2024-25
SP1,24/04/2025,Real Sociedad,Barcelona,3,1,H,2,1,H,23,8,3,6,12,11,3,6,1,4,0,0,4.02,3.49,4.17,2024-25
SP1,01/05/2025,Real Sociedad,Atletico Madrid,1,1,H,1,1,D,10,13,4,3,13,13,5,2,2,3,0,0,2.55,2.89,5.18,2024-25
SP1,08/05/2025,Real Sociedad,Sevilla,4,0,H,0,0,D,11,3,3,2,17,12,4,4,0,3,0,0,1.54,3.32,5.54,2024-25
SP1,15/05/2025,Real Sociedad,Villarreal,0,0,D,0,0,D,8,7,7,4,18,8,4,1,5,1,0,0,2.31,3.81,5.48,2024-25
SP1,22/05/2025,Real Sociedad,Athletic Club,1,1,D,1,0,H,14,8,6,3,12,11,3,2,2,4,0,1,4.09,3.26,5.35,2024-25
SP1,15/08/2024,Real Sociedad,Valencia,3,1,H,0,0,D,13,13,2,5,9,14,4,6,0,2,0,0,4.47,3.22,5.08,2024-25
SP1,22/08/2024,Real Sociedad,Real Betis,0,1,H,0,1,A,9,6,4,6,9,15,4,6,0,3,0,0,2.78,2.83,2.77,2024-25
SP1,29/08/2024,Real Sociedad,Osasuna,0,2,A,0,1,A,12,5,5,5,13,14,4,5,2,1,0,0,2.45,3.83,5.93,2024-25
SP1,05/09/2024,Real Sociedad,Celta Vigo,3,1,A,0,1,A,8,10,5,3,6,10,7,4,4,1,0,0,4.21,3.52,5.1,2024-25
SP1,12/09/2024,Real Sociedad,Getafe,1,1,H,0,1,A,8,8,7,8,16,11,4,2,2,0,0,0,3.07,3.0,2.56,2024-25
SP1,19/09/2024,Real Sociedad,Rayo Vallecano,4,2,H,0,0,D,13,9,7,6,10,11,11,1,3,4,1,0,2.02,3.35,4.56,2024-25
SP1,26/09/2024,Real Sociedad,Girona,2,0,H,2,0,H,10,13,7,2,11,5,7,7,1,7,0,0,4.08,3.54,2.99,2024-25
SP1,03/10/2024,Real Sociedad,Mallorca,2,0,H,0,0,D,12,9,5,2,8,15,8,1,0,0,0,0,3.27,3.85,4.01,2024-25
SP1,10/10/2024,Real Sociedad,Almeria,0,6,A,0,1,A,15,15,12,7,16,15,4,5,1,0,0,0,1.57,3.39,2.13,2024-25
SP1,17/10/2024,Real Sociedad,Cadiz,1,2,H,0,1,A,19,7,1,5,6,13,7,4,1,2,1,0,1.6,3.26,4.89,2024-25
SP1,24/10/2024,Real Sociedad,Granada,3,1,H,1,0,H,12,8,9,6,12,8,6,3,1,2,0,0,4.02,2.98,4.64,2024-25
SP1,31/10/2024,Real Sociedad,Las Palmas,2,1,H,0,0,D,15,11,4,4,11,15,8,8,3,0,0,0,3.28,2.96,2.34,2024-25
SP1,07/11/2024,Real Sociedad,Leganes,0,0,A,0,0,D,10,16,2,4,8,9,6,3,2,1,0,0,2.48,3.39,3.74,2024-25
SP1,14/11/2024,Villarreal,Real Madrid,0,0,D,0,0,D,4,10,10,4,15,12,10,6,1,0,0,1,3.48,3.34,1.96,2024-25
SP1,21/11/2024,Villarreal,Barcelona,0,0,A,0,0,D,11,6,2,5,9,15,6,5,2,0,0,0,1.8,2.95,5.97,2024-25
SP1,28/11/2024,Villarreal,Atletico Madrid,4,2,H,1,1,D,15,11,10,3,7,11,6,9,1,0,0,1,3.02,3.47,2.27,2024-25
SP1,05/12/2024,Villarreal,Sevilla,0,1,H,0,1,A,11,10,2,5,13,12,6,3,5,2,0,0,2.02,3.19,3.58,2024-25
SP1,12/12/2024,Villarreal,Real Sociedad,0,1,A,0,0,D,18,11,10,4,10,14,5,1,3,1,0,0,1.76,3.52,3.37,2024-25
SP1,19/12/2024,Villarreal,Athletic Club,1,1,H,0,1,A,7,10,9,2,15,12,4,4,2,1,0,0,1.61,3.32,2.95,2024-25
SP1,26/12/2024,Villarreal,Valencia,0,0,D,0,0,D,11,14,10,7,12,8,6,4,2,1,0,0,3.24,2.97,3.29,2024-25
SP1,02/01/2025,Villarreal,Real Betis,1,2,A,0,0,D,13,20,3,1,10,15,5,4,4,1,0,0,2.6,2.8,3.19,2024-25
SP1,09/01/2025,Villarreal,Osasuna,0,0,D,0,0,D,12,13,0,0,12,8,6,6,3,3,0,0,2.56,3.86,2.86,2024-25
SP1,16/01/2025,Villarreal,Celta Vigo,0,0,D,0,0,D,14,14,5,8,14,10,6,1,3,2,0,1,2.71,2.83,3.72,2024-25
SP1,23/01/2025,Villarreal,Getafe,5,2,H,0,2,A,12,8,7,4,9,17,4,8,1,2,0,0,4.42,3.59,4.99,2024-25
SP1,30/01/2025,Villarreal,Rayo Vallecano,1,1,H,1,0,H,11,17,3,4,11,10,5,1,2,1,1,0,4.5,3.48,2.28,2024-25
SP1,06/02/2025,Villarreal,Girona,1,1,D,0,0,D,14,10,5,7,17,6,5,5,3,1,0,0,3.73,3.2,2.72,2024-25
SP1,13/02/2025,Villarreal,Mallorca,0,0,H,0,0,D,15,7,5,2,12,17,3,3,4,5,0,0,2.4,3.28,5.22,2024-25
SP1,20/02/2025,Villarreal,Almeria,1,3,H,1,1,D,9,7,3,2,7,12,7,3,4,2,0,0,3.96,3.21,1.95,2024-25
SP1,27/02/2025,Villarreal,Cadiz,1,0,H,1,0,H,18,5,5,3,9,13,5,2,1,4,0,0,2.48,3.31,2.3,2024-25
SP1,06/03/2025,Villarreal,Granada,1,2,H,0,1,A,13,6,3,1,14,12,3,3,2,4,0,0,2.68,3.46,3.64,2024-25
SP1,13/03/2025,Villarreal,Las Palmas,1,2,A,1,0,H,14,6,7,2,12,15,7,2,4,5,0,0,4.38,3.52,5.79,2024-25
SP1,20/03/2025,Villarreal,Leganes,1,2,H,1,1,D,10,7,2,6,8,13,3,0,2,2,0,0,3.99,3.84,1.86,2024-25
SP1,27/03/2025,Athletic Club,Real Madrid,0,0,D,0,0,D,18,13,4,2,16,12,3,2,3,3,0,0,3.07,3.56,4.96,2024-25
SP1,03/04/2025,Athletic Club,Barcelona,0,0,D,0,0,D,12,8,4,1,14,13,7,4,3,2,0,0,2.7,3.23,3.13,2024-25
SP1,10/04/2025,Athletic Club,Atletico Madrid,1,1,D,1,1,D,17,5,7,6,15,11,8,3,2,4,0,0,1.94,3.9,3.93,2024-25
SP1,17/04/2025,Athletic Club,Sevilla,0,2,A,0,1,A,13,12,4,5,13,11,6,5,2,3,0,0,3.5,2.96,4.29,2024-25
SP1,24/04/2025,Athletic Club,Real Sociedad,2,2,D,1,1,D,12,6,3,3,11,12,6,1,1,4,1,0,2.85,3.66,5.29,2024-25
SP1,01/05/2025,Athletic Club,Villarreal,2,2,D,0,0,D,14,12,6,4,18,8,6,5,2,0,1,0,3.96,3.04,5.59,2024-25
SP1,08/05/2025,Athletic Club,Valencia,0,3,A,0,2,A,8,7,10,1,7,7,10,7,3,4,0,0,3.62,3.06,4.9,2024-25
SP1,15/05/2025,Athletic Club,Real Betis,0,0,D,0,0,D,15,10,5,6,15,10,4,7,2,4,0,0,1.92,2.91,2.03,2024-25
SP1,22/05/2025,Athletic Club,Osasuna,1,1,H,0,0,D,11,14,8,6,10,9,2,7,0,1,0,0,1.61,3.86,4.99,2024-25
SP1,15/08/2024,Athletic Club,Celta Vigo,3,0,H,0,0,D,12,11,4,3,12,13,9,5,2,2,0,0,3.9,3.02,4.57,2024-25
SP1,22/08/2024,Athletic Club,Getafe,1,1,A,0,1,A,8,14,3,3,14,14,5,6,4,3,0,0,4.31,3.3,3.6,2024-25
SP1,29/08/2024,Athletic Club,Rayo Vallecano,1,0,H,0,0,D,9,3,3,1,9,19,5,4,0,2,1,0,1.99,2.9,5.03,2024-25
SP1,05/09/2024,Athletic Club,Girona,2,2,D,1,0,H,13,7,4,6,6,16,3,2,0,4,0,0,1.55,3.31,2.42,2024-25
SP1,12/09/2024,Athletic Club,Mallorca,2,3,A,1,1,D,16,8,6,7,11,14,4,5,2,1,0,0,3.75,3.09,3.71,2024-25
SP1,19/09/2024,Athletic Club,Almeria,2,1,H,0,1,A,21,10,4,5,8,9,5,5,1,1,0,0,2.36,3.99,2.8,2024-25
SP1,26/09/2024,Athletic Club,Cadiz,4,2,H,0,1,A,16,9,5,1,15,8,3,2,2,4,0,0,2.37,3.61,3.09,2024-25
SP1,03/10/2024,Athletic Club,Granada,4,2,H,1,1,D,17,11,6,7,13,8,2,5,2,3,0,0,3.83,3.1,5.09,2024-25
SP1,10/10/2024,Athletic Club,Las Palmas,4,1,H,1,0,H,11,10,4,6,13,6,5,8,0,5,0,0,1.59,3.06,2.12,2024-25
SP1,17/10/2024,Athletic Club,Leganes,0,0,D,0,0,D,15,11,8,1,10,18,3,4,1,2,0,0,4.46,2.88,2.55,2024-25
SP1,24/10/2024,Valencia,Real Madrid,0,3,A,0,0,D,17,11,4,6,14,15,3,6,2,2,0,0,3.63,3.52,5.83,2024-25
SP1,31/10/2024,Valencia,Barcelona,0,2,A,0,2,A,16,12,7,1,14,10,3,4,2,3,0,0,3.11,3.3,2.79,2024-25
SP1,07/11/2024,Valencia,Atletico Madrid,1,0,H,0,0,D,9,9,7,4,21,12,4,4,1,3,0,0,4.02,3.26,5.34,2024-25
SP1,14/11/2024,Valencia,Sevilla,0,3,A,0,2,A,14,7,4,2,5,11,4,2,1,0,1,0,3.09,3.25,2.95,2024-25
SP1,21/11/2024,Valencia,Real Sociedad,2,2,D,1,1,D,12,6,2,3,12,10,5,4,3,5,0,0,2.07,3.04,2.8,2024-25
SP1,28/11/2024,Valencia,Villarreal,0,1,A,0,1,A,13,14,5,5,14,11,4,2,1,1,1,1,2.73,3.88,4.32,2024-25
SP1,05/12/2024,Valencia,Athletic Club,1,1,D,1,1,D,13,12,4,1,13,6,2,4,0,1,0,0,4.49,3.15,3.02,2024-25
SP1,12/12/2024,Valencia,Real Betis,1,0,H,0,0,D,11,10,3,1,17,14,3,3,1,5,0,0,4.13,3.88,4.17,2024-25
SP1,19/12/2024,Valencia,Osasuna,0,0,D,0,0,D,12,7,4,8,18,7,1,4,0,3,0,0,3.13,3.98,3.84,2024-25
SP1,26/12/2024,Valencia,Celta Vigo,2,0,H,0,0,D,8,16,6,4,11,17,4,2,1,4,0,0,3.85,3.34,2.79,2024-25
SP1,02/01/2025,Valencia,Getafe,1,1,H,1,1,D,9,9,3,2,13,15,2,0,1,0,0,0,2.91,3.99,2.3,2024-25
SP1,09/01/2025,Valencia,Rayo Vallecano,4,4,H,2,3,A,9,11,6,1,12,12,5,2,3,2,0,0,2.29,3.77,3.4,2024-25
SP1,16/01/2025,Valencia,Girona,1,0,H,1,0,H,13,5,5,3,13,13,8,11,1,1,0,0,2.06,3.23,4.46,2024-25
SP1,23/01/2025,Valencia,Mallorca,2,0,H,0,0,D,22,11,6,3,9,6,5,2,2,6,0,0,1.6,3.04,3.42,2024-25
SP1,30/01/2025,Valencia,Almeria,2,1,H,0,1,A,14,14,6,5,14,5,4,5,2,1,0,1,1.74,3.03,2.91,2024-25
SP1,06/02/2025,Valencia,Cadiz,0,0,D,0,0,D,13,13,5,4,8,13,6,3,2,3,1,0,1.5,2.9,2.96,2024-25
SP1,13/02/2025,Valencia,Granada,2,0,H,0,0,D,14,11,4,4,7,9,4,6,6,0,0,0,3.47,3.4,2.41,2024-25
SP1,20/02/2025,Valencia,Las Palmas,2,0,H,1,0,H,12,14,5,2,15,15,6,4,2,1,0,0,4.03,3.94,2.8,2024-25
SP1,27/02/2025,Valencia,Leganes,1,1,A,1,0,H,12,12,3,3,11,9,4,6,2,1,0,1,2.75,3.78,5.61,2024-25
SP1,06/03/2025,Real Betis,Real Madrid,0,4,A,0,1,A,10,8,2,3,8,13,4,5,1,2,0,0,3.58,3.73,2.18,2024-25
SP1,13/03/2025,Real Betis,Barcelona,3,3,D,0,0,D,10,12,1,2,15,14,5,9,1,0,0,0,3.03,2.84,2.76,2024-25
SP1,20/03/2025,Real Betis,Atletico Madrid,2,1,A,0,1,A,13,8,4,5,16,9,4,7,3,1,0,0,1.81,2.9,3.05,2024-25
SP1,27/03/2025,Real Betis,Sevilla,3,1,H,1,1,D,15,10,5,2,13,16,4,6,2,1,0,0,4.18,3.37,3.57,2024-25
SP1,03/04/2025,Real Betis,Real Sociedad,2,2,A,2,1,H,11,8,6,3,10,10,5,6,1,3,0,1,1.6,3.27,3.83,2024-25
SP1,10/04/2025,Real Betis,Villarreal,2,0,H,0,0,D,9,12,7,4,9,10,5,11,1,3,0,0,4.32,3.9,1.86,2024-25
SP1,17/04/2025,Real Betis,Athletic Club,2,2,D,0,0,D,19,14,4,5,8,10,7,3,0,1,0,0,2.34,3.79,2.52,2024-25
SP1,24/04/2025,Real Betis,Valencia,0,3,H,0,1,A,13,8,4,3,11,16,1,3,2,2,0,0,3.78,2.88,5.99,2024-25
SP1,01/05/2025,Real Betis,Osasuna,4,1,H,0,1,A,13,18,4,0,12,12,4,2,3,3,0,0,4.48,3.21,1.85,2024-25
SP1,08/05/2025,Real Betis,Celta Vigo,3,0,H,0,0,D,20,3,6,1,9,11,5,4,4,3,0,0,3.47,3.83,4.6,2024-25
SP1,15/05/2025,Real Betis,Getafe,2,4,A,1,0,H,19,11,4,4,14,12,5,5,0,2,0,0,3.78,3.33,4.89,2024-25
SP1,22/05/2025,Real Betis,Rayo Vallecano,1,2,A,1,0,H,11,12,4,5,10,15,4,4,2,3,0,0,4.43,2.92,3.81,2024-25
SP1,15/08/2024,Real Betis,Girona,0,0,A,0,0,D,8,17,8,1,14,7,6,3,2,3,1,0,2.65,2.98,2.86,2024-25
SP1,22/08/2024,Real Betis,Mallorca,3,1,H,1,1,D,13,8,9,6,6,11,6,3,2,7,0,0,2.68,3.33,4.47,2024-25
SP1,29/08/2024,Real Betis,Almeria,0,3,A,0,0,D,15,9,5,7,7,15,14,4,1,2,0,1,3.3,3.78,3.96,2024-25
SP1,05/09/2024,Real Betis,Cadiz,4,0,H,1,0,H,22,9,5,5,11,8,2,2,0,3,0,0,1.98,2.97,2.83,2024-25
SP1,12/09/2024,Real Betis,Granada,0,2,A,0,2,A,14,10,3,5,10,9,1,2,0,1,0,0,3.51,3.31,5.42,2024-25
SP1,19/09/2024,Real Betis,Las Palmas,4,1,H,1,0,H,20,7,4,1,11,7,4,2,2,1,0,0,3.8,3.1,5.79,2024-25
SP1,26/09/2024,Real Betis,Leganes,0,0,D,0,0,D,13,15,3,5,13,18,4,8,5,1,0,0,4.15,3.86,1.85,2024-25
SP1,03/10/2024,Osasuna,Real Madrid,0,2,A,0,2,A,13,4,3,1,6,15,8,3,4,2,0,0,3.23,2.98,2.83,2024-25
SP1,10/10/2024,Osasuna,Barcelona,1,0,H,0,0,D,14,7,6,7,13,14,3,2,1,1,0,0,1.56,2.84,3.06,2024-25
SP1,17/10/2024,Osasuna,Atletico Madrid,1,2,H,1,0,H,8,6,4,6,9,11,3,3,3,5,0,0,3.82,3.84,3.79,2024-25
SP1,24/10/2024,Osasuna,Sevilla,3,1,H,0,1,A,16,10,5,3,3,17,5,5,0,1,0,0,1.65,3.46,4.28,2024-25
SP1,31/10/2024,Osasuna,Real Sociedad,0,2,A,0,2,A,10,12,5,2,19,12,4,1,2,0,0,0,3.87,3.97,5.87,2024-25
SP1,07/11/2024,Osasuna,Villarreal,2,2,D,2,1,H,12,8,7,2,14,21,4,3,2,0,0,1,4.3,2.98,4.7,2024-25
SP1,14/11/2024,Osasuna,Athletic Club,0,2,H,0,0,D,13,12,3,7,16,10,7,3,2,3,0,0,2.73,3.65,2.72,2024-25
SP1,21/11/2024,Osasuna,Valencia,0,0,H,0,0,D,15,12,3,5,14,13,4,5,1,2,0,0,1.71,3.79,3.01,2024-25
SP1,28/11/2024,Osasuna,Real Betis,2,2,D,0,0,D,16,7,4,5,10,16,9,2,0,2,0,0,3.58,3.41,5.86,2024-25
SP1,05/12/2024,Osasuna,Celta Vigo,3,0,H,0,0,D,12,11,7,6,20,8,6,4,2,4,0,0,4.47,3.04,2.09,2024-25
SP1,12/12/2024,Osasuna,Getafe,2,0,H,1,0,H,11,11,3,5,10,9,5,2,4,2,0,0,3.82,2.81,4.91,2024-25
SP1,19/12/2024,Osasuna,Rayo Vallecano,2,0,H,0,0,D,17,9,6,2,14,11,1,4,1,3,0,2,3.77,3.14,4.75,2024-25
SP1,26/12/2024,Osasuna,Girona,1,0,H,0,0,D,12,17,6,5,11,18,3,4,1,2,1,0,1.56,3.68,3.27,2024-25
SP1,02/01/2025,Osasuna,Mallorca,1,1,D,1,1,D,15,13,4,5,7,10,6,4,2,2,0,1,3.18,3.84,2.11,2024-25
SP1,09/01/2025,Osasuna,Almeria,0,3,A,0,1,A,21,8,6,4,9,8,10,6,1,5,0,0,1.9,3.45,2.51,2024-25
SP1,16/01/2025,Osasuna,Cadiz,0,0,D,0,0,D,19,18,3,3,19,4,4,5,4,1,0,0,3.14,3.19,3.35,2024-25
SP1,23/01/2025,Osasuna,Granada,0,0,A,0,0,D,12,15,4,4,12,14,3,5,0,2,0,0,3.53,3.91,1.9,2024-25
SP1,30/01/2025,Osasuna,Las Palmas,3,3,D,0,0,D,11,7,10,5,11,16,7,4,3,0,0,0,4.37,3.77,2.18,2024-25
SP1,06/02/2025,Osasuna,Leganes,0,0,H,0,0,D,13,4,6,4,16,16,2,3,3,3,0,0,4.31,3.39,3.07,2024-25
SP1,13/02/2025,Celta Vigo,Real Madrid,1,1,D,1,1,D,9,8,2,6,18,11,6,4,4,3,0,0,4.36,3.18,3.13,2024-25
SP1,20/02/2025,Celta Vigo,Barcelona,5,0,H,1,0,H,16,8,9,4,14,14,6,2,2,1,0,0,1.68,3.37,5.33,2024-25
SP1,27/02/2025,Celta Vigo,Atletico Madrid,3,1,H,2,1,H,16,9,4,4,13,7,4,3,1,2,0,0,4.38,3.77,1.96,2024-25
SP1,06/03/2025,Celta Vigo,Sevilla,2,0,H,0,0,D,11,11,7,2,11,8,0,1,1,2,0,0,2.81,3.06,4.74,2024-25
SP1,13/03/2025,Celta Vigo,Real Sociedad,4,0,H,2,0,H,16,14,4,4,7,13,1,5,0,5,0,0,3.29,3.02,2.95,2024-25
SP1,20/03/2025,Celta Vigo,Villarreal,0,0,D,0,0,D,8,9,4,3,10,13,3,3,2,1,1,0,2.84,3.27,2.26,2024-25
SP1,27/03/2025,Celta Vigo,Athletic Club,0,0,D,0,0,D,15,9,6,2,13,7,4,6,2,0,0,0,4.44,3.41,2.09,2024-25
SP1,03/04/2025,Celta Vigo,Valencia,0,0,D,0,0,D,24,12,7,2,9,4,7,3,1,1,0,0,3.13,3.5,2.11,2024-25
SP1,10/04/2025,Celta Vigo,Real Betis,3,2,H,0,1,A,9,10,5,9,12,17,5,3,0,3,0,0,3.53,3.02,2.94,2024-25
SP1,17/04/2025,Celta Vigo,Osasuna,1,1,D,0,0,D,14,12,1,4,8,11,5,2,0,1,0,0,3.15,3.2,4.58,2024-25
SP1,24/04/2025,Celta Vigo,Getafe,1,0,H,1,0,H,11,8,2,6,16,5,13,1,2,1,0,0,4.03,3.77,5.14,2024-25
SP1,01/05/2025,Celta Vigo,Rayo Vallecano,1,1,D,0,0,D,16,12,1,3,8,12,11,7,1,4,0,0,4.09,3.3,5.1,2024-25
SP1,08/05/2025,Celta Vigo,Girona,5,1,H,2,0,H,11,8,3,3,11,13,3,4,4,2,0,0,2.14,2.85,3.26,2024-25
SP1,15/05/2025,Celta Vigo,Mallorca,2,2,A,0,0,D,11,10,7,3,20,14,4,8,2,0,0,0,2.8,3.16,5.05,2024-25
SP1,22/05/2025,Celta Vigo,Almeria,1,1,D,0,1,A,21,11,3,4,9,14,2,2,1,1,1,0,4.41,3.21,5.01,2024-25
SP1,15/08/2024,Celta Vigo,Cadiz,0,2,A,0,0,D,18,12,6,4,12,6,7,4,3,3,0,0,2.41,2.89,4.07,2024-25
SP1,22/08/2024,Celta Vigo,Granada,2,0,H,0,0,D,19,6,6,6,17,9,4,4,1,4,0,0,3.56,3.32,3.23,2024-25
SP1,29/08/2024,Celta Vigo,Las Palmas,2,2,D,1,1,D,12,14,4,3,13,12,10,2,1,0,0,1,2.92,3.77,5.99,2024-25
SP1,05/09/2024,Celta Vigo,Leganes,3,0,H,2,0,H,16,9,9,4,11,20,4,4,0,4,0,0,3.99,3.31,4.97,2024-25
SP1,12/09/2024,Getafe,Real Madrid,1,1,D,0,0,D,14,14,1,1,14,11,4,7,3,1,1,0,3.49,3.52,5.9,2024-25
SP1,19/09/2024,Getafe,Barcelona,1,2,A,1,2,A,10,8,6,3,8,17,5,3,4,0,0,0,2.16,3.5,3.0,2024-25
SP1,26/09/2024,Getafe,Atletico Madrid,2,2,A,0,0,D,9,14,9,4,11,14,5,8,1,0,1,0,3.21,2.97,2.89,2024-25
SP1,03/10/2024,Getafe,Sevilla,4,0,H,1,0,H,9,14,6,2,15,9,6,7,2,2,0,0,2.91,3.0,3.33,2024-25
SP1,10/10/2024,Getafe,Real Sociedad,1,1,H,0,1,A,17,10,5,6,8,6,5,3,1,6,0,0,1.56,3.43,5.58,2024-25
SP1,17/10/2024,Getafe,Villarreal,0,5,A,0,2,A,15,7,3,6,9,14,5,2,0,2,0,1,2.69,3.66,4.53,2024-25
SP1,24/10/2024,Getafe,Athletic Club,2,0,H,0,0,D,12,7,3,5,15,12,5,3,0,3,0,0,2.38,3.51,5.23,2024-25
SP1,31/10/2024,Getafe,Valencia,1,1,A,1,0,H,16,10,8,3,12,19,5,3,1,1,0,0,3.18,2.99,5.9,2024-25
SP1,07/11/2024,Getafe,Real Betis,1,2,H,1,1,D,13,13,7,3,13,17,4,6,2,3,0,0,2.55,3.58,4.5,2024-25
SP1,14/11/2024,Getafe,Osasuna,5,2,H,0,2,A,7,13,5,3,15,8,6,6,3,0,0,0,3.08,3.4,3.93,2024-25
SP1,21/11/2024,Getafe,Celta Vigo,3,3,D,2,1,H,23,15,7,3,9,18,6,2,1,1,0,0,2.5,2.96,2.76,2024-25
SP1,28/11/2024,Getafe,Rayo Vallecano,2,2,A,1,0,H,9,9,5,3,16,6,6,4,3,3,0,0,3.54,2.88,2.14,2024-25
SP1,05/12/2024,Getafe,Girona,0,2,A,0,0,D,8,9,2,4,8,13,9,5,2,3,0,0,2.84,3.5,5.19,2024-25
SP1,12/12/2024,Getafe,Mallorca,0,5,A,0,0,D,16,7,3,1,14,18,10,4,1,2,0,0,4.37,3.21,2.56,2024-25
SP1,19/12/2024,Getafe,Almeria,2,2,H,1,1,D,12,10,3,11,17,10,6,4,3,4,0,0,2.14,3.24,3.27,2024-25
SP1,26/12/2024,Getafe,Cadiz,0,2,A,0,1,A,15,10,7,3,15,18,8,4,3,0,0,0,1.63,3.45,1.84,2024-25
SP1,02/01/2025,Getafe,Granada,0,3,H,0,1,A,15,6,6,5,11,10,2,5,1,3,0,1,3.5,3.18,5.17,2024-25
SP1,09/01/2025,Getafe,Las Palmas,1,1,D,1,1,D,22,13,5,9,9,15,5,4,7,3,0,0,1.64,3.37,4.6,2024-25
SP1,16/01/2025,Getafe,Leganes,1,1,A,0,1,A,15,12,3,3,12,10,5,6,0,2,0,0,2.15,3.76,4.8,2024-25
SP1,23/01/2025,Rayo Vallecano,Real Madrid,4,1,H,0,0,D,17,9,4,7,13,9,4,6,2,1,0,0,3.97,2.92,5.52,2024-25
SP1,30/01/2025,Rayo Vallecano,Barcelona,0,1,H,0,0,D,13,2,5,1,6,12,5,6,4,0,0,0,3.29,3.02,4.59,2024-25
SP1,06/02/2025,Rayo Vallecano,Atletico Madrid,1,3,A,1,0,H,10,11,4,5,13,11,6,6,3,2,0,0,1.58,2.97,2.68,2024-25
SP1,13/02/2025,Rayo Vallecano,Sevilla,1,1,D,1,0,H,11,9,6,8,10,15,2,5,1,1,0,0,2.66,3.75,3.7,2024-25
SP1,20/02/2025,Rayo Vallecano,Real Sociedad,1,1,D,1,1,D,16,12,7,7,5,17,7,2,2,2,0,0,1.95,3.0,4.15,2024-25
SP1,27/02/2025,Rayo Vallecano,Villarreal,0,1,A,0,1,A,10,10,5,6,7,12,9,3,0,1,0,0,2.1,3.21,4.51,2024-25
SP1,06/03/2025,Rayo Vallecano,Athletic Club,0,0,D,0,0,D,10,1,7,5,14,16,4,2,3,1,0,0,3.01,3.11,3.68,2024-25
SP1,13/03/2025,Rayo Vallecano,Valencia,1,1,D,0,0,D,10,7,5,9,17,10,5,3,3,3,0,0,3.51,3.52,2.65,2024-25
SP1,20/03/2025,Rayo Vallecano,Real Betis,0,4,A,0,2,A,12,9,6,6,11,15,5,4,3,1,0,0,4.33,3.36,2.1,2024-25
SP1,27/03/2025,Rayo Vallecano,Osasuna,2,0,H,0,0,D,10,15,6,5,7,11,5,4,4,1,0,0,2.52,3.55,5.31,2024-25
SP1,03/04/2025,Rayo Vallecano,Celta Vigo,4,0,H,0,0,D,12,14,4,4,12,15,5,1,3,0,1,0,1.57,2.87,5.89,2024-25
SP1,10/04/2025,Rayo Vallecano,Getafe,1,1,D,1,0,H,15,11,2,5,19,12,6,1,2,1,0,0,2.29,3.17,2.73,2024-25
SP1,17/04/2025,Rayo Vallecano,Girona,0,0,D,0,0,D,17,8,8,3,19,8,8,4,2,2,0,1,2.2,3.34,2.15,2024-25
SP1,24/04/2025,Rayo Vallecano,Mallorca,1,1,D,1,0,H,6,7,2,3,10,10,3,3,3,1,0,0,3.42,3.37,4.62,2024-25
SP1,01/05/2025,Rayo Vallecano,Almeria,4,2,H,0,2,A,16,15,2,1,11,18,3,6,1,1,0,0,4.17,3.93,2.36,2024-25
SP1,08/05/2025,Rayo Vallecano,Cadiz,2,3,A,2,0,H,19,12,10,4,19,12,6,4,5,1,0,0,1.82,2.9,2.16,2024-25
SP1,15/05/2025,Rayo Vallecano,Granada,3,1,H,0,1,A,9,10,6,2,10,9,3,4,2,2,0,0,1.98,3.08,4.18,2024-25
SP1,22/05/2025,Rayo Vallecano,Las Palmas,1,1,H,0,0,D,15,15,7,2,13,11,6,3,0,1,0,0,1.63,3.9,5.32,2024-25
SP1,15/08/2024,Rayo Vallecano,Leganes,3,3,D,0,0,D,16,11,3,2,15,9,4,7,1,4,0,0,2.76,3.52,4.27,2024-25
SP1,22/08/2024,Girona,Real Madrid,1,1,D,1,0,H,11,10,3,7,13,16,3,6,0,1,0,0,2.89,2.99,5.27,2024-25
SP1,29/08/2024,Girona,Barcelona,0,3,A,0,1,A,7,11,7,3,12,11,9,3,2,2,1,0,4.1,3.37,3.25,2024-25
SP1,05/09/2024,Girona,Atletico Madrid,1,1,D,0,1,A,20,12,4,5,9,9,7,4,5,2,0,0,3.54,3.38,4.53,2024-25
SP1,12/09/2024,Girona,Sevilla,0,4,A,0,1,A,12,11,6,1,17,15,11,3,3,1,1,0,2.43,3.34,2.48,2024-25
SP1,19/09/2024,Girona,Real Sociedad,1,1,H,0,0,D,12,8,5,5,5,7,6,6,1,3,0,1,4.23,3.27,5.86,2024-25
SP1,26/09/2024,Girona,Villarreal,2,0,H,1,0,H,16,9,5,3,15,11,2,6,0,1,0,0,1.71,3.07,4.48,2024-25
SP1,03/10/2024,Girona,Athletic Club,0,1,A,0,0,D,11,12,3,7,12,17,3,2,2,1,0,1,3.01,3.28,2.7,2024-25
SP1,10/10/2024,Girona,Valencia,0,5,A,0,0,D,19,10,5,4,11,13,2,6,6,3,0,0,1.69,3.7,4.62,2024-25
SP1,17/10/2024,Girona,Real Betis,0,0,D,0,0,D,15,14,4,5,11,11,5,8,0,2,0,0,3.77,3.94,3.09,2024-25
SP1,24/10/2024,Girona,Osasuna,0,4,A,0,3,A,16,9,10,7,14,10,4,6,2,3,0,0,2.98,3.7,4.05,2024-25
SP1,31/10/2024,Girona,Celta Vigo,1,1,D,1,1,D,13,19,3,2,15,12,6,6,4,2,0,0,2.46,2.84,2.0,2024-25
SP1,07/11/2024,Girona,Getafe,0,1,H,0,1,A,22,12,4,2,15,12,8,4,1,1,1,0,2.01,3.75,2.87,2024-25
SP1,14/11/2024,Girona,Rayo Vallecano,2,0,H,1,0,H,8,13,4,4,10,12,5,1,1,2,0,0,3.33,3.39,2.02,2024-25
SP1,21/11/2024,Girona,Mallorca,0,4,A,0,0,D,12,9,7,4,9,11,3,5,2,2,0,1,3.36,3.67,5.46,2024-25
SP1,28/11/2024,Girona,Almeria,1,1,A,0,1,A,11,15,4,1,8,7,3,9,0,2,0,0,4.33,3.2,5.73,2024-25
SP1,05/12/2024,Girona,Cadiz,4,0,H,0,0,D,7,12,5,3,15,11,6,0,1,0,0,0,4.47,2.99,2.56,2024-25
SP1,12/12/2024,Girona,Granada,4,0,H,0,0,D,18,13,3,4,8,13,8,6,1,3,1,0,2.37,3.96,2.32,2024-25
SP1,19/12/2024,Girona,Las Palmas,5,0,H,0,0,D,10,10,9,2,17,10,6,6,2,3,0,0,3.03,3.35,2.48,2024-25
SP1,26/12/2024,Girona,Leganes,2,2,D,0,1,A,16,12,3,5,12,12,6,1,0,2,0,0,1.73,3.29,3.06,2024-25
SP1,02/01/2025,Mallorca,Real Madrid,1,0,A,1,0,H,13,9,5,8,12,6,1,6,3,1,0,0,2.02,3.03,2.61,2024-25
SP1,09/01/2025,Mallorca,Barcelona,1,1,H,0,0,D,13,7,5,4,9,14,3,2,2,1,0,0,3.85,2.88,2.94,2024-25
SP1,16/01/2025,Mallorca,Atletico Madrid,1,0,H,1,0,H,10,10,8,3,10,14,5,5,2,0,0,0,2.12,3.76,2.3,2024-25
SP1,23/01/2025,Mallorca,Sevilla,1,0,H,1,0,H,10,14,2,4,10,10,6,6,0,0,0,0,4.4,3.16,3.68,2024-25
SP1,30/01/2025,Mallorca,Real Sociedad,3,0,H,2,0,H,14,8,0,6,11,10,2,6,4,1,0,0,3.29,3.31,5.56,2024-25
SP1,06/02/2025,Mallorca,Villarreal,1,0,H,1,0,H,8,9,1,1,7,12,1,6,4,1,0,0,1.69,3.04,3.69,2024-25
SP1,13/02/2025,Mallorca,Athletic Club,2,0,H,1,0,H,13,7,7,4,9,18,5,5,2,1,0,0,3.66,3.17,1.87,2024-25
SP1,20/02/2025,Mallorca,Valencia,0,0,A,0,0,D,12,12,8,1,8,13,4,4,5,1,0,0,2.95,3.65,4.85,2024-25
SP1,27/02/2025,Mallorca,Real Betis,1,1,D,0,1,A,18,8,2,5,14,8,13,8,1,2,0,0,2.49,3.19,5.1,2024-25
SP1,06/03/2025,Mallorca,Osasuna,0,5,A,0,1,A,11,3,5,5,9,16,6,5,4,5,0,0,3.41,3.93,4.01,2024-25
SP1,13/03/2025,Mallorca,Celta Vigo,0,2,A,0,0,D,10,4,6,2,12,13,4,8,3,0,0,0,2.19,3.1,5.15,2024-25
SP1,20/03/2025,Mallorca,Getafe,0,0,H,0,0,D,20,5,3,6,8,7,8,2,3,5,0,0,1.96,3.41,3.77,2024-25
SP1,27/03/2025,Mallorca,Rayo Vallecano,0,1,A,0,0,D,12,8,2,5,14,10,10,5,1,4,0,0,4.14,3.71,3.91,2024-25
SP1,03/04/2025,Mallorca,Girona,1,1,H,0,0,D,14,7,5,4,12,5,7,2,1,1,0,0,3.45,3.13,3.55,2024-25
SP1,10/04/2025,Mallorca,Almeria,1,3,A,1,2,A,8,8,4,6,11,8,2,3,5,1,0,0,2.54,2.95,4.61,2024-25
SP1,17/04/2025,Mallorca,Cadiz,3,2,H,2,0,H,13,7,7,2,9,15,3,4,2,0,0,1,4.41,3.31,5.33,2024-25
SP1,24/04/2025,Mallorca,Granada,0,0,D,0,0,D,18,4,6,4,15,11,5,3,2,1,0,0,3.56,3.55,5.37,2024-25
SP1,01/05/2025,Mallorca,Las Palmas,1,2,H,1,0,H,14,9,0,1,17,11,5,4,0,0,0,0,2.63,3.04,5.17,2024-25
SP1,08/05/2025,Mallorca,Leganes,3,1,H,3,1,H,6,9,3,4,14,12,4,7,4,2,0,0,2.06,3.4,5.63,2024-25
SP1,15/05/2025,Almeria,Real Madrid,0,2,A,0,1,A,12,13,7,0,10,15,4,2,2,5,0,0,1.91,3.2,4.41,2024-25
SP1,22/05/2025,Almeria,Barcelona,0,0,H,0,0,D,20,6,3,4,11,14,5,3,2,1,0,1,3.83,3.41,4.01,2024-25
SP1,15/08/2024,Almeria,Atletico Madrid,1,2,A,0,1,A,12,16,3,6,10,17,5,8,0,1,0,0,3.2,3.97,2.02,2024-25
SP1,22/08/2024,Almeria,Sevilla,0,0,D,0,0,D,17,10,8,2,13,16,7,3,2,2,0,0,3.62,3.5,2.78,2024-25
SP1,29/08/2024,Almeria,Real Sociedad,1,0,A,0,0,D,15,9,8,5,15,15,4,3,3,1,0,0,2.31,3.57,3.36,2024-25
SP1,05/09/2024,Almeria,Villarreal,3,0,H,2,0,H,18,7,5,3,8,10,4,2,2,1,0,0,4.3,3.61,3.4,2024-25
SP1,12/09/2024,Almeria,Athletic Club,1,1,A,1,0,H,3,9,7,3,13,13,5,5,1,2,0,0,2.03,3.58,4.57,2024-25
SP1,19/09/2024,Almeria,Valencia,1,1,H,1,0,H,12,6,6,3,11,16,2,4,2,6,0,0,3.73,3.43,2.96,2024-25
SP1,26/09/2024,Almeria,Real Betis,0,2,H,0,2,A,7,8,5,5,16,10,5,2,2,4,0,0,3.58,3.02,3.18,2024-25
SP1,03/10/2024,Almeria,Osasuna,1,1,D,0,1,A,8,10,4,8,11,10,4,2,4,1,0,0,3.91,3.32,4.03,2024-25
SP1,10/10/2024,Almeria,Celta Vigo,1,1,H,1,1,D,9,7,4,4,18,11,6,2,2,5,0,0,3.71,2.83,2.56,2024-25
SP1,17/10/2024,Almeria,Getafe,0,1,A,0,1,A,23,11,4,3,13,11,3,1,4,1,0,0,1.62,3.18,3.97,2024-25
SP1,24/10/2024,Almeria,Rayo Vallecano,1,1,A,0,1,A,14,5,5,4,6,12,5,4,3,3,0,0,3.51,3.9,3.44,2024-25
SP1,31/10/2024,Almeria,Girona,1,1,D,1,0,H,9,12,8,5,13,9,6,4,4,3,0,0,1.9,2.99,3.61,2024-25
SP1,07/11/2024,Almeria,Mallorca,0,1,A,0,1,A,14,12,8,4,11,9,6,4,1,3,0,0,2.31,2.89,2.12,2024-25
SP1,14/11/2024,Almeria,Cadiz,3,0,H,1,0,H,15,10,8,8,8,14,3,2,3,7,0,0,2.09,3.04,5.4,2024-25
SP1,21/11/2024,Almeria,Granada,1,3,A,0,0,D,5,4,1,2,7,13,8,3,5,0,0,0,3.28,3.96,5.28,2024-25
SP1,28/11/2024,Almeria,Las Palmas,2,2,D,2,0,H,18,9,2,1,11,13,7,7,1,0,0,0,3.18,2.92,5.69,2024-25
SP1,05/12/2024,Almeria,Leganes,2,2,A,2,1,H,10,10,4,1,7,9,8,3,3,2,0,0,3.49,3.23,4.31,2024-25
SP1,12/12/2024,Cadiz,Real Madrid,4,0,H,1,0,H,15,12,5,3,10,13,3,2,2,1,0,0,3.77,3.63,4.67,2024-25
SP1,19/12/2024,Cadiz,Barcelona,1,1,D,1,1,D,13,16,4,2,9,7,8,4,1,1,0,0,4.48,3.41,5.62,2024-25
SP1,26/12/2024,Cadiz,Atletico Madrid,0,0,D,0,0,D,14,7,7,1,12,11,7,2,2,0,0,0,2.42,2.81,3.48,2024-25
SP1,02/01/2025,Cadiz,Sevilla,1,2,H,0,2,A,15,2,8,5,15,15,4,5,3,5,0,0,2.27,2.81,5.65,2024-25
SP1,09/01/2025,Cadiz,Real Sociedad,2,1,H,0,1,A,14,9,6,2,9,14,7,2,4,2,0,0,3.25,3.75,4.07,2024-25
SP1,16/01/2025,Cadiz,Villarreal,0,1,H,0,1,A,10,8,2,5,15,9,5,4,1,1,0,1,1.65,2.82,5.59,2024-25
SP1,23/01/2025,Cadiz,Athletic Club,1,1,A,1,1,D,16,11,7,1,18,19,8,0,2,1,0,0,2.36,3.56,4.61,2024-25
SP1,30/01/2025,Cadiz,Valencia,1,1,A,1,0,H,15,14,5,4,15,16,3,4,3,3,0,0,3.61,3.53,2.1,2024-25
SP1,06/02/2025,Cadiz,Real Betis,0,3,A,0,0,D,11,7,3,2,13,16,9,8,2,1,0,0,3.99,2.88,5.34,2024-25
SP1,13/02/2025,Cadiz,Osasuna,0,1,A,0,1,A,11,6,5,6,12,10,4,3,4,3,0,0,1.73,2.97,3.42,2024-25
SP1,20/02/2025,Cadiz,Celta Vigo,2,0,H,0,0,D,4,9,3,6,16,13,7,1,2,4,0,0,4.39,3.12,5.09,2024-25
SP1,27/02/2025,Cadiz,Getafe,4,1,H,0,0,D,11,9,3,1,14,16,10,3,1,3,0,1,1.97,2.87,4.83,2024-25
SP1,06/03/2025,Cadiz,Rayo Vallecano,2,1,H,1,1,D,12,6,5,3,14,19,2,3,1,3,1,0,3.72,2.89,5.75,2024-25
SP1,13/03/2025,Cadiz,Girona,0,0,D,0,0,D,15,7,4,4,14,14,2,4,2,4,0,0,2.95,2.85,4.12,2024-25
SP1,20/03/2025,Cadiz,Mallorca,1,1,A,1,0,H,16,9,10,10,11,12,5,5,1,2,0,0,2.76,2.91,4.29,2024-25
SP1,27/03/2025,Cadiz,Almeria,1,1,D,1,1,D,14,4,3,2,9,13,5,7,2,3,0,0,3.06,2.96,4.56,2024-25
SP1,03/04/2025,Cadiz,Granada,0,0,H,0,0,D,12,7,4,4,12,14,5,7,3,0,0,0,2.61,2.98,2.23,2024-25
SP1,10/04/2025,Cadiz,Las Palmas,0,0,D,0,0,D,10,12,4,5,8,18,3,6,2,0,0,1,3.35,3.16,3.16,2024-25
SP1,17/04/2025,Cadiz,Leganes,2,1,H,1,1,D,14,8,4,5,12,10,6,2,2,3,0,0,3.71,3.48,5.64,2024-25
SP1,24/04/2025,Granada,Real Madrid,0,1,H,0,0,D,12,14,2,1,17,12,6,6,6,1,0,0,3.66,2.93,2.89,2024-25
SP1,01/05/2025,Granada,Barcelona,1,0,A,0,0,D,19,7,8,2,14,14,4,5,1,1,0,0,1.6,2.95,3.08,2024-25
SP1,08/05/2025,Granada,Atletico Madrid,2,1,H,0,1,A,11,8,6,4,15,17,3,4,3,4,0,0,2.78,3.87,2.79,2024-25
SP1,15/05/2025,Granada,Sevilla,0,0,D,0,0,D,10,10,8,2,16,11,2,2,1,3,0,0,4.49,3.58,4.7,2024-25
SP1,22/05/2025,Granada,Real Sociedad,1,1,D,1,0,H,22,16,4,8,12,9,12,3,2,5,0,2,3.87,3.85,3.59,2024-25
SP1,15/08/2024,Granada,Villarreal,1,0,H,1,0,H,14,14,5,3,11,14,2,2,0,2,0,0,4.28,2.98,2.06,2024-25
SP1,22/08/2024,Granada,Athletic Club,1,1,D,0,0,D,11,14,0,4,13,12,7,5,2,1,0,0,1.92,3.67,5.98,2024-25
SP1,29/08/2024,Granada,Valencia,1,1,D,1,0,H,10,6,5,6,14,15,5,1,3,1,0,0,2.61,3.8,4.54,2024-25
SP1,05/09/2024,Granada,Real Betis,2,2,D,2,0,H,11,12,5,6,8,14,6,3,2,1,0,0,2.49,3.58,4.45,2024-25
SP1,12/09/2024,Granada,Osasuna,1,1,D,0,0,D,10,12,5,1,10,18,5,1,1,0,0,0,1.64,3.47,4.92,2024-25
SP1,19/09/2024,Granada,Celta Vigo,2,2,D,0,1,A,19,6,10,4,14,11,3,2,3,1,0,0,1.65,3.95,1.85,2024-25
SP1,26/09/2024,Granada,Getafe,0,0,A,0,0,D,12,8,3,4,16,17,9,4,2,3,0,0,3.83,2.85,4.04,2024-25
SP1,03/10/2024,Granada,Rayo Vallecano,2,4,A,1,0,H,8,8,3,5,13,14,7,5,1,1,0,0,3.15,3.61,2.12,2024-25
SP1,10/10/2024,Granada,Girona,3,2,A,0,1,A,12,11,3,5,10,14,5,0,2,3,0,0,4.0,3.68,4.95,2024-25
SP1,17/10/2024,Granada,Mallorca,0,2,A,0,0,D,16,15,5,3,19,15,3,4,1,5,0,0,1.96,3.44,3.12,2024-25
SP1,24/10/2024,Granada,Almeria,0,0,D,0,0,D,13,10,5,3,6,5,5,3,4,2,0,0,3.63,3.79,5.58,2024-25
SP1,31/10/2024,Granada,Cadiz,3,1,A,0,0,D,13,10,7,2,12,14,6,4,1,2,0,0,2.18,2.85,5.26,2024-25
SP1,07/11/2024,Granada,Las Palmas,2,5,A,0,1,A,15,18,4,4,10,10,4,3,2,3,0,0,2.9,3.41,5.23,2024-25
SP1,14/11/2024,Granada,Leganes,1,1,D,0,0,D,11,10,5,2,9,20,9,3,2,1,1,0,4.1,3.06,2.68,2024-25
SP1,21/11/2024,Las Palmas,Real Madrid,0,0,D,0,0,D,12,9,5,7,10,7,3,4,0,4,0,0,1.95,3.88,2.92,2024-25
SP1,28/11/2024,Las Palmas,Barcelona,2,2,D,1,0,H,13,7,4,2,10,8,13,1,2,1,0,0,3.47,3.76,1.87,2024-25
SP1,05/12/2024,Las Palmas,Atletico Madrid,0,0,D,0,0,D,13,14,5,6,14,19,3,4,2,0,0,0,4.37,3.57,2.53,2024-25
SP1,12/12/2024,Las Palmas,Sevilla,0,2,A,0,1,A,13,13,5,7,11,11,7,6,0,0,0,0,1.88,3.92,3.68,2024-25
SP1,19/12/2024,Las Palmas,Real Sociedad,0,0,A,0,0,D,21,10,6,8,15,20,3,4,2,0,0,0,4.05,3.19,3.21,2024-25
SP1,26/12/2024,Las Palmas,Villarreal,1,1,H,0,1,A,13,8,7,3,9,9,3,3,2,2,0,0,4.02,2.91,5.67,2024-25
SP1,02/01/2025,Las Palmas,Athletic Club,3,1,H,1,0,H,16,12,5,2,18,15,3,2,2,3,0,0,3.47,3.25,1.87,2024-25
SP1,09/01/2025,Las Palmas,Valencia,1,1,A,0,0,D,12,6,5,2,12,16,6,4,3,3,1,0,2.49,3.17,3.59,2024-25
SP1,16/01/2025,Las Palmas,Real Betis,1,1,H,1,0,H,15,13,6,2,12,9,6,6,2,1,1,0,4.27,3.44,1.92,2024-25
SP1,23/01/2025,Las Palmas,Osasuna,1,1,D,0,0,D,11,10,2,2,10,10,4,7,1,0,0,0,2.03,3.4,4.95,2024-25
SP1,30/01/2025,Las Palmas,Celta Vigo,0,2,A,0,0,D,13,20,5,7,10,14,6,3,1,2,0,0,3.77,3.52,5.21,2024-25
SP1,06/02/2025,Las Palmas,Getafe,2,4,A,2,3,A,10,6,6,3,15,17,1,5,4,3,0,1,3.21,3.75,2.74,2024-25
SP1,13/02/2025,Las Palmas,Rayo Vallecano,3,1,H,0,0,D,6,18,1,5,11,19,6,3,4,5,0,0,1.53,2.87,4.72,2024-25
SP1,20/02/2025,Las Palmas,Girona,0,4,A,0,1,A,15,9,9,4,9,13,7,6,1,1,0,0,2.45,3.98,4.86,2024-25
SP1,27/02/2025,Las Palmas,Mallorca,0,3,A,0,1,A,7,13,3,5,12,14,5,6,0,1,0,0,2.03,3.05,2.68,2024-25
SP1,06/03/2025,Las Palmas,Almeria,2,0,H,0,0,D,12,12,7,5,10,7,5,3,3,5,0,0,4.2,3.23,2.46,2024-25
SP1,13/03/2025,Las Palmas,Cadiz,2,2,D,1,2,A,11,16,7,3,12,10,4,8,2,5,0,0,4.32,3.74,2.51,2024-25
SP1,20/03/2025,Las Palmas,Granada,2,2,D,0,0,D,9,6,5,3,11,12,5,3,0,2,0,0,4.17,2.92,4.68,2024-25
SP1,27/03/2025,Las Palmas,Leganes,2,0,H,1,0,H,7,10,5,4,17,12,4,1,1,1,0,1,3.61,3.8,2.86,2024-25
SP1,03/04/2025,Leganes,Real Madrid,0,1,H,0,0,D,9,8,3,3,7,9,6,4,2,3,0,0,3.34,3.95,4.43,2024-25
SP1,10/04/2025,Leganes,Barcelona,1,1,A,1,1,D,12,12,4,5,14,15,5,3,3,1,0,0,2.97,3.65,3.93,2024-25
SP1,17/04/2025,Leganes,Atletico Madrid,1,2,H,1,1,D,9,5,9,3,14,10,12,4,3,1,0,0,3.32,3.34,5.11,2024-25
SP1,24/04/2025,Leganes,Sevilla,4,1,H,0,0,D,11,11,4,1,14,15,0,5,1,3,0,0,2.87,3.28,4.65,2024-25
SP1,01/05/2025,Leganes,Real Sociedad,1,1,D,1,1,D,16,10,4,5,20,17,7,4,1,0,0,0,4.43,3.46,3.39,2024-25
SP1,08/05/2025,Leganes,Villarreal,2,2,D,1,0,H,15,9,3,4,16,12,7,0,0,3,0,0,2.96,3.2,4.54,2024-25
SP1,15/05/2025,Leganes,Athletic Club,0,2,A,0,0,D,11,4,3,2,12,16,5,3,0,0,0,1,3.95,2.82,3.68,2024-25
SP1,22/05/2025,Leganes,Valencia,0,1,A,0,1,A,15,13,7,6,15,11,7,3,1,2,0,0,1.79,3.75,4.73,2024-25
SP1,15/08/2024,Leganes,Real Betis,0,1,H,0,0,D,13,11,7,5,10,12,2,4,2,0,0,0,4.35,3.09,2.48,2024-25
SP1,22/08/2024,Leganes,Osasuna,1,3,A,0,0,D,10,8,5,1,14,7,4,3,4,1,0,1,4.02,3.0,5.07,2024-25
SP1,29/08/2024,Leganes,Celta Vigo,1,4,A,1,0,H,8,18,9,3,8,10,8,3,3,1,0,0,3.28,3.2,3.18,2024-25
SP1,05/09/2024,Leganes,Getafe,0,0,H,0,0,D,9,11,7,2,20,15,1,1,1,2,0,0,2.14,2.93,4.53,2024-25
SP1,12/09/2024,Leganes,Rayo Vallecano,1,1,D,0,0,D,10,14,0,2,12,10,2,4,1,2,0,0,2.88,3.25,4.23,2024-25
SP1,19/09/2024,Leganes,Girona,1,1,D,1,0,H,15,5,6,1,15,8,5,5,3,1,0,0,1.6,3.54,3.52,2024-25
SP1,26/09/2024,Leganes,Mallorca,3,2,H,1,2,A,11,15,5,1,12,14,5,3,2,1,0,0,2.49,3.78,3.32,2024-25
SP1,03/10/2024,Leganes,Almeria,4,0,H,0,0,D,8,9,4,5,15,6,3,4,2,4,0,0,3.72,3.74,3.17,2024-25
SP1,10/10/2024,Leganes,Cadiz,3,1,H,0,0,D,12,8,7,6,5,5,6,3,1,4,0,0,3.7,3.0,1.9,2024-25
SP1,17/10/2024,Leganes,Granada,0,2,A,0,0,D,15,6,8,2,7,10,4,3,1,3,0,1,2.6,3.68,4.59,2024-25
SP1,24/10/2024,Leganes,Las Palmas,1,0,A,0,0,D,10,13,4,4,10,7,3,4,0,5,0,0,3.54,3.27,4.64,2024-25
