sk_rendimiento,fk_tiempo,fk_temporada,fk_equipo,fk_rival,es_local,goles_favor,goles_contra,tiros,tiros_puerta,corners,faltas,amarillas,rojas,resultado,xg_partido,xga_partido,source_id,load_timestamp
1,1,1,16,4,1,4,1,17,4,4,12,2,0,h,2.2294736842105265,0.8292105263157895,F1_laliga,2026-05-22 10:28:50.593603
2,1,1,4,16,0,1,4,4,5,5,14,3,0,D,2.3263157894736843,0.5984210526315789,F1_laliga,2026-05-22 10:28:50.593626
3,2,1,16,3,1,1,1,15,7,10,10,1,0,d,2.2294736842105265,0.8292105263157895,F1_laliga,2026-05-22 10:28:50.593754
4,2,1,3,16,0,1,1,8,4,5,8,2,0,D,1.9155263157894737,0.8713157894736842,F1_laliga,2026-05-22 10:28:50.593771
5,3,1,16,18,1,1,1,15,3,6,18,0,0,h,2.2294736842105265,0.8292105263157895,F1_laliga,2026-05-22 10:28:50.593848
6,3,1,18,16,0,1,1,7,5,2,11,1,0,D,2.236842105263158,0.6342105263157896,F1_laliga,2026-05-22 10:28:50.593863
7,4,1,16,17,1,4,0,18,2,4,11,1,0,h,2.2294736842105265,0.8292105263157895,F1_laliga,2026-05-22 10:28:50.593922
8,4,1,17,16,0,0,4,8,2,4,12,1,0,D,2.1042105263157893,1.0342105263157895,F1_laliga,2026-05-22 10:28:50.593936
9,5,1,16,20,1,0,0,15,7,5,13,2,0,d,2.2294736842105265,0.8292105263157895,F1_laliga,2026-05-22 10:28:50.593991
10,5,1,20,16,0,0,0,11,3,4,17,4,0,D,2.0105263157894737,0.9468421052631578,F1_laliga,2026-05-22 10:28:50.594005
11,6,1,16,2,1,0,2,11,4,5,8,0,0,a,2.2294736842105265,0.8292105263157895,F1_laliga,2026-05-22 10:28:50.594062
12,6,1,2,16,0,2,0,14,4,2,12,1,0,D,1.928157894736842,0.966842105263158,F1_laliga,2026-05-22 10:28:50.594076
13,7,1,16,19,1,0,1,17,6,3,12,1,0,h,2.2294736842105265,0.8292105263157895,F1_laliga,2026-05-22 10:28:50.594129
14,7,1,19,16,0,1,0,9,5,1,10,3,0,D,1.6563157894736842,1.1736842105263159,F1_laliga,2026-05-22 10:28:50.594143
15,8,1,16,15,1,0,0,16,7,5,10,3,0,d,2.2294736842105265,0.8292105263157895,F1_laliga,2026-05-22 10:28:50.594196
16,8,1,15,16,0,0,0,14,3,6,9,3,0,D,1.4784210526315789,1.0126315789473683,F1_laliga,2026-05-22 10:28:50.594209
17,9,1,16,13,1,1,2,14,10,4,11,2,0,a,2.2294736842105265,0.8292105263157895,F1_laliga,2026-05-22 10:28:50.594263
18,9,1,13,16,0,2,1,8,6,4,16,1,0,D,1.792894736842105,1.1571052631578946,F1_laliga,2026-05-22 10:28:50.594286
19,10,1,16,6,1,1,1,13,4,6,17,4,0,d,2.2294736842105265,0.8292105263157895,F1_laliga,2026-05-22 10:28:50.594346
20,10,1,6,16,0,1,1,5,1,5,13,1,0,D,1.2586842105263158,1.2305263157894737,F1_laliga,2026-05-22 10:28:50.594359
21,11,1,16,7,1,5,1,13,2,2,17,0,0,h,2.2294736842105265,0.8292105263157895,F1_laliga,2026-05-22 10:28:50.594415
22,11,1,7,16,0,1,5,7,7,4,15,0,0,D,1.3168421052631578,1.4318421052631578,F1_laliga,2026-05-22 10:28:50.594434
23,12,1,16,14,1,1,1,8,7,1,10,1,0,d,2.2294736842105265,0.8292105263157895,F1_laliga,2026-05-22 10:28:50.594490
24,12,1,14,16,0,1,1,9,7,5,20,2,0,D,1.3757894736842105,1.3344736842105263,F1_laliga,2026-05-22 10:28:50.594504
25,13,1,16,8,1,0,1,15,7,5,5,2,0,a,2.2294736842105265,0.8292105263157895,F1_laliga,2026-05-22 10:28:50.594581
26,13,1,8,16,0,1,0,14,2,1,18,1,0,D,1.6707894736842106,1.5489473684210526,F1_laliga,2026-05-22 10:28:50.594596
27,14,1,16,12,1,1,1,11,5,6,15,1,0,h,2.2294736842105265,0.8292105263157895,F1_laliga,2026-05-22 10:28:50.594661
28,14,1,12,16,0,1,1,9,5,5,11,0,0,D,1.2934210526315788,1.784736842105263,F1_laliga,2026-05-22 10:28:50.594674
29,15,1,16,1,1,1,0,13,5,5,15,2,0,h,2.2294736842105265,0.8292105263157895,F1_laliga,2026-05-22 10:28:50.594730
30,15,1,1,16,0,0,1,7,5,2,10,0,0,D,1.3,1.5910526315789475,F1_laliga,2026-05-22 10:28:50.594743
31,16,1,16,5,1,3,3,13,7,4,18,3,0,d,2.2294736842105265,0.8292105263157895,F1_laliga,2026-05-22 10:28:50.594797
32,16,1,5,16,0,3,3,6,6,3,18,0,0,D,1.4460526315789475,1.5723684210526316,F1_laliga,2026-05-22 10:28:50.594812
33,17,1,16,9,1,3,2,18,2,1,12,2,0,a,2.2294736842105265,0.8292105263157895,F1_laliga,2026-05-22 10:28:50.594867
34,17,1,9,16,0,2,3,15,7,3,15,2,0,D,1.2294736842105263,1.48,F1_laliga,2026-05-22 10:28:50.594881
35,18,1,16,10,1,0,0,8,7,5,9,5,0,d,2.2294736842105265,0.8292105263157895,F1_laliga,2026-05-22 10:28:50.594935
36,18,1,10,16,0,0,0,7,3,3,7,1,0,D,1.3068421052631578,1.7763157894736843,F1_laliga,2026-05-22 10:28:50.594948
37,19,1,16,11,1,2,1,10,4,6,14,4,1,h,2.2294736842105265,0.8292105263157895,F1_laliga,2026-05-22 10:28:50.595002
38,19,1,11,16,0,1,2,13,2,4,9,2,0,D,0.9410526315789474,1.8444736842105265,F1_laliga,2026-05-22 10:28:50.595016
39,20,1,4,16,1,0,3,6,6,3,13,0,0,a,2.3263157894736843,0.5984210526315789,F1_laliga,2026-05-22 10:28:50.595070
40,20,1,16,4,0,3,0,12,1,1,15,3,0,D,2.2294736842105265,0.8292105263157895,F1_laliga,2026-05-22 10:28:50.595083
41,21,1,4,3,1,0,2,10,6,7,8,4,0,a,2.3263157894736843,0.5984210526315789,F1_laliga,2026-05-22 10:28:50.595136
42,21,1,3,4,0,2,0,8,2,2,7,2,0,D,1.9155263157894737,0.8713157894736842,F1_laliga,2026-05-22 10:28:50.595152
43,22,1,4,18,1,2,2,13,5,6,9,0,0,d,2.3263157894736843,0.5984210526315789,F1_laliga,2026-05-22 10:28:50.595207
44,22,1,18,4,0,2,2,11,7,2,13,1,0,D,2.236842105263158,0.6342105263157896,F1_laliga,2026-05-22 10:28:50.595221
45,23,1,4,17,1,2,2,18,4,5,10,5,0,h,2.3263157894736843,0.5984210526315789,F1_laliga,2026-05-22 10:28:50.595281
46,23,1,17,4,0,2,2,11,3,6,13,0,0,D,2.1042105263157893,1.0342105263157895,F1_laliga,2026-05-22 10:28:50.595295
47,24,1,4,20,1,3,0,6,2,8,15,3,0,h,2.3263157894736843,0.5984210526315789,F1_laliga,2026-05-22 10:28:50.595356
48,24,1,20,4,0,0,3,11,3,4,14,6,0,D,2.0105263157894737,0.9468421052631578,F1_laliga,2026-05-22 10:28:50.595370
49,25,1,4,2,1,2,1,10,5,4,11,2,0,h,2.3263157894736843,0.5984210526315789,F1_laliga,2026-05-22 10:28:50.595424
50,25,1,2,4,0,1,2,6,5,4,6,1,0,D,1.928157894736842,0.966842105263158,F1_laliga,2026-05-22 10:28:50.595437
51,26,1,4,19,1,0,2,21,3,9,13,2,0,a,2.3263157894736843,0.5984210526315789,F1_laliga,2026-05-22 10:28:50.595539
52,26,1,19,4,0,2,0,6,4,4,14,1,0,D,1.6563157894736842,1.1736842105263159,F1_laliga,2026-05-22 10:28:50.595579
53,27,1,4,15,1,2,1,9,5,3,7,3,0,h,2.3263157894736843,0.5984210526315789,F1_laliga,2026-05-22 10:28:50.595653
54,27,1,15,4,0,1,2,8,2,3,9,3,0,D,1.4784210526315789,1.0126315789473683,F1_laliga,2026-05-22 10:28:50.595668
55,28,1,4,13,1,2,2,11,2,2,14,3,0,d,2.3263157894736843,0.5984210526315789,F1_laliga,2026-05-22 10:28:50.595725
56,28,1,13,4,0,2,2,9,6,2,13,1,0,D,1.792894736842105,1.1571052631578946,F1_laliga,2026-05-22 10:28:50.595739
57,29,1,4,6,1,4,2,10,3,5,13,3,1,h,2.3263157894736843,0.5984210526315789,F1_laliga,2026-05-22 10:28:50.595795
58,29,1,6,4,0,2,4,3,7,4,14,2,0,D,1.2586842105263158,1.2305263157894737,F1_laliga,2026-05-22 10:28:50.595808
59,30,1,4,7,1,2,2,12,5,6,13,1,0,d,2.3263157894736843,0.5984210526315789,F1_laliga,2026-05-22 10:28:50.595863
60,30,1,7,4,0,2,2,9,3,6,12,4,0,D,1.3168421052631578,1.4318421052631578,F1_laliga,2026-05-22 10:28:50.595877
61,31,1,4,14,1,0,0,8,4,4,10,4,0,a,2.3263157894736843,0.5984210526315789,F1_laliga,2026-05-22 10:28:50.595930
62,31,1,14,4,0,0,0,16,3,7,9,1,0,D,1.3757894736842105,1.3344736842105263,F1_laliga,2026-05-22 10:28:50.595946
63,32,1,4,8,1,0,2,10,8,4,8,0,0,a,2.3263157894736843,0.5984210526315789,F1_laliga,2026-05-22 10:28:50.596000
64,32,1,8,4,0,2,0,9,0,6,13,3,0,D,1.6707894736842106,1.5489473684210526,F1_laliga,2026-05-22 10:28:50.596013
65,33,1,4,12,1,2,2,8,7,7,11,2,0,a,2.3263157894736843,0.5984210526315789,F1_laliga,2026-05-22 10:28:50.596068
66,33,1,12,4,0,2,2,11,3,6,18,1,0,D,1.2934210526315788,1.784736842105263,F1_laliga,2026-05-22 10:28:50.596081
67,34,1,4,1,1,3,0,11,5,2,12,4,0,h,2.3263157894736843,0.5984210526315789,F1_laliga,2026-05-22 10:28:50.596134
68,34,1,1,4,0,0,3,13,6,4,10,1,0,D,1.3,1.5910526315789475,F1_laliga,2026-05-22 10:28:50.596147
69,35,1,4,5,1,3,0,14,3,5,10,3,0,h,2.3263157894736843,0.5984210526315789,F1_laliga,2026-05-22 10:28:50.596199
70,35,1,5,4,0,0,3,7,2,2,12,3,0,D,1.4460526315789475,1.5723684210526316,F1_laliga,2026-05-22 10:28:50.596212
71,36,1,4,9,1,2,0,16,7,10,13,2,0,h,2.3263157894736843,0.5984210526315789,F1_laliga,2026-05-22 10:28:50.596264
72,36,1,9,4,0,0,2,12,5,6,11,4,0,D,1.2294736842105263,1.48,F1_laliga,2026-05-22 10:28:50.596284
73,37,1,4,10,1,1,1,19,8,7,10,1,0,a,2.3263157894736843,0.5984210526315789,F1_laliga,2026-05-22 10:28:50.596345
74,37,1,10,4,0,1,1,6,6,6,9,2,0,D,1.3068421052631578,1.7763157894736843,F1_laliga,2026-05-22 10:28:50.596358
75,1,1,4,11,1,0,0,15,3,5,10,0,1,d,2.3263157894736843,0.5984210526315789,F1_laliga,2026-05-22 10:28:50.596413
76,1,1,11,4,0,0,0,10,3,1,7,1,0,D,0.9410526315789474,1.8444736842105265,F1_laliga,2026-05-22 10:28:50.596426
77,2,1,3,16,1,0,1,18,7,5,10,0,1,a,1.9155263157894737,0.8713157894736842,F1_laliga,2026-05-22 10:28:50.596481
78,2,1,16,3,0,1,0,14,1,7,13,3,0,D,2.2294736842105265,0.8292105263157895,F1_laliga,2026-05-22 10:28:50.596496
79,3,1,3,4,1,1,1,15,3,3,5,2,0,d,1.9155263157894737,0.8713157894736842,F1_laliga,2026-05-22 10:28:50.596549
80,3,1,4,3,0,1,1,10,4,5,14,8,0,D,2.3263157894736843,0.5984210526315789,F1_laliga,2026-05-22 10:28:50.596583
81,4,1,3,18,1,0,2,12,4,5,18,1,0,h,1.9155263157894737,0.8713157894736842,F1_laliga,2026-05-22 10:28:50.596660
82,4,1,18,3,0,2,0,13,2,4,12,2,0,D,2.236842105263158,0.6342105263157896,F1_laliga,2026-05-22 10:28:50.596678
83,5,1,3,17,1,0,1,13,3,3,7,3,0,h,1.9155263157894737,0.8713157894736842,F1_laliga,2026-05-22 10:28:50.596757
84,5,1,17,3,0,1,0,7,8,5,13,1,0,D,2.1042105263157893,1.0342105263157895,F1_laliga,2026-05-22 10:28:50.596772
85,6,1,3,20,1,2,2,8,5,6,17,1,0,a,1.9155263157894737,0.8713157894736842,F1_laliga,2026-05-22 10:28:50.596830
86,6,1,20,3,0,2,2,5,3,6,10,5,0,D,2.0105263157894737,0.9468421052631578,F1_laliga,2026-05-22 10:28:50.596843
87,7,1,3,2,1,0,0,20,2,2,8,3,0,d,1.9155263157894737,0.8713157894736842,F1_laliga,2026-05-22 10:28:50.596900
88,7,1,2,3,0,0,0,5,3,4,6,0,0,D,1.928157894736842,0.966842105263158,F1_laliga,2026-05-22 10:28:50.596914
89,8,1,3,19,1,0,2,15,4,5,13,4,0,a,1.9155263157894737,0.8713157894736842,F1_laliga,2026-05-22 10:28:50.596969
90,8,1,19,3,0,2,0,11,6,4,16,1,0,D,1.6563157894736842,1.1736842105263159,F1_laliga,2026-05-22 10:28:50.596983
91,9,1,3,15,1,3,1,13,5,2,13,3,0,h,1.9155263157894737,0.8713157894736842,F1_laliga,2026-05-22 10:28:50.597037
92,9,1,15,3,0,1,3,9,5,2,16,1,1,D,1.4784210526315789,1.0126315789473683,F1_laliga,2026-05-22 10:28:50.597053
93,10,1,3,13,1,0,2,12,8,3,13,3,0,a,1.9155263157894737,0.8713157894736842,F1_laliga,2026-05-22 10:28:50.597134
94,10,1,13,3,0,2,0,9,5,7,9,3,0,D,1.792894736842105,1.1571052631578946,F1_laliga,2026-05-22 10:28:50.597149
95,11,1,3,6,1,3,1,17,4,4,12,1,0,h,1.9155263157894737,0.8713157894736842,F1_laliga,2026-05-22 10:28:50.597210
96,11,1,6,3,0,1,3,9,1,1,17,1,0,D,1.2586842105263158,1.2305263157894737,F1_laliga,2026-05-22 10:28:50.597224
97,12,1,3,7,1,0,1,11,5,6,17,4,0,a,1.9155263157894737,0.8713157894736842,F1_laliga,2026-05-22 10:28:50.597285
98,12,1,7,3,0,1,0,18,4,3,9,3,0,D,1.3168421052631578,1.4318421052631578,F1_laliga,2026-05-22 10:28:50.597299
99,13,1,3,14,1,3,0,11,3,4,11,1,0,h,1.9155263157894737,0.8713157894736842,F1_laliga,2026-05-22 10:28:50.597429
100,13,1,14,3,0,0,3,10,6,5,11,3,0,D,1.3757894736842105,1.3344736842105263,F1_laliga,2026-05-22 10:28:50.597444
101,14,1,3,8,1,2,0,13,11,5,9,0,0,h,1.9155263157894737,0.8713157894736842,F1_laliga,2026-05-22 10:28:50.597521
102,14,1,8,3,0,0,2,7,3,3,11,3,0,D,1.6707894736842106,1.5489473684210526,F1_laliga,2026-05-22 10:28:50.597540
103,15,1,3,12,1,4,0,9,8,8,8,1,0,h,1.9155263157894737,0.8713157894736842,F1_laliga,2026-05-22 10:28:50.597629
104,15,1,12,3,0,0,4,15,1,5,12,1,0,D,1.2934210526315788,1.784736842105263,F1_laliga,2026-05-22 10:28:50.597651
105,16,1,3,1,1,2,1,16,7,2,12,1,0,h,1.9155263157894737,0.8713157894736842,F1_laliga,2026-05-22 10:28:50.597731
106,16,1,1,3,0,1,2,16,3,4,14,1,0,D,1.3,1.5910526315789475,F1_laliga,2026-05-22 10:28:50.597745
107,17,1,3,5,1,3,3,8,6,5,10,3,0,d,1.9155263157894737,0.8713157894736842,F1_laliga,2026-05-22 10:28:50.597806
108,17,1,5,3,0,3,3,13,8,3,10,4,0,D,1.4460526315789475,1.5723684210526316,F1_laliga,2026-05-22 10:28:50.597820
109,18,1,3,9,1,1,1,9,2,2,20,2,0,h,1.9155263157894737,0.8713157894736842,F1_laliga,2026-05-22 10:28:50.597877
110,18,1,9,3,0,1,1,10,4,6,16,1,0,D,1.2294736842105263,1.48,F1_laliga,2026-05-22 10:28:50.597891
111,19,1,3,10,1,3,1,9,9,5,10,1,0,h,1.9155263157894737,0.8713157894736842,F1_laliga,2026-05-22 10:28:50.597972
112,19,1,10,3,0,1,3,13,8,1,11,3,0,D,1.3068421052631578,1.7763157894736843,F1_laliga,2026-05-22 10:28:50.597989
113,20,1,3,11,1,0,0,15,5,3,11,3,0,d,1.9155263157894737,0.8713157894736842,F1_laliga,2026-05-22 10:28:50.598070
114,20,1,11,3,0,0,0,7,4,4,6,2,0,D,0.9410526315789474,1.8444736842105265,F1_laliga,2026-05-22 10:28:50.598084
115,21,1,18,16,1,0,1,16,5,5,14,2,1,a,2.236842105263158,0.6342105263157896,F1_laliga,2026-05-22 10:28:50.598144
116,21,1,16,18,0,1,0,10,4,4,17,3,0,D,2.2294736842105265,0.8292105263157895,F1_laliga,2026-05-22 10:28:50.598158
117,22,1,18,4,1,0,0,16,3,5,7,0,0,d,2.236842105263158,0.6342105263157896,F1_laliga,2026-05-22 10:28:50.598214
118,22,1,4,18,0,0,0,12,7,5,14,3,0,D,2.3263157894736843,0.5984210526315789,F1_laliga,2026-05-22 10:28:50.598303
119,23,1,18,3,1,0,0,15,1,2,10,5,0,d,2.236842105263158,0.6342105263157896,F1_laliga,2026-05-22 10:28:50.598392
120,23,1,3,18,0,0,0,12,4,6,18,2,0,D,1.9155263157894737,0.8713157894736842,F1_laliga,2026-05-22 10:28:50.598406
121,24,1,18,17,1,2,2,18,5,4,11,2,0,d,2.236842105263158,0.6342105263157896,F1_laliga,2026-05-22 10:28:50.598468
122,24,1,17,18,0,2,2,9,8,5,13,2,1,D,2.1042105263157893,1.0342105263157895,F1_laliga,2026-05-22 10:28:50.598486
123,25,1,18,20,1,2,0,11,7,3,10,3,0,h,2.236842105263158,0.6342105263157896,F1_laliga,2026-05-22 10:28:50.598542
124,25,1,20,18,0,0,2,4,6,6,12,1,0,D,2.0105263157894737,0.9468421052631578,F1_laliga,2026-05-22 10:28:50.598582
125,26,1,18,2,1,1,1,14,0,6,17,4,0,d,2.236842105263158,0.6342105263157896,F1_laliga,2026-05-22 10:28:50.598651
126,26,1,2,18,0,1,1,9,8,9,17,1,0,D,1.928157894736842,0.966842105263158,F1_laliga,2026-05-22 10:28:50.598665
127,27,1,18,19,1,0,0,15,7,3,14,0,0,h,2.236842105263158,0.6342105263157896,F1_laliga,2026-05-22 10:28:50.598750
128,27,1,19,18,0,0,0,13,1,6,12,4,0,D,1.6563157894736842,1.1736842105263159,F1_laliga,2026-05-22 10:28:50.598764
129,28,1,18,15,1,1,1,11,0,2,9,1,0,d,2.236842105263158,0.6342105263157896,F1_laliga,2026-05-22 10:28:50.598826
130,28,1,15,18,0,1,1,15,0,1,8,1,0,D,1.4784210526315789,1.0126315789473683,F1_laliga,2026-05-22 10:28:50.598840
131,29,1,18,13,1,0,3,21,7,3,15,2,0,a,2.236842105263158,0.6342105263157896,F1_laliga,2026-05-22 10:28:50.598897
132,29,1,13,18,0,3,0,12,4,5,14,4,0,D,1.792894736842105,1.1571052631578946,F1_laliga,2026-05-22 10:28:50.598914
133,30,1,18,6,1,2,1,11,6,8,13,2,1,h,2.236842105263158,0.6342105263157896,F1_laliga,2026-05-22 10:28:50.598978
134,30,1,6,18,0,1,2,7,3,2,9,1,0,D,1.2586842105263158,1.2305263157894737,F1_laliga,2026-05-22 10:28:50.598993
135,31,1,18,7,1,0,2,14,7,6,15,1,0,a,2.236842105263158,0.6342105263157896,F1_laliga,2026-05-22 10:28:50.599085
136,31,1,7,18,0,2,0,12,2,6,9,2,0,D,1.3168421052631578,1.4318421052631578,F1_laliga,2026-05-22 10:28:50.599100
137,32,1,18,14,1,0,1,15,4,7,12,4,0,h,2.236842105263158,0.6342105263157896,F1_laliga,2026-05-22 10:28:50.599174
138,32,1,14,18,0,1,0,11,5,3,11,0,0,D,1.3757894736842105,1.3344736842105263,F1_laliga,2026-05-22 10:28:50.599189
139,33,1,18,8,1,1,0,21,13,8,11,2,0,h,2.236842105263158,0.6342105263157896,F1_laliga,2026-05-22 10:28:50.599278
140,33,1,8,18,0,0,1,10,2,4,9,2,0,D,1.6707894736842106,1.5489473684210526,F1_laliga,2026-05-22 10:28:50.599296
141,34,1,18,12,1,0,1,17,6,4,15,4,0,a,2.236842105263158,0.6342105263157896,F1_laliga,2026-05-22 10:28:50.599363
142,34,1,12,18,0,1,0,7,5,4,6,1,0,D,1.2934210526315788,1.784736842105263,F1_laliga,2026-05-22 10:28:50.599379
143,35,1,18,1,1,2,2,10,5,6,12,1,1,d,2.236842105263158,0.6342105263157896,F1_laliga,2026-05-22 10:28:50.599443
144,35,1,1,18,0,2,2,4,6,3,9,1,0,D,1.3,1.5910526315789475,F1_laliga,2026-05-22 10:28:50.599497
145,36,1,18,5,1,3,3,13,4,4,12,1,0,d,2.236842105263158,0.6342105263157896,F1_laliga,2026-05-22 10:28:50.599599
146,36,1,5,18,0,3,3,9,3,2,10,2,0,D,1.4460526315789475,1.5723684210526316,F1_laliga,2026-05-22 10:28:50.599614
147,37,1,18,9,1,2,0,9,7,3,11,2,0,h,2.236842105263158,0.6342105263157896,F1_laliga,2026-05-22 10:28:50.599681
148,37,1,9,18,0,0,2,11,4,3,8,4,1,D,1.2294736842105263,1.48,F1_laliga,2026-05-22 10:28:50.599702
149,1,1,18,10,1,2,0,14,7,9,11,1,0,h,2.236842105263158,0.6342105263157896,F1_laliga,2026-05-22 10:28:50.599780
150,1,1,10,18,0,0,2,15,4,5,14,0,0,D,1.3068421052631578,1.7763157894736843,F1_laliga,2026-05-22 10:28:50.599795
151,2,1,18,11,1,2,1,6,6,4,17,2,0,a,2.236842105263158,0.6342105263157896,F1_laliga,2026-05-22 10:28:50.599860
152,2,1,11,18,0,1,2,4,2,9,17,1,0,D,0.9410526315789474,1.8444736842105265,F1_laliga,2026-05-22 10:28:50.599875
153,3,1,17,16,1,0,0,10,4,5,16,1,0,d,2.1042105263157893,1.0342105263157895,F1_laliga,2026-05-22 10:28:50.599932
154,3,1,16,17,0,0,0,11,4,5,14,4,0,D,2.2294736842105265,0.8292105263157895,F1_laliga,2026-05-22 10:28:50.599945
155,4,1,17,4,1,1,0,5,11,4,14,1,1,h,2.1042105263157893,1.0342105263157895,F1_laliga,2026-05-22 10:28:50.600000
156,4,1,4,17,0,0,1,12,5,5,8,3,0,D,2.3263157894736843,0.5984210526315789,F1_laliga,2026-05-22 10:28:50.600013
157,5,1,17,3,1,3,1,11,4,4,8,1,0,h,2.1042105263157893,1.0342105263157895,F1_laliga,2026-05-22 10:28:50.600094
158,5,1,3,17,0,1,3,9,3,3,12,3,0,D,1.9155263157894737,0.8713157894736842,F1_laliga,2026-05-22 10:28:50.600112
159,6,1,17,18,1,5,0,12,8,3,17,3,0,h,2.1042105263157893,1.0342105263157895,F1_laliga,2026-05-22 10:28:50.600190
160,6,1,18,17,0,0,5,11,6,5,6,2,0,D,2.236842105263158,0.6342105263157896,F1_laliga,2026-05-22 10:28:50.600205
161,7,1,17,20,1,0,2,11,7,7,12,2,0,a,2.1042105263157893,1.0342105263157895,F1_laliga,2026-05-22 10:28:50.600286
162,7,1,20,17,0,2,0,12,5,6,13,1,1,D,2.0105263157894737,0.9468421052631578,F1_laliga,2026-05-22 10:28:50.600311
163,8,1,17,2,1,4,0,13,7,6,8,0,0,h,2.1042105263157893,1.0342105263157895,F1_laliga,2026-05-22 10:28:50.600397
164,8,1,2,17,0,0,4,4,2,8,10,1,0,D,1.928157894736842,0.966842105263158,F1_laliga,2026-05-22 10:28:50.600412
165,9,1,17,19,1,1,2,13,5,8,12,3,0,h,2.1042105263157893,1.0342105263157895,F1_laliga,2026-05-22 10:28:50.600478
166,9,1,19,17,0,2,1,7,6,6,9,4,0,D,1.6563157894736842,1.1736842105263159,F1_laliga,2026-05-22 10:28:50.600492
167,10,1,17,15,1,0,1,15,3,4,14,4,0,h,2.1042105263157893,1.0342105263157895,F1_laliga,2026-05-22 10:28:50.600549
168,10,1,15,17,0,1,0,8,3,3,11,3,0,D,1.4784210526315789,1.0126315789473683,F1_laliga,2026-05-22 10:28:50.600592
169,11,1,17,13,1,1,3,9,2,0,20,1,0,a,2.1042105263157893,1.0342105263157895,F1_laliga,2026-05-22 10:28:50.600662
170,11,1,13,17,0,3,1,15,3,5,17,3,0,D,1.792894736842105,1.1571052631578946,F1_laliga,2026-05-22 10:28:50.600678
171,12,1,17,6,1,0,0,9,7,1,4,1,0,d,2.1042105263157893,1.0342105263157895,F1_laliga,2026-05-22 10:28:50.600737
172,12,1,6,17,0,0,0,10,2,6,17,4,0,D,1.2586842105263158,1.2305263157894737,F1_laliga,2026-05-22 10:28:50.600753
173,13,1,17,7,1,2,2,10,6,8,11,2,0,d,2.1042105263157893,1.0342105263157895,F1_laliga,2026-05-22 10:28:50.600812
174,13,1,7,17,0,2,2,15,5,4,8,3,0,D,1.3168421052631578,1.4318421052631578,F1_laliga,2026-05-22 10:28:50.600826
175,14,1,17,14,1,2,2,8,5,2,13,3,0,d,2.1042105263157893,1.0342105263157895,F1_laliga,2026-05-22 10:28:50.600880
176,14,1,14,17,0,2,2,15,3,2,6,2,0,D,1.3757894736842105,1.3344736842105263,F1_laliga,2026-05-22 10:28:50.600893
177,15,1,17,8,1,2,1,11,6,3,9,3,0,h,2.1042105263157893,1.0342105263157895,F1_laliga,2026-05-22 10:28:50.600947
178,15,1,8,17,0,1,2,12,4,5,12,1,0,D,1.6707894736842106,1.5489473684210526,F1_laliga,2026-05-22 10:28:50.600961
179,16,1,17,12,1,3,0,8,7,3,6,1,0,h,2.1042105263157893,1.0342105263157895,F1_laliga,2026-05-22 10:28:50.601014
180,16,1,12,17,0,0,3,7,3,5,19,3,0,D,1.2934210526315788,1.784736842105263,F1_laliga,2026-05-22 10:28:50.601028
181,17,1,17,1,1,1,2,10,10,3,7,1,0,a,2.1042105263157893,1.0342105263157895,F1_laliga,2026-05-22 10:28:50.601082
182,17,1,1,17,0,2,1,12,4,4,8,1,0,D,1.3,1.5910526315789475,F1_laliga,2026-05-22 10:28:50.601097
183,18,1,17,5,1,0,2,14,4,3,19,1,0,h,2.1042105263157893,1.0342105263157895,F1_laliga,2026-05-22 10:28:50.601151
184,18,1,5,17,0,2,0,8,4,3,13,2,0,D,1.4460526315789475,1.5723684210526316,F1_laliga,2026-05-22 10:28:50.601165
185,19,1,17,9,1,0,0,13,8,2,10,1,0,h,2.1042105263157893,1.0342105263157895,F1_laliga,2026-05-22 10:28:50.601217
186,19,1,9,17,0,0,0,13,6,3,9,1,0,D,1.2294736842105263,1.48,F1_laliga,2026-05-22 10:28:50.601231
187,20,1,17,10,1,4,2,10,5,4,10,3,0,h,2.1042105263157893,1.0342105263157895,F1_laliga,2026-05-22 10:28:50.601304
188,20,1,10,17,0,2,4,10,7,3,16,4,0,D,1.3068421052631578,1.7763157894736843,F1_laliga,2026-05-22 10:28:50.601327
189,21,1,17,11,1,3,1,13,7,5,14,1,0,h,2.1042105263157893,1.0342105263157895,F1_laliga,2026-05-22 10:28:50.601394
190,21,1,11,17,0,1,3,11,3,5,4,4,0,D,0.9410526315789474,1.8444736842105265,F1_laliga,2026-05-22 10:28:50.601408
191,22,1,20,16,1,4,0,21,7,4,9,2,0,h,2.0105263157894737,0.9468421052631578,F1_laliga,2026-05-22 10:28:50.601463
192,22,1,16,20,0,0,4,14,4,5,8,0,0,D,2.2294736842105265,0.8292105263157895,F1_laliga,2026-05-22 10:28:50.601479
193,23,1,20,4,1,0,1,9,4,7,15,3,0,h,2.0105263157894737,0.9468421052631578,F1_laliga,2026-05-22 10:28:50.601534
194,23,1,4,20,0,1,0,3,2,6,9,1,0,D,2.3263157894736843,0.5984210526315789,F1_laliga,2026-05-22 10:28:50.601574
195,24,1,20,3,1,4,0,19,1,5,18,2,0,h,2.0105263157894737,0.9468421052631578,F1_laliga,2026-05-22 10:28:50.601651
196,24,1,3,20,0,0,4,10,5,3,8,2,0,D,1.9155263157894737,0.8713157894736842,F1_laliga,2026-05-22 10:28:50.601665
197,25,1,20,18,1,1,5,18,3,7,11,0,0,a,2.0105263157894737,0.9468421052631578,F1_laliga,2026-05-22 10:28:50.601723
198,25,1,18,20,0,5,1,8,5,6,11,2,0,D,2.236842105263158,0.6342105263157896,F1_laliga,2026-05-22 10:28:50.601737
199,26,1,20,17,1,1,0,20,6,6,9,3,0,h,2.0105263157894737,0.9468421052631578,F1_laliga,2026-05-22 10:28:50.601795
200,26,1,17,20,0,0,1,7,4,3,10,1,0,D,2.1042105263157893,1.0342105263157895,F1_laliga,2026-05-22 10:28:50.601809
201,27,1,20,2,1,4,0,10,4,4,15,2,0,h,2.0105263157894737,0.9468421052631578,F1_laliga,2026-05-22 10:28:50.601869
202,27,1,2,20,0,0,4,14,3,5,19,2,0,D,1.928157894736842,0.966842105263158,F1_laliga,2026-05-22 10:28:50.601884
203,28,1,20,19,1,4,4,13,4,3,14,3,0,d,2.0105263157894737,0.9468421052631578,F1_laliga,2026-05-22 10:28:50.601940
204,28,1,19,20,0,4,4,10,3,4,10,1,0,D,1.6563157894736842,1.1736842105263159,F1_laliga,2026-05-22 10:28:50.601953
205,29,1,20,15,1,2,1,5,9,4,8,3,0,h,2.0105263157894737,0.9468421052631578,F1_laliga,2026-05-22 10:28:50.602008
206,29,1,15,20,0,1,2,5,1,6,18,2,0,D,1.4784210526315789,1.0126315789473683,F1_laliga,2026-05-22 10:28:50.602021
207,30,1,20,13,1,3,2,13,7,4,8,2,0,h,2.0105263157894737,0.9468421052631578,F1_laliga,2026-05-22 10:28:50.602076
208,30,1,13,20,0,2,3,8,5,1,9,0,0,D,1.792894736842105,1.1571052631578946,F1_laliga,2026-05-22 10:28:50.602090
209,31,1,20,6,1,2,0,14,4,4,16,0,0,h,2.0105263157894737,0.9468421052631578,F1_laliga,2026-05-22 10:28:50.602142
210,31,1,6,20,0,0,2,8,6,2,10,2,0,D,1.2586842105263158,1.2305263157894737,F1_laliga,2026-05-22 10:28:50.602156
211,32,1,20,7,1,1,0,12,8,4,15,3,0,h,2.0105263157894737,0.9468421052631578,F1_laliga,2026-05-22 10:28:50.602209
212,32,1,7,20,0,0,1,11,4,4,8,1,0,D,1.3168421052631578,1.4318421052631578,F1_laliga,2026-05-22 10:28:50.602224
213,33,1,20,14,1,3,1,6,8,3,9,2,0,h,2.0105263157894737,0.9468421052631578,F1_laliga,2026-05-22 10:28:50.602283
214,33,1,14,20,0,1,3,11,3,3,6,4,0,D,1.3757894736842105,1.3344736842105263,F1_laliga,2026-05-22 10:28:50.602297
215,34,1,20,8,1,1,1,20,4,3,18,4,0,h,2.0105263157894737,0.9468421052631578,F1_laliga,2026-05-22 10:28:50.602355
216,34,1,8,20,0,1,1,11,5,3,12,1,0,D,1.6707894736842106,1.5489473684210526,F1_laliga,2026-05-22 10:28:50.602368
217,35,1,20,12,1,0,4,13,6,10,9,2,0,a,2.0105263157894737,0.9468421052631578,F1_laliga,2026-05-22 10:28:50.602422
218,35,1,12,20,0,4,0,9,2,5,21,4,0,D,1.2934210526315788,1.784736842105263,F1_laliga,2026-05-22 10:28:50.602435
219,36,1,20,1,1,2,1,18,5,6,12,1,0,h,2.0105263157894737,0.9468421052631578,F1_laliga,2026-05-22 10:28:50.602489
220,36,1,1,20,0,1,2,15,2,5,7,4,0,D,1.3,1.5910526315789475,F1_laliga,2026-05-22 10:28:50.602502
221,37,1,20,5,1,4,0,16,8,7,17,1,0,h,2.0105263157894737,0.9468421052631578,F1_laliga,2026-05-22 10:28:50.602578
222,37,1,5,20,0,0,4,7,3,4,11,3,0,D,1.4460526315789475,1.5723684210526316,F1_laliga,2026-05-22 10:28:50.602595
223,1,1,20,9,1,0,5,13,7,5,5,1,0,a,2.0105263157894737,0.9468421052631578,F1_laliga,2026-05-22 10:28:50.602663
224,1,1,9,20,0,5,0,13,4,3,14,2,0,D,1.2294736842105263,1.48,F1_laliga,2026-05-22 10:28:50.602676
225,2,1,20,10,1,0,0,13,7,7,7,2,0,d,2.0105263157894737,0.9468421052631578,F1_laliga,2026-05-22 10:28:50.602733
226,2,1,10,20,0,0,0,12,4,3,11,0,0,D,1.3068421052631578,1.7763157894736843,F1_laliga,2026-05-22 10:28:50.602747
227,3,1,20,11,1,0,0,19,9,7,11,3,0,d,2.0105263157894737,0.9468421052631578,F1_laliga,2026-05-22 10:28:50.602825
228,3,1,11,20,0,0,0,4,3,4,15,1,0,D,0.9410526315789474,1.8444736842105265,F1_laliga,2026-05-22 10:28:50.602843
229,4,1,2,16,1,1,2,20,4,9,17,4,0,h,1.928157894736842,0.966842105263158,F1_laliga,2026-05-22 10:28:50.602902
230,4,1,16,2,0,2,1,10,1,3,12,4,0,D,2.2294736842105265,0.8292105263157895,F1_laliga,2026-05-22 10:28:50.602915
231,5,1,2,4,1,3,0,15,6,13,14,1,0,h,1.928157894736842,0.966842105263158,F1_laliga,2026-05-22 10:28:50.602971
232,5,1,4,2,0,0,3,8,2,4,16,0,0,D,2.3263157894736843,0.5984210526315789,F1_laliga,2026-05-22 10:28:50.602987
233,6,1,2,3,1,0,0,16,4,10,14,3,0,d,1.928157894736842,0.966842105263158,F1_laliga,2026-05-22 10:28:50.603041
234,6,1,3,2,0,0,0,14,4,3,11,1,0,D,1.9155263157894737,0.8713157894736842,F1_laliga,2026-05-22 10:28:50.603055
235,7,1,2,18,1,1,2,18,7,2,9,5,0,a,1.928157894736842,0.966842105263158,F1_laliga,2026-05-22 10:28:50.603109
236,7,1,18,2,0,2,1,13,6,1,20,2,0,D,2.236842105263158,0.6342105263157896,F1_laliga,2026-05-22 10:28:50.603123
237,8,1,2,17,1,1,1,9,2,4,15,1,0,h,1.928157894736842,0.966842105263158,F1_laliga,2026-05-22 10:28:50.603176
238,8,1,17,2,0,1,1,14,2,4,10,4,1,D,2.1042105263157893,1.0342105263157895,F1_laliga,2026-05-22 10:28:50.603190
239,9,1,2,20,1,2,2,9,9,8,5,1,0,h,1.928157894736842,0.966842105263158,F1_laliga,2026-05-22 10:28:50.603243
240,9,1,20,2,0,2,2,11,3,4,11,2,0,D,2.0105263157894737,0.9468421052631578,F1_laliga,2026-05-22 10:28:50.603256
241,10,1,2,19,1,1,1,11,2,6,15,1,0,a,1.928157894736842,0.966842105263158,F1_laliga,2026-05-22 10:28:50.603319
242,10,1,19,2,0,1,1,15,4,7,18,2,0,D,1.6563157894736842,1.1736842105263159,F1_laliga,2026-05-22 10:28:50.603336
243,11,1,2,15,1,1,0,21,4,7,13,4,0,h,1.928157894736842,0.966842105263158,F1_laliga,2026-05-22 10:28:50.603391
244,11,1,15,2,0,0,1,9,8,4,6,3,0,D,1.4784210526315789,1.0126315789473683,F1_laliga,2026-05-22 10:28:50.603404
245,12,1,2,13,1,1,1,11,10,1,13,1,0,d,1.928157894736842,0.966842105263158,F1_laliga,2026-05-22 10:28:50.603494
246,12,1,13,2,0,1,1,7,1,3,10,2,0,D,1.792894736842105,1.1571052631578946,F1_laliga,2026-05-22 10:28:50.603509
247,13,1,2,6,1,4,0,14,8,5,11,2,1,h,1.928157894736842,0.966842105263158,F1_laliga,2026-05-22 10:28:50.603599
248,13,1,6,2,0,0,4,12,2,4,14,2,0,D,1.2586842105263158,1.2305263157894737,F1_laliga,2026-05-22 10:28:50.603614
249,14,1,2,7,1,2,1,10,5,4,8,4,0,h,1.928157894736842,0.966842105263158,F1_laliga,2026-05-22 10:28:50.603679
250,14,1,7,2,0,1,2,7,5,3,9,2,0,D,1.3168421052631578,1.4318421052631578,F1_laliga,2026-05-22 10:28:50.603693
251,15,1,2,14,1,1,1,10,2,1,11,3,0,h,1.928157894736842,0.966842105263158,F1_laliga,2026-05-22 10:28:50.603752
252,15,1,14,2,0,1,1,15,6,2,8,2,0,D,1.3757894736842105,1.3344736842105263,F1_laliga,2026-05-22 10:28:50.603766
253,16,1,2,8,1,1,1,12,5,6,11,1,0,h,1.928157894736842,0.966842105263158,F1_laliga,2026-05-22 10:28:50.603851
254,16,1,8,2,0,1,1,7,5,2,12,2,0,D,1.6707894736842106,1.5489473684210526,F1_laliga,2026-05-22 10:28:50.603866
255,17,1,2,12,1,2,2,10,8,8,8,5,0,d,1.928157894736842,0.966842105263158,F1_laliga,2026-05-22 10:28:50.603928
256,17,1,12,2,0,2,2,10,4,2,17,1,0,D,1.2934210526315788,1.784736842105263,F1_laliga,2026-05-22 10:28:50.603942
257,18,1,2,1,1,1,0,12,6,4,11,1,0,h,1.928157894736842,0.966842105263158,F1_laliga,2026-05-22 10:28:50.603997
258,18,1,1,2,0,0,1,10,2,3,10,3,0,D,1.3,1.5910526315789475,F1_laliga,2026-05-22 10:28:50.604011
259,19,1,2,5,1,4,0,14,6,5,9,3,0,h,1.928157894736842,0.966842105263158,F1_laliga,2026-05-22 10:28:50.604064
260,19,1,5,2,0,0,4,7,4,1,4,3,0,D,1.4460526315789475,1.5723684210526316,F1_laliga,2026-05-22 10:28:50.604078
261,20,1,2,9,1,2,2,8,6,4,10,2,0,a,1.928157894736842,0.966842105263158,F1_laliga,2026-05-22 10:28:50.604132
262,20,1,9,2,0,2,2,10,2,4,9,1,0,D,1.2294736842105263,1.48,F1_laliga,2026-05-22 10:28:50.604147
263,21,1,2,10,1,2,1,13,5,6,16,0,0,h,1.928157894736842,0.966842105263158,F1_laliga,2026-05-22 10:28:50.604201
264,21,1,10,2,0,1,2,8,4,7,9,1,0,D,1.3068421052631578,1.7763157894736843,F1_laliga,2026-05-22 10:28:50.604215
265,22,1,2,11,1,2,0,11,7,6,15,2,0,h,1.928157894736842,0.966842105263158,F1_laliga,2026-05-22 10:28:50.604269
266,22,1,11,2,0,0,2,12,6,8,7,2,0,D,0.9410526315789474,1.8444736842105265,F1_laliga,2026-05-22 10:28:50.604289
267,23,1,19,16,1,4,1,16,5,2,13,0,0,h,1.6563157894736842,1.1736842105263159,F1_laliga,2026-05-22 10:28:50.604400
268,23,1,16,19,0,1,4,4,3,2,14,0,0,D,2.2294736842105265,0.8292105263157895,F1_laliga,2026-05-22 10:28:50.604415
269,24,1,19,4,1,1,2,12,6,2,3,5,0,a,1.6563157894736842,1.1736842105263159,F1_laliga,2026-05-22 10:28:50.604479
270,24,1,4,19,0,2,1,8,2,3,12,3,1,D,2.3263157894736843,0.5984210526315789,F1_laliga,2026-05-22 10:28:50.604493
271,25,1,19,3,1,1,1,20,3,5,14,3,0,a,1.6563157894736842,1.1736842105263159,F1_laliga,2026-05-22 10:28:50.604550
272,25,1,3,19,0,1,1,8,0,7,7,3,0,D,1.9155263157894737,0.8713157894736842,F1_laliga,2026-05-22 10:28:50.604587
273,26,1,19,18,1,1,1,16,7,4,10,3,0,d,1.6563157894736842,1.1736842105263159,F1_laliga,2026-05-22 10:28:50.604656
274,26,1,18,19,0,1,1,10,3,5,6,3,0,D,2.236842105263158,0.6342105263157896,F1_laliga,2026-05-22 10:28:50.604670
275,27,1,19,17,1,2,2,15,5,4,15,2,0,d,1.6563157894736842,1.1736842105263159,F1_laliga,2026-05-22 10:28:50.604727
276,27,1,17,19,0,2,2,14,5,5,11,3,0,D,2.1042105263157893,1.0342105263157895,F1_laliga,2026-05-22 10:28:50.604740
277,28,1,19,20,1,4,0,16,7,4,12,2,0,h,1.6563157894736842,1.1736842105263159,F1_laliga,2026-05-22 10:28:50.604795
278,28,1,20,19,0,0,4,12,4,4,11,0,0,D,2.0105263157894737,0.9468421052631578,F1_laliga,2026-05-22 10:28:50.604808
279,29,1,19,2,1,1,1,16,6,7,7,4,0,d,1.6563157894736842,1.1736842105263159,F1_laliga,2026-05-22 10:28:50.604863
280,29,1,2,19,0,1,1,15,5,2,14,4,0,D,1.928157894736842,0.966842105263158,F1_laliga,2026-05-22 10:28:50.604877
281,30,1,19,15,1,2,2,13,5,6,9,0,0,h,1.6563157894736842,1.1736842105263159,F1_laliga,2026-05-22 10:28:50.604931
282,30,1,15,19,0,2,2,10,7,6,15,2,0,D,1.4784210526315789,1.0126315789473683,F1_laliga,2026-05-22 10:28:50.604946
283,31,1,19,13,1,0,0,12,4,2,11,0,0,d,1.6563157894736842,1.1736842105263159,F1_laliga,2026-05-22 10:28:50.605001
284,31,1,13,19,0,0,0,11,7,4,12,2,0,D,1.792894736842105,1.1571052631578946,F1_laliga,2026-05-22 10:28:50.605015
285,32,1,19,6,1,1,1,16,3,8,12,2,0,d,1.6563157894736842,1.1736842105263159,F1_laliga,2026-05-22 10:28:50.605068
286,32,1,6,19,0,1,1,8,5,4,10,3,0,D,1.2586842105263158,1.2305263157894737,F1_laliga,2026-05-22 10:28:50.605081
287,33,1,19,7,1,1,2,9,6,5,9,1,1,h,1.6563157894736842,1.1736842105263159,F1_laliga,2026-05-22 10:28:50.605132
288,33,1,7,19,0,2,1,8,3,4,13,3,0,D,1.3168421052631578,1.4318421052631578,F1_laliga,2026-05-22 10:28:50.605145
289,34,1,19,14,1,2,0,10,3,4,14,1,0,h,1.6563157894736842,1.1736842105263159,F1_laliga,2026-05-22 10:28:50.605198
290,34,1,14,19,0,0,2,13,2,2,14,4,0,D,1.3757894736842105,1.3344736842105263,F1_laliga,2026-05-22 10:28:50.605211
291,35,1,19,8,1,2,2,10,2,2,5,1,0,d,1.6563157894736842,1.1736842105263159,F1_laliga,2026-05-22 10:28:50.605264
292,35,1,8,19,0,2,2,16,5,7,10,1,0,D,1.6707894736842106,1.5489473684210526,F1_laliga,2026-05-22 10:28:50.605285
293,36,1,19,12,1,0,2,16,7,4,9,2,0,a,1.6563157894736842,1.1736842105263159,F1_laliga,2026-05-22 10:28:50.605344
294,36,1,12,19,0,2,0,11,6,6,16,3,0,D,1.2934210526315788,1.784736842105263,F1_laliga,2026-05-22 10:28:50.605358
295,37,1,19,1,1,2,2,9,5,4,14,3,0,d,1.6563157894736842,1.1736842105263159,F1_laliga,2026-05-22 10:28:50.605412
296,37,1,1,19,0,2,2,8,2,3,14,3,0,D,1.3,1.5910526315789475,F1_laliga,2026-05-22 10:28:50.605426
297,1,1,19,5,1,0,0,21,3,7,11,1,0,d,1.6563157894736842,1.1736842105263159,F1_laliga,2026-05-22 10:28:50.605479
298,1,1,5,19,0,0,0,6,4,6,10,3,0,D,1.4460526315789475,1.5723684210526316,F1_laliga,2026-05-22 10:28:50.605492
299,2,1,19,9,1,0,1,14,6,6,10,3,0,a,1.6563157894736842,1.1736842105263159,F1_laliga,2026-05-22 10:28:50.605545
300,2,1,9,19,0,1,0,8,5,3,11,2,0,D,1.2294736842105263,1.48,F1_laliga,2026-05-22 10:28:50.605584
301,3,1,19,10,1,3,0,7,8,2,11,2,0,h,1.6563157894736842,1.1736842105263159,F1_laliga,2026-05-22 10:28:50.605652
302,3,1,10,19,0,0,3,10,4,4,16,2,0,D,1.3068421052631578,1.7763157894736843,F1_laliga,2026-05-22 10:28:50.605668
303,4,1,19,11,1,1,1,15,5,6,10,1,0,d,1.6563157894736842,1.1736842105263159,F1_laliga,2026-05-22 10:28:50.605728
304,4,1,11,19,0,1,1,15,4,3,10,1,0,D,0.9410526315789474,1.8444736842105265,F1_laliga,2026-05-22 10:28:50.605742
305,5,1,15,16,1,0,4,21,6,4,18,3,0,h,1.4784210526315789,1.0126315789473683,F1_laliga,2026-05-22 10:28:50.605798
306,5,1,16,15,0,4,0,13,3,1,11,2,0,D,2.2294736842105265,0.8292105263157895,F1_laliga,2026-05-22 10:28:50.605811
307,6,1,15,4,1,2,0,15,7,3,9,3,0,h,1.4784210526315789,1.0126315789473683,F1_laliga,2026-05-22 10:28:50.605866
308,6,1,4,15,0,0,2,9,2,2,7,1,0,D,2.3263157894736843,0.5984210526315789,F1_laliga,2026-05-22 10:28:50.605880
309,7,1,15,3,1,0,0,16,3,6,20,4,1,a,1.4784210526315789,1.0126315789473683,F1_laliga,2026-05-22 10:28:50.605933
310,7,1,3,15,0,0,0,12,3,2,11,0,0,D,1.9155263157894737,0.8713157894736842,F1_laliga,2026-05-22 10:28:50.605947
311,8,1,15,18,1,2,1,11,5,10,8,2,0,h,1.4784210526315789,1.0126315789473683,F1_laliga,2026-05-22 10:28:50.606001
312,8,1,18,15,0,1,2,9,5,3,12,3,0,D,2.236842105263158,0.6342105263157896,F1_laliga,2026-05-22 10:28:50.606016
313,9,1,15,17,1,4,0,13,6,5,15,2,0,h,1.4784210526315789,1.0126315789473683,F1_laliga,2026-05-22 10:28:50.606069
314,9,1,17,15,0,0,4,10,5,6,13,1,0,D,2.1042105263157893,1.0342105263157895,F1_laliga,2026-05-22 10:28:50.606083
315,10,1,15,20,1,0,0,10,3,12,9,2,0,h,1.4784210526315789,1.0126315789473683,F1_laliga,2026-05-22 10:28:50.606137
316,10,1,20,15,0,0,0,10,1,1,15,4,0,D,2.0105263157894737,0.9468421052631578,F1_laliga,2026-05-22 10:28:50.606150
317,11,1,15,2,1,0,0,11,5,4,15,1,0,h,1.4784210526315789,1.0126315789473683,F1_laliga,2026-05-22 10:28:50.606203
318,11,1,2,15,0,0,0,9,4,1,13,4,0,D,1.928157894736842,0.966842105263158,F1_laliga,2026-05-22 10:28:50.606216
319,12,1,15,19,1,1,0,14,3,2,12,1,0,h,1.4784210526315789,1.0126315789473683,F1_laliga,2026-05-22 10:28:50.606269
320,12,1,19,15,0,0,1,13,4,4,10,0,1,D,1.6563157894736842,1.1736842105263159,F1_laliga,2026-05-22 10:28:50.606289
321,13,1,15,13,1,0,2,15,8,7,14,3,0,a,1.4784210526315789,1.0126315789473683,F1_laliga,2026-05-22 10:28:50.606349
322,13,1,13,15,0,2,0,11,2,3,13,0,0,D,1.792894736842105,1.1571052631578946,F1_laliga,2026-05-22 10:28:50.606364
323,14,1,15,6,1,2,2,11,6,2,16,4,0,d,1.4784210526315789,1.0126315789473683,F1_laliga,2026-05-22 10:28:50.606419
324,14,1,6,15,0,2,2,6,3,6,9,3,0,D,1.2586842105263158,1.2305263157894737,F1_laliga,2026-05-22 10:28:50.606432
325,15,1,15,7,1,0,2,11,9,1,14,3,0,a,1.4784210526315789,1.0126315789473683,F1_laliga,2026-05-22 10:28:50.606485
326,15,1,7,15,0,2,0,13,4,2,13,5,0,D,1.3168421052631578,1.4318421052631578,F1_laliga,2026-05-22 10:28:50.606498
327,16,1,15,14,1,0,0,17,4,8,12,2,1,d,1.4784210526315789,1.0126315789473683,F1_laliga,2026-05-22 10:28:50.606564
328,16,1,14,15,0,0,0,9,5,6,11,3,0,D,1.3757894736842105,1.3344736842105263,F1_laliga,2026-05-22 10:28:50.606587
329,17,1,15,8,1,0,0,13,4,4,11,2,0,h,1.4784210526315789,1.0126315789473683,F1_laliga,2026-05-22 10:28:50.606653
330,17,1,8,15,0,0,0,10,5,3,14,0,0,D,1.6707894736842106,1.5489473684210526,F1_laliga,2026-05-22 10:28:50.606666
331,18,1,15,12,1,1,1,14,7,4,17,1,0,h,1.4784210526315789,1.0126315789473683,F1_laliga,2026-05-22 10:28:50.606723
332,18,1,12,15,0,1,1,6,3,6,12,1,0,D,1.2934210526315788,1.784736842105263,F1_laliga,2026-05-22 10:28:50.606738
333,19,1,15,1,1,3,0,12,5,5,19,1,0,h,1.4784210526315789,1.0126315789473683,F1_laliga,2026-05-22 10:28:50.606793
334,19,1,1,15,0,0,3,7,4,5,14,1,0,D,1.3,1.5910526315789475,F1_laliga,2026-05-22 10:28:50.606806
335,20,1,15,5,1,0,0,17,4,5,10,0,0,d,1.4784210526315789,1.0126315789473683,F1_laliga,2026-05-22 10:28:50.606860
336,20,1,5,15,0,0,0,14,2,3,15,1,0,D,1.4460526315789475,1.5723684210526316,F1_laliga,2026-05-22 10:28:50.606874
337,21,1,15,9,1,0,2,16,3,5,8,1,0,a,1.4784210526315789,1.0126315789473683,F1_laliga,2026-05-22 10:28:50.606926
338,21,1,9,15,0,2,0,7,2,4,12,5,0,D,1.2294736842105263,1.48,F1_laliga,2026-05-22 10:28:50.606940
339,22,1,15,10,1,0,0,10,3,3,14,2,0,a,1.4784210526315789,1.0126315789473683,F1_laliga,2026-05-22 10:28:50.606992
340,22,1,10,15,0,0,0,8,4,0,12,3,0,D,1.3068421052631578,1.7763157894736843,F1_laliga,2026-05-22 10:28:50.607006
341,23,1,15,11,1,1,0,13,3,4,14,3,0,h,1.4784210526315789,1.0126315789473683,F1_laliga,2026-05-22 10:28:50.607060
342,23,1,11,15,0,0,1,8,5,1,13,1,0,D,0.9410526315789474,1.8444736842105265,F1_laliga,2026-05-22 10:28:50.607077
343,24,1,13,16,1,0,0,12,6,6,6,2,0,d,1.792894736842105,1.1571052631578946,F1_laliga,2026-05-22 10:28:50.607131
344,24,1,16,13,0,0,0,3,2,7,14,2,0,D,2.2294736842105265,0.8292105263157895,F1_laliga,2026-05-22 10:28:50.607145
345,25,1,13,4,1,0,3,14,1,4,11,1,0,a,1.792894736842105,1.1571052631578946,F1_laliga,2026-05-22 10:28:50.607197
346,25,1,4,13,0,3,0,8,5,2,9,2,0,D,2.3263157894736843,0.5984210526315789,F1_laliga,2026-05-22 10:28:50.607210
347,26,1,13,3,1,1,1,9,7,4,10,0,0,h,1.792894736842105,1.1571052631578946,F1_laliga,2026-05-22 10:28:50.607263
348,26,1,3,13,0,1,1,9,3,2,12,4,0,D,1.9155263157894737,0.8713157894736842,F1_laliga,2026-05-22 10:28:50.607282
349,27,1,13,18,1,0,0,8,3,6,17,4,0,d,1.792894736842105,1.1571052631578946,F1_laliga,2026-05-22 10:28:50.607341
350,27,1,18,13,0,0,0,10,3,9,13,3,0,D,2.236842105263158,0.6342105263157896,F1_laliga,2026-05-22 10:28:50.607355
351,28,1,13,17,1,2,2,7,3,11,20,3,0,d,1.792894736842105,1.1571052631578946,F1_laliga,2026-05-22 10:28:50.607408
352,28,1,17,13,0,2,2,12,3,4,8,1,0,D,2.1042105263157893,1.0342105263157895,F1_laliga,2026-05-22 10:28:50.607424
353,29,1,13,20,1,3,2,11,4,7,19,2,0,a,1.792894736842105,1.1571052631578946,F1_laliga,2026-05-22 10:28:50.607509
354,29,1,20,13,0,2,3,8,5,5,9,2,0,D,2.0105263157894737,0.9468421052631578,F1_laliga,2026-05-22 10:28:50.607523
355,30,1,13,2,1,1,1,14,7,3,14,1,0,h,1.792894736842105,1.1571052631578946,F1_laliga,2026-05-22 10:28:50.607613
356,30,1,2,13,0,1,1,11,8,3,13,2,1,D,1.928157894736842,0.966842105263158,F1_laliga,2026-05-22 10:28:50.607627
357,31,1,13,19,1,0,1,13,6,3,11,5,0,h,1.792894736842105,1.1571052631578946,F1_laliga,2026-05-22 10:28:50.607689
358,31,1,19,13,0,1,0,11,6,4,13,1,0,D,1.6563157894736842,1.1736842105263159,F1_laliga,2026-05-22 10:28:50.607703
359,32,1,13,15,1,1,1,17,8,4,13,0,0,d,1.792894736842105,1.1571052631578946,F1_laliga,2026-05-22 10:28:50.607758
360,32,1,15,13,0,1,1,11,2,3,14,3,0,D,1.4784210526315789,1.0126315789473683,F1_laliga,2026-05-22 10:28:50.607771
361,33,1,13,6,1,3,0,11,5,6,6,0,0,h,1.792894736842105,1.1571052631578946,F1_laliga,2026-05-22 10:28:50.607826
362,33,1,6,13,0,0,3,8,6,4,13,2,0,D,1.2586842105263158,1.2305263157894737,F1_laliga,2026-05-22 10:28:50.607841
363,34,1,13,7,1,1,1,12,3,6,18,3,0,d,1.792894736842105,1.1571052631578946,F1_laliga,2026-05-22 10:28:50.607895
364,34,1,7,13,0,1,1,13,3,5,12,3,0,D,1.3168421052631578,1.4318421052631578,F1_laliga,2026-05-22 10:28:50.607908
365,35,1,13,14,1,2,2,15,3,5,18,0,0,d,1.792894736842105,1.1571052631578946,F1_laliga,2026-05-22 10:28:50.607961
366,35,1,14,13,0,2,2,10,6,5,18,2,0,D,1.3757894736842105,1.3344736842105263,F1_laliga,2026-05-22 10:28:50.607974
367,36,1,13,8,1,1,2,13,7,8,13,4,0,a,1.792894736842105,1.1571052631578946,F1_laliga,2026-05-22 10:28:50.608026
368,36,1,8,13,0,2,1,9,1,4,7,0,0,D,1.6707894736842106,1.5489473684210526,F1_laliga,2026-05-22 10:28:50.608040
369,37,1,13,12,1,0,1,15,3,4,6,1,0,h,1.792894736842105,1.1571052631578946,F1_laliga,2026-05-22 10:28:50.608091
370,37,1,12,13,0,1,0,6,4,5,7,3,0,D,1.2934210526315788,1.784736842105263,F1_laliga,2026-05-22 10:28:50.608104
371,1,1,13,1,1,3,2,17,7,3,7,2,0,h,1.792894736842105,1.1571052631578946,F1_laliga,2026-05-22 10:28:50.608156
372,1,1,1,13,0,2,3,10,3,3,11,1,0,D,1.3,1.5910526315789475,F1_laliga,2026-05-22 10:28:50.608170
373,2,1,13,5,1,2,1,13,8,2,10,4,0,h,1.792894736842105,1.1571052631578946,F1_laliga,2026-05-22 10:28:50.608223
374,2,1,5,13,0,1,2,9,4,3,8,3,0,D,1.4460526315789475,1.5723684210526316,F1_laliga,2026-05-22 10:28:50.608236
375,3,1,13,9,1,4,1,15,2,3,17,3,0,h,1.792894736842105,1.1571052631578946,F1_laliga,2026-05-22 10:28:50.608295
376,3,1,9,13,0,1,4,8,7,3,11,1,0,D,1.2294736842105263,1.48,F1_laliga,2026-05-22 10:28:50.608309
377,4,1,13,10,1,1,1,9,6,1,11,3,0,h,1.792894736842105,1.1571052631578946,F1_laliga,2026-05-22 10:28:50.608366
378,4,1,10,13,0,1,1,11,8,5,5,5,0,D,1.3068421052631578,1.7763157894736843,F1_laliga,2026-05-22 10:28:50.608380
379,5,1,13,11,1,1,1,14,5,3,19,2,0,d,1.792894736842105,1.1571052631578946,F1_laliga,2026-05-22 10:28:50.608434
380,5,1,11,13,0,1,1,5,5,1,10,1,0,D,0.9410526315789474,1.8444736842105265,F1_laliga,2026-05-22 10:28:50.608448
381,6,1,6,16,1,1,1,11,4,4,12,2,2,d,1.2586842105263158,1.2305263157894737,F1_laliga,2026-05-22 10:28:50.608502
382,6,1,16,6,0,1,1,11,3,4,10,4,0,D,2.2294736842105265,0.8292105263157895,F1_laliga,2026-05-22 10:28:50.608518
383,7,1,6,4,1,1,1,9,4,3,17,1,0,d,1.2586842105263158,1.2305263157894737,F1_laliga,2026-05-22 10:28:50.608593
384,7,1,4,6,0,1,1,7,1,3,17,1,0,D,2.3263157894736843,0.5984210526315789,F1_laliga,2026-05-22 10:28:50.608608
385,8,1,6,3,1,0,2,18,6,1,12,0,0,a,1.2586842105263158,1.2305263157894737,F1_laliga,2026-05-22 10:28:50.608672
386,8,1,3,6,0,2,0,13,8,2,10,0,0,D,1.9155263157894737,0.8713157894736842,F1_laliga,2026-05-22 10:28:50.608685
387,9,1,6,18,1,3,3,9,4,4,11,3,0,d,1.2586842105263158,1.2305263157894737,F1_laliga,2026-05-22 10:28:50.608741
388,9,1,18,6,0,3,3,5,5,4,15,6,0,D,2.236842105263158,0.6342105263157896,F1_laliga,2026-05-22 10:28:50.608754
389,10,1,6,17,1,1,0,14,3,7,12,2,0,h,1.2586842105263158,1.2305263157894737,F1_laliga,2026-05-22 10:28:50.608808
390,10,1,17,6,0,0,1,18,4,5,14,0,0,D,2.1042105263157893,1.0342105263157895,F1_laliga,2026-05-22 10:28:50.608822
391,11,1,6,20,1,0,0,9,4,3,10,1,0,h,1.2586842105263158,1.2305263157894737,F1_laliga,2026-05-22 10:28:50.608878
392,11,1,20,6,0,0,0,6,5,3,12,1,0,D,2.0105263157894737,0.9468421052631578,F1_laliga,2026-05-22 10:28:50.608892
393,12,1,6,2,1,0,0,17,3,5,16,4,0,h,1.2586842105263158,1.2305263157894737,F1_laliga,2026-05-22 10:28:50.608946
394,12,1,2,6,0,0,0,15,4,2,16,3,0,D,1.928157894736842,0.966842105263158,F1_laliga,2026-05-22 10:28:50.608960
395,13,1,6,19,1,0,0,11,4,6,4,1,0,d,1.2586842105263158,1.2305263157894737,F1_laliga,2026-05-22 10:28:50.609013
396,13,1,19,6,0,0,0,8,5,2,11,2,0,D,1.6563157894736842,1.1736842105263159,F1_laliga,2026-05-22 10:28:50.609027
397,14,1,6,15,1,1,0,10,9,4,12,1,1,h,1.2586842105263158,1.2305263157894737,F1_laliga,2026-05-22 10:28:50.609079
398,14,1,15,6,0,0,1,6,3,5,6,1,0,D,1.4784210526315789,1.0126315789473683,F1_laliga,2026-05-22 10:28:50.609092
399,15,1,6,13,1,1,1,14,7,5,11,0,0,d,1.2586842105263158,1.2305263157894737,F1_laliga,2026-05-22 10:28:50.609145
400,15,1,13,6,0,1,1,13,2,2,15,4,0,D,1.792894736842105,1.1571052631578946,F1_laliga,2026-05-22 10:28:50.609158
401,16,1,6,7,1,3,3,13,4,6,17,3,0,d,1.2586842105263158,1.2305263157894737,F1_laliga,2026-05-22 10:28:50.609211
402,16,1,7,6,0,3,3,5,8,6,14,0,0,D,1.3168421052631578,1.4318421052631578,F1_laliga,2026-05-22 10:28:50.609227
403,17,1,6,14,1,0,1,15,5,7,18,4,0,h,1.2586842105263158,1.2305263157894737,F1_laliga,2026-05-22 10:28:50.609287
404,17,1,14,6,0,1,0,13,0,3,15,3,0,D,1.3757894736842105,1.3344736842105263,F1_laliga,2026-05-22 10:28:50.609301
405,18,1,6,8,1,0,1,11,9,2,11,6,0,h,1.2586842105263158,1.2305263157894737,F1_laliga,2026-05-22 10:28:50.609361
406,18,1,8,6,0,1,0,13,4,3,11,3,0,D,1.6707894736842106,1.5489473684210526,F1_laliga,2026-05-22 10:28:50.609375
407,19,1,6,12,1,1,0,15,7,5,8,4,0,h,1.2586842105263158,1.2305263157894737,F1_laliga,2026-05-22 10:28:50.609429
408,19,1,12,6,0,0,1,9,8,3,11,1,0,D,1.2934210526315788,1.784736842105263,F1_laliga,2026-05-22 10:28:50.609443
409,20,1,6,1,1,2,2,11,5,7,10,6,0,a,1.2586842105263158,1.2305263157894737,F1_laliga,2026-05-22 10:28:50.609497
410,20,1,1,6,0,2,2,13,3,3,13,2,0,D,1.3,1.5910526315789475,F1_laliga,2026-05-22 10:28:50.609510
411,21,1,6,5,1,1,3,21,6,3,14,1,0,a,1.2586842105263158,1.2305263157894737,F1_laliga,2026-05-22 10:28:50.609588
412,21,1,5,6,0,3,1,15,3,1,10,1,0,D,1.4460526315789475,1.5723684210526316,F1_laliga,2026-05-22 10:28:50.609605
413,22,1,6,9,1,1,0,8,8,3,21,3,0,h,1.2586842105263158,1.2305263157894737,F1_laliga,2026-05-22 10:28:50.609670
414,22,1,9,6,0,0,1,13,3,5,13,1,1,D,1.2294736842105263,1.48,F1_laliga,2026-05-22 10:28:50.609683
415,23,1,6,10,1,1,2,9,1,7,14,0,0,h,1.2586842105263158,1.2305263157894737,F1_laliga,2026-05-22 10:28:50.609740
416,23,1,10,6,0,2,1,6,4,2,13,3,0,D,1.3068421052631578,1.7763157894736843,F1_laliga,2026-05-22 10:28:50.609754
417,24,1,6,11,1,1,1,10,4,5,10,3,0,h,1.2586842105263158,1.2305263157894737,F1_laliga,2026-05-22 10:28:50.609810
418,24,1,11,6,0,1,1,11,5,2,18,2,0,D,0.9410526315789474,1.8444736842105265,F1_laliga,2026-05-22 10:28:50.609824
419,25,1,7,16,1,1,1,19,5,8,11,0,0,d,1.3168421052631578,1.4318421052631578,F1_laliga,2026-05-22 10:28:50.609877
420,25,1,16,7,0,1,1,7,1,2,10,2,0,D,2.2294736842105265,0.8292105263157895,F1_laliga,2026-05-22 10:28:50.609891
421,26,1,7,4,1,1,0,15,9,2,10,2,0,h,1.3168421052631578,1.4318421052631578,F1_laliga,2026-05-22 10:28:50.609945
422,26,1,4,7,0,0,1,7,4,1,11,1,0,D,2.3263157894736843,0.5984210526315789,F1_laliga,2026-05-22 10:28:50.609971
423,27,1,7,3,1,1,1,16,5,6,10,0,0,h,1.3168421052631578,1.4318421052631578,F1_laliga,2026-05-22 10:28:50.610025
424,27,1,3,7,0,1,1,17,3,5,11,3,0,D,1.9155263157894737,0.8713157894736842,F1_laliga,2026-05-22 10:28:50.610039
425,28,1,7,18,1,2,4,10,5,4,9,3,0,a,1.3168421052631578,1.4318421052631578,F1_laliga,2026-05-22 10:28:50.610093
426,28,1,18,7,0,4,2,7,4,3,13,1,0,D,2.236842105263158,0.6342105263157896,F1_laliga,2026-05-22 10:28:50.610106
427,29,1,7,17,1,0,0,13,6,8,22,1,0,d,1.3168421052631578,1.4318421052631578,F1_laliga,2026-05-22 10:28:50.610160
428,29,1,17,7,0,0,0,11,5,6,13,5,0,D,2.1042105263157893,1.0342105263157895,F1_laliga,2026-05-22 10:28:50.610173
429,30,1,7,20,1,1,1,16,7,10,16,1,0,d,1.3168421052631578,1.4318421052631578,F1_laliga,2026-05-22 10:28:50.610227
430,30,1,20,7,0,1,1,11,5,4,7,2,0,D,2.0105263157894737,0.9468421052631578,F1_laliga,2026-05-22 10:28:50.610240
431,31,1,7,2,1,0,0,16,4,5,7,1,0,d,1.3168421052631578,1.4318421052631578,F1_laliga,2026-05-22 10:28:50.610300
432,31,1,2,7,0,0,0,10,8,4,19,1,0,D,1.928157894736842,0.966842105263158,F1_laliga,2026-05-22 10:28:50.610316
433,32,1,7,19,1,0,2,13,3,3,16,3,0,a,1.3168421052631578,1.4318421052631578,F1_laliga,2026-05-22 10:28:50.610393
434,32,1,19,7,0,2,0,15,6,3,7,4,0,D,1.6563157894736842,1.1736842105263159,F1_laliga,2026-05-22 10:28:50.610460
435,33,1,7,15,1,1,4,7,1,6,12,5,0,a,1.3168421052631578,1.4318421052631578,F1_laliga,2026-05-22 10:28:50.610545
436,33,1,15,7,0,4,1,10,6,4,13,3,0,D,1.4784210526315789,1.0126315789473683,F1_laliga,2026-05-22 10:28:50.610586
437,34,1,7,13,1,0,0,14,4,3,11,2,0,d,1.3168421052631578,1.4318421052631578,F1_laliga,2026-05-22 10:28:50.610658
438,34,1,13,7,0,0,0,5,2,2,16,5,0,D,1.792894736842105,1.1571052631578946,F1_laliga,2026-05-22 10:28:50.610672
439,35,1,7,6,1,2,2,13,3,4,10,1,0,d,1.3168421052631578,1.4318421052631578,F1_laliga,2026-05-22 10:28:50.610731
440,35,1,6,7,0,2,2,8,5,1,12,4,0,D,1.2586842105263158,1.2305263157894737,F1_laliga,2026-05-22 10:28:50.610745
441,36,1,7,14,1,0,2,8,2,2,18,1,0,a,1.3168421052631578,1.4318421052631578,F1_laliga,2026-05-22 10:28:50.610805
442,36,1,14,7,0,2,0,15,2,2,15,2,0,D,1.3757894736842105,1.3344736842105263,F1_laliga,2026-05-22 10:28:50.610822
443,37,1,7,8,1,4,0,21,8,5,16,6,0,h,1.3168421052631578,1.4318421052631578,F1_laliga,2026-05-22 10:28:50.610877
444,37,1,8,7,0,0,4,9,5,3,19,1,0,D,1.6707894736842106,1.5489473684210526,F1_laliga,2026-05-22 10:28:50.610891
445,1,1,7,12,1,5,1,11,4,3,10,1,0,h,1.3168421052631578,1.4318421052631578,F1_laliga,2026-05-22 10:28:50.610945
446,1,1,12,7,0,1,5,8,6,1,18,3,0,D,1.2934210526315788,1.784736842105263,F1_laliga,2026-05-22 10:28:50.610959
447,2,1,7,1,1,3,1,13,4,7,9,1,0,h,1.3168421052631578,1.4318421052631578,F1_laliga,2026-05-22 10:28:50.611014
448,2,1,1,7,0,1,3,6,8,2,14,2,0,D,1.3,1.5910526315789475,F1_laliga,2026-05-22 10:28:50.611027
449,3,1,7,5,1,0,0,12,1,4,10,2,0,d,1.3168421052631578,1.4318421052631578,F1_laliga,2026-05-22 10:28:50.611081
450,3,1,5,7,0,0,0,6,4,1,12,1,0,D,1.4460526315789475,1.5723684210526316,F1_laliga,2026-05-22 10:28:50.611095
451,4,1,7,9,1,3,3,18,4,6,19,0,0,d,1.3168421052631578,1.4318421052631578,F1_laliga,2026-05-22 10:28:50.611148
452,4,1,9,7,0,3,3,9,8,5,8,0,0,D,1.2294736842105263,1.48,F1_laliga,2026-05-22 10:28:50.611164
453,5,1,7,10,1,0,0,10,8,5,8,2,0,d,1.3168421052631578,1.4318421052631578,F1_laliga,2026-05-22 10:28:50.611218
454,5,1,10,7,0,0,0,5,5,2,16,3,0,D,1.3068421052631578,1.7763157894736843,F1_laliga,2026-05-22 10:28:50.611232
455,6,1,7,11,1,0,2,15,3,3,11,1,0,a,1.3168421052631578,1.4318421052631578,F1_laliga,2026-05-22 10:28:50.611294
456,6,1,11,7,0,2,0,7,4,2,9,1,0,D,0.9410526315789474,1.8444736842105265,F1_laliga,2026-05-22 10:28:50.611308
457,7,1,14,16,1,3,3,18,5,5,11,1,0,a,1.3757894736842105,1.3344736842105263,F1_laliga,2026-05-22 10:28:50.611367
458,7,1,16,14,0,3,3,11,2,5,10,1,0,D,2.2294736842105265,0.8292105263157895,F1_laliga,2026-05-22 10:28:50.611381
459,8,1,14,4,1,1,1,5,4,8,13,2,0,a,1.3757894736842105,1.3344736842105263,F1_laliga,2026-05-22 10:28:50.611434
460,8,1,4,14,0,1,1,5,7,6,15,4,0,D,2.3263157894736843,0.5984210526315789,F1_laliga,2026-05-22 10:28:50.611477
461,9,1,14,3,1,4,0,10,5,4,13,1,1,h,1.3757894736842105,1.3344736842105263,F1_laliga,2026-05-22 10:28:50.611583
462,9,1,3,14,0,0,4,14,1,1,13,1,0,D,1.9155263157894737,0.8713157894736842,F1_laliga,2026-05-22 10:28:50.611602
463,10,1,14,18,1,0,2,15,3,3,13,3,1,a,1.3757894736842105,1.3344736842105263,F1_laliga,2026-05-22 10:28:50.611671
464,10,1,18,14,0,2,0,9,6,4,12,1,0,D,2.236842105263158,0.6342105263157896,F1_laliga,2026-05-22 10:28:50.611685
465,11,1,14,17,1,2,3,21,5,5,12,2,0,a,1.3757894736842105,1.3344736842105263,F1_laliga,2026-05-22 10:28:50.611742
466,11,1,17,14,0,3,2,8,3,3,17,2,0,D,2.1042105263157893,1.0342105263157895,F1_laliga,2026-05-22 10:28:50.611756
467,12,1,14,20,1,2,0,9,5,1,10,3,0,h,1.3757894736842105,1.3344736842105263,F1_laliga,2026-05-22 10:28:50.611811
468,12,1,20,14,0,0,2,12,8,6,20,4,0,D,2.0105263157894737,0.9468421052631578,F1_laliga,2026-05-22 10:28:50.611825
469,13,1,14,2,1,0,3,17,2,1,13,3,0,a,1.3757894736842105,1.3344736842105263,F1_laliga,2026-05-22 10:28:50.611879
470,13,1,2,14,0,3,0,8,3,7,10,4,0,D,1.928157894736842,0.966842105263158,F1_laliga,2026-05-22 10:28:50.611893
471,14,1,14,19,1,2,2,12,3,4,9,3,0,d,1.3757894736842105,1.3344736842105263,F1_laliga,2026-05-22 10:28:50.611948
472,14,1,19,14,0,2,2,10,2,5,15,1,0,D,1.6563157894736842,1.1736842105263159,F1_laliga,2026-05-22 10:28:50.611963
473,15,1,14,15,1,0,0,11,3,0,15,2,0,d,1.3757894736842105,1.3344736842105263,F1_laliga,2026-05-22 10:28:50.612018
474,15,1,15,14,0,0,0,8,4,5,14,0,0,D,1.4784210526315789,1.0126315789473683,F1_laliga,2026-05-22 10:28:50.612032
475,16,1,14,13,1,1,0,18,7,7,9,3,0,h,1.3757894736842105,1.3344736842105263,F1_laliga,2026-05-22 10:28:50.612087
476,16,1,13,14,0,0,1,8,6,5,20,1,0,D,1.792894736842105,1.1571052631578946,F1_laliga,2026-05-22 10:28:50.612100
477,17,1,14,6,1,3,1,12,6,9,9,1,0,h,1.3757894736842105,1.3344736842105263,F1_laliga,2026-05-22 10:28:50.612155
478,17,1,6,14,0,1,3,9,3,6,7,2,1,D,1.2586842105263158,1.2305263157894737,F1_laliga,2026-05-22 10:28:50.612168
479,18,1,14,7,1,2,4,15,4,1,15,2,0,a,1.3757894736842105,1.3344736842105263,F1_laliga,2026-05-22 10:28:50.612221
480,18,1,7,14,0,4,2,10,3,1,17,2,0,D,1.3168421052631578,1.4318421052631578,F1_laliga,2026-05-22 10:28:50.612235
481,19,1,14,8,1,0,2,20,4,4,10,2,0,h,1.3757894736842105,1.3344736842105263,F1_laliga,2026-05-22 10:28:50.612294
482,19,1,8,14,0,2,0,10,2,2,11,2,0,D,1.6707894736842106,1.5489473684210526,F1_laliga,2026-05-22 10:28:50.612309
483,20,1,14,12,1,1,2,11,3,3,21,1,0,h,1.3757894736842105,1.3344736842105263,F1_laliga,2026-05-22 10:28:50.612367
484,20,1,12,14,0,2,1,12,6,3,11,2,0,D,1.2934210526315788,1.784736842105263,F1_laliga,2026-05-22 10:28:50.612381
485,21,1,14,1,1,3,3,8,5,2,8,2,0,d,1.3757894736842105,1.3344736842105263,F1_laliga,2026-05-22 10:28:50.612435
486,21,1,1,14,0,3,3,4,5,4,8,2,0,D,1.3,1.5910526315789475,F1_laliga,2026-05-22 10:28:50.612448
487,22,1,14,5,1,0,0,13,7,6,9,4,0,d,1.3757894736842105,1.3344736842105263,F1_laliga,2026-05-22 10:28:50.612503
488,22,1,5,14,0,0,0,13,3,2,12,1,0,D,1.4460526315789475,1.5723684210526316,F1_laliga,2026-05-22 10:28:50.612517
489,23,1,14,9,1,1,2,19,8,12,11,0,0,a,1.3757894736842105,1.3344736842105263,F1_laliga,2026-05-22 10:28:50.612595
490,23,1,9,14,0,2,1,11,2,3,17,2,0,D,1.2294736842105263,1.48,F1_laliga,2026-05-22 10:28:50.612610
491,24,1,14,10,1,3,0,8,4,3,8,0,0,h,1.3757894736842105,1.3344736842105263,F1_laliga,2026-05-22 10:28:50.612675
492,24,1,10,14,0,0,3,9,5,9,16,2,1,D,1.3068421052631578,1.7763157894736843,F1_laliga,2026-05-22 10:28:50.612690
493,25,1,14,11,1,0,1,14,2,4,9,2,0,a,1.3757894736842105,1.3344736842105263,F1_laliga,2026-05-22 10:28:50.612747
494,25,1,11,14,0,1,0,11,2,5,9,3,0,D,0.9410526315789474,1.8444736842105265,F1_laliga,2026-05-22 10:28:50.612760
495,26,1,8,16,1,3,3,16,3,4,13,0,0,d,1.6707894736842106,1.5489473684210526,F1_laliga,2026-05-22 10:28:50.612817
496,26,1,16,8,0,3,3,8,6,1,9,0,0,D,2.2294736842105265,0.8292105263157895,F1_laliga,2026-05-22 10:28:50.612830
497,27,1,8,4,1,2,1,11,4,5,12,1,0,h,1.6707894736842106,1.5489473684210526,F1_laliga,2026-05-22 10:28:50.612900
498,27,1,4,8,0,1,2,13,5,3,15,1,1,D,2.3263157894736843,0.5984210526315789,F1_laliga,2026-05-22 10:28:50.612924
499,28,1,8,3,1,0,0,16,4,6,10,3,0,d,1.6707894736842106,1.5489473684210526,F1_laliga,2026-05-22 10:28:50.612988
500,28,1,3,8,0,0,0,14,7,1,14,1,0,D,1.9155263157894737,0.8713157894736842,F1_laliga,2026-05-22 10:28:50.613002
501,29,1,8,18,1,1,2,10,3,9,11,3,0,a,1.6707894736842106,1.5489473684210526,F1_laliga,2026-05-22 10:28:50.613056
502,29,1,18,8,0,2,1,11,8,3,13,0,0,D,2.236842105263158,0.6342105263157896,F1_laliga,2026-05-22 10:28:50.613071
503,30,1,8,17,1,1,3,16,10,3,11,2,0,a,1.6707894736842106,1.5489473684210526,F1_laliga,2026-05-22 10:28:50.613126
504,30,1,17,8,0,3,1,11,2,7,12,3,0,D,2.1042105263157893,1.0342105263157895,F1_laliga,2026-05-22 10:28:50.613140
505,31,1,8,20,1,1,3,9,1,8,6,2,0,a,1.6707894736842106,1.5489473684210526,F1_laliga,2026-05-22 10:28:50.613193
506,31,1,20,8,0,3,1,7,3,7,12,1,0,D,2.0105263157894737,0.9468421052631578,F1_laliga,2026-05-22 10:28:50.613207
507,32,1,8,2,1,1,1,12,3,11,13,0,0,d,1.6707894736842106,1.5489473684210526,F1_laliga,2026-05-22 10:28:50.613261
508,32,1,2,8,0,1,1,12,4,1,6,2,0,D,1.928157894736842,0.966842105263158,F1_laliga,2026-05-22 10:28:50.613280
509,33,1,8,19,1,0,0,11,8,9,6,2,0,d,1.6707894736842106,1.5489473684210526,F1_laliga,2026-05-22 10:28:50.613340
510,33,1,19,8,0,0,0,5,8,5,10,2,0,D,1.6563157894736842,1.1736842105263159,F1_laliga,2026-05-22 10:28:50.613353
511,34,1,8,15,1,0,0,12,7,10,9,4,0,d,1.6707894736842106,1.5489473684210526,F1_laliga,2026-05-22 10:28:50.613408
512,34,1,15,8,0,0,0,10,2,6,11,2,0,D,1.4784210526315789,1.0126315789473683,F1_laliga,2026-05-22 10:28:50.613423
513,35,1,8,13,1,0,2,12,3,8,16,1,0,a,1.6707894736842106,1.5489473684210526,F1_laliga,2026-05-22 10:28:50.613477
514,35,1,13,8,0,2,0,15,2,2,11,0,1,D,1.792894736842105,1.1571052631578946,F1_laliga,2026-05-22 10:28:50.613490
515,36,1,8,6,1,0,3,10,6,3,11,1,0,h,1.6707894736842106,1.5489473684210526,F1_laliga,2026-05-22 10:28:50.613547
516,36,1,6,8,0,3,0,8,2,2,14,3,0,D,1.2586842105263158,1.2305263157894737,F1_laliga,2026-05-22 10:28:50.613588
517,37,1,8,7,1,2,3,14,1,5,11,1,0,h,1.6707894736842106,1.5489473684210526,F1_laliga,2026-05-22 10:28:50.613655
518,37,1,7,8,0,3,2,10,1,3,16,2,0,D,1.3168421052631578,1.4318421052631578,F1_laliga,2026-05-22 10:28:50.613669
519,1,1,8,14,1,0,2,15,2,2,12,3,0,a,1.6707894736842106,1.5489473684210526,F1_laliga,2026-05-22 10:28:50.613727
520,1,1,14,8,0,2,0,10,3,3,10,0,0,D,1.3757894736842105,1.3344736842105263,F1_laliga,2026-05-22 10:28:50.613740
521,2,1,8,12,1,1,1,17,11,7,15,2,0,d,1.6707894736842106,1.5489473684210526,F1_laliga,2026-05-22 10:28:50.613797
522,2,1,12,8,0,1,1,14,5,4,20,3,0,D,1.2934210526315788,1.784736842105263,F1_laliga,2026-05-22 10:28:50.613812
523,3,1,8,1,1,0,0,13,6,3,9,2,0,d,1.6707894736842106,1.5489473684210526,F1_laliga,2026-05-22 10:28:50.613868
524,3,1,1,8,0,0,0,15,2,7,9,1,0,D,1.3,1.5910526315789475,F1_laliga,2026-05-22 10:28:50.613882
525,4,1,8,5,1,1,1,9,1,2,12,3,0,a,1.6707894736842106,1.5489473684210526,F1_laliga,2026-05-22 10:28:50.613937
526,4,1,5,8,0,1,1,14,3,5,16,4,0,D,1.4460526315789475,1.5723684210526316,F1_laliga,2026-05-22 10:28:50.613950
527,5,1,8,9,1,0,0,19,6,7,13,1,0,d,1.6707894736842106,1.5489473684210526,F1_laliga,2026-05-22 10:28:50.614005
528,5,1,9,8,0,0,0,7,4,2,15,1,0,D,1.2294736842105263,1.48,F1_laliga,2026-05-22 10:28:50.614018
529,6,1,8,10,1,1,1,6,5,2,9,1,0,a,1.6707894736842106,1.5489473684210526,F1_laliga,2026-05-22 10:28:50.614072
530,6,1,10,8,0,1,1,14,3,7,11,2,0,D,1.3068421052631578,1.7763157894736843,F1_laliga,2026-05-22 10:28:50.614086
531,7,1,8,11,1,0,2,15,7,8,10,2,0,a,1.6707894736842106,1.5489473684210526,F1_laliga,2026-05-22 10:28:50.614140
532,7,1,11,8,0,2,0,9,2,3,16,0,0,D,0.9410526315789474,1.8444736842105265,F1_laliga,2026-05-22 10:28:50.614155
533,8,1,12,16,1,3,4,8,3,2,10,4,0,h,1.2934210526315788,1.784736842105263,F1_laliga,2026-05-22 10:28:50.614210
534,8,1,16,12,0,4,3,6,6,6,11,0,0,D,2.2294736842105265,0.8292105263157895,F1_laliga,2026-05-22 10:28:50.614223
535,9,1,12,4,1,2,1,19,4,9,13,1,0,a,1.2934210526315788,1.784736842105263,F1_laliga,2026-05-22 10:28:50.614284
536,9,1,4,12,0,1,2,15,5,4,10,2,0,D,2.3263157894736843,0.5984210526315789,F1_laliga,2026-05-22 10:28:50.614298
537,10,1,12,3,1,0,2,9,7,5,8,3,0,a,1.2934210526315788,1.784736842105263,F1_laliga,2026-05-22 10:28:50.614374
538,10,1,3,12,0,2,0,8,4,3,8,4,0,D,1.9155263157894737,0.8713157894736842,F1_laliga,2026-05-22 10:28:50.614388
539,11,1,12,18,1,0,2,13,8,5,15,1,0,a,1.2934210526315788,1.784736842105263,F1_laliga,2026-05-22 10:28:50.614445
540,11,1,18,12,0,2,0,7,3,2,11,0,0,D,2.236842105263158,0.6342105263157896,F1_laliga,2026-05-22 10:28:50.614459
541,12,1,12,17,1,4,2,9,5,4,11,1,0,h,1.2934210526315788,1.784736842105263,F1_laliga,2026-05-22 10:28:50.614513
542,12,1,17,12,0,2,4,8,3,5,18,1,0,D,2.1042105263157893,1.0342105263157895,F1_laliga,2026-05-22 10:28:50.614529
543,13,1,12,20,1,3,3,5,3,6,12,5,0,d,1.2934210526315788,1.784736842105263,F1_laliga,2026-05-22 10:28:50.614610
544,13,1,20,12,0,3,3,5,6,8,15,1,0,D,2.0105263157894737,0.9468421052631578,F1_laliga,2026-05-22 10:28:50.614625
545,14,1,12,2,1,4,2,10,2,5,9,2,0,h,1.2934210526315788,1.784736842105263,F1_laliga,2026-05-22 10:28:50.614686
546,14,1,2,12,0,2,4,9,5,5,8,7,0,D,1.928157894736842,0.966842105263158,F1_laliga,2026-05-22 10:28:50.614699
547,15,1,12,19,1,0,2,12,5,9,16,3,0,a,1.2934210526315788,1.784736842105263,F1_laliga,2026-05-22 10:28:50.614754
548,15,1,19,12,0,2,0,12,3,7,12,0,0,D,1.6563157894736842,1.1736842105263159,F1_laliga,2026-05-22 10:28:50.614768
549,16,1,12,15,1,1,1,11,7,2,15,2,0,d,1.2934210526315788,1.784736842105263,F1_laliga,2026-05-22 10:28:50.614821
550,16,1,15,12,0,1,1,14,3,6,9,0,1,D,1.4784210526315789,1.0126315789473683,F1_laliga,2026-05-22 10:28:50.614834
551,17,1,12,13,1,3,3,16,4,11,12,3,0,d,1.2934210526315788,1.784736842105263,F1_laliga,2026-05-22 10:28:50.614887
552,17,1,13,12,0,3,3,13,3,3,18,2,0,D,1.792894736842105,1.1571052631578946,F1_laliga,2026-05-22 10:28:50.614903
553,18,1,12,6,1,1,1,15,4,5,18,3,0,h,1.2934210526315788,1.784736842105263,F1_laliga,2026-05-22 10:28:50.614955
554,18,1,6,12,0,1,1,13,1,7,17,3,0,D,1.2586842105263158,1.2305263157894737,F1_laliga,2026-05-22 10:28:50.614969
555,19,1,12,7,1,2,4,11,7,2,15,3,0,a,1.2934210526315788,1.784736842105263,F1_laliga,2026-05-22 10:28:50.615024
556,19,1,7,12,0,4,2,8,4,1,14,2,0,D,1.3168421052631578,1.4318421052631578,F1_laliga,2026-05-22 10:28:50.615038
557,20,1,12,14,1,5,1,5,6,3,8,2,0,h,1.2934210526315788,1.784736842105263,F1_laliga,2026-05-22 10:28:50.615091
558,20,1,14,12,0,1,5,10,7,7,15,1,0,D,1.3757894736842105,1.3344736842105263,F1_laliga,2026-05-22 10:28:50.615104
559,21,1,12,8,1,0,0,15,4,7,11,0,0,d,1.2934210526315788,1.784736842105263,F1_laliga,2026-05-22 10:28:50.615162
560,21,1,8,12,0,0,0,9,4,1,10,2,0,D,1.6707894736842106,1.5489473684210526,F1_laliga,2026-05-22 10:28:50.615176
561,22,1,12,1,1,1,1,17,5,7,17,1,0,d,1.2934210526315788,1.784736842105263,F1_laliga,2026-05-22 10:28:50.615229
562,22,1,1,12,0,1,1,9,4,6,11,3,0,D,1.3,1.5910526315789475,F1_laliga,2026-05-22 10:28:50.615244
563,23,1,12,5,1,1,1,16,9,5,14,3,0,d,1.2934210526315788,1.784736842105263,F1_laliga,2026-05-22 10:28:50.615308
564,23,1,5,12,0,1,1,8,4,7,14,1,0,D,1.4460526315789475,1.5723684210526316,F1_laliga,2026-05-22 10:28:50.615322
565,24,1,12,9,1,1,0,10,5,5,15,2,0,h,1.2934210526315788,1.784736842105263,F1_laliga,2026-05-22 10:28:50.615379
566,24,1,9,12,0,0,1,15,4,5,7,6,1,D,1.2294736842105263,1.48,F1_laliga,2026-05-22 10:28:50.615392
567,25,1,12,10,1,4,3,15,2,6,9,1,0,h,1.2934210526315788,1.784736842105263,F1_laliga,2026-05-22 10:28:50.615503
568,25,1,10,12,0,3,4,10,7,4,17,5,0,D,1.3068421052631578,1.7763157894736843,F1_laliga,2026-05-22 10:28:50.615519
569,26,1,12,11,1,2,2,15,6,4,16,2,0,a,1.2934210526315788,1.784736842105263,F1_laliga,2026-05-22 10:28:50.615614
570,26,1,11,12,0,2,2,9,5,4,20,2,0,D,0.9410526315789474,1.8444736842105265,F1_laliga,2026-05-22 10:28:50.615629
571,27,1,1,16,1,1,1,18,6,3,6,1,1,a,1.3,1.5910526315789475,F1_laliga,2026-05-22 10:28:50.615694
572,27,1,16,1,0,1,1,10,4,3,14,2,0,D,2.2294736842105265,0.8292105263157895,F1_laliga,2026-05-22 10:28:50.615711
573,28,1,1,4,1,3,1,11,7,5,10,2,0,h,1.3,1.5910526315789475,F1_laliga,2026-05-22 10:28:50.615769
574,28,1,4,1,0,1,3,8,4,8,14,0,0,D,2.3263157894736843,0.5984210526315789,F1_laliga,2026-05-22 10:28:50.615783
575,29,1,1,3,1,1,1,11,4,8,12,2,0,d,1.3,1.5910526315789475,F1_laliga,2026-05-22 10:28:50.615838
576,29,1,3,1,0,1,1,11,0,6,11,1,0,D,1.9155263157894737,0.8713157894736842,F1_laliga,2026-05-22 10:28:50.615852
577,30,1,1,18,1,1,1,14,10,6,18,0,0,h,1.3,1.5910526315789475,F1_laliga,2026-05-22 10:28:50.615907
578,30,1,18,1,0,1,1,10,4,2,9,2,0,D,2.236842105263158,0.6342105263157896,F1_laliga,2026-05-22 10:28:50.615921
579,31,1,1,17,1,0,0,15,4,9,9,3,0,h,1.3,1.5910526315789475,F1_laliga,2026-05-22 10:28:50.615975
580,31,1,17,1,0,0,0,10,6,6,11,4,0,D,2.1042105263157893,1.0342105263157895,F1_laliga,2026-05-22 10:28:50.615989
581,32,1,1,20,1,1,3,12,6,4,11,0,0,a,1.3,1.5910526315789475,F1_laliga,2026-05-22 10:28:50.616046
582,32,1,20,1,0,3,1,8,5,1,17,1,0,D,2.0105263157894737,0.9468421052631578,F1_laliga,2026-05-22 10:28:50.616061
583,33,1,1,2,1,2,2,21,5,4,16,2,0,d,1.3,1.5910526315789475,F1_laliga,2026-05-22 10:28:50.616116
584,33,1,2,1,0,2,2,9,7,1,16,1,0,D,1.928157894736842,0.966842105263158,F1_laliga,2026-05-22 10:28:50.616130
585,34,1,1,19,1,2,1,15,2,4,8,2,0,h,1.3,1.5910526315789475,F1_laliga,2026-05-22 10:28:50.616183
586,34,1,19,1,0,1,2,9,5,1,17,2,0,D,1.6563157894736842,1.1736842105263159,F1_laliga,2026-05-22 10:28:50.616197
587,35,1,1,15,1,2,2,14,2,4,9,2,0,d,1.3,1.5910526315789475,F1_laliga,2026-05-22 10:28:50.616250
588,35,1,15,1,0,2,2,9,4,3,9,1,0,D,1.4784210526315789,1.0126315789473683,F1_laliga,2026-05-22 10:28:50.616263
589,36,1,1,13,1,2,2,15,2,7,15,3,0,d,1.3,1.5910526315789475,F1_laliga,2026-05-22 10:28:50.616326
590,36,1,13,1,0,2,2,5,4,3,12,1,0,D,1.792894736842105,1.1571052631578946,F1_laliga,2026-05-22 10:28:50.616340
591,37,1,1,6,1,1,2,14,8,5,15,2,0,a,1.3,1.5910526315789475,F1_laliga,2026-05-22 10:28:50.616395
592,37,1,6,1,0,2,1,5,6,5,8,1,1,D,1.2586842105263158,1.2305263157894737,F1_laliga,2026-05-22 10:28:50.616410
593,1,1,1,7,1,1,1,12,3,5,15,2,0,h,1.3,1.5910526315789475,F1_laliga,2026-05-22 10:28:50.616464
594,1,1,7,1,0,1,1,5,7,2,12,4,0,D,1.3168421052631578,1.4318421052631578,F1_laliga,2026-05-22 10:28:50.616478
595,2,1,1,14,1,2,1,14,8,4,19,1,0,h,1.3,1.5910526315789475,F1_laliga,2026-05-22 10:28:50.616532
596,2,1,14,1,0,1,2,13,2,5,9,2,0,D,1.3757894736842105,1.3344736842105263,F1_laliga,2026-05-22 10:28:50.616599
597,3,1,1,8,1,0,2,14,3,4,7,4,0,a,1.3,1.5910526315789475,F1_laliga,2026-05-22 10:28:50.616668
598,3,1,8,1,0,2,0,6,6,1,10,3,0,D,1.6707894736842106,1.5489473684210526,F1_laliga,2026-05-22 10:28:50.616682
599,4,1,1,12,1,0,0,12,6,5,11,1,0,d,1.3,1.5910526315789475,F1_laliga,2026-05-22 10:28:50.616742
600,4,1,12,1,0,0,0,11,3,5,18,3,0,D,1.2934210526315788,1.784736842105263,F1_laliga,2026-05-22 10:28:50.616755
601,5,1,1,5,1,2,0,12,8,2,17,1,0,h,1.3,1.5910526315789475,F1_laliga,2026-05-22 10:28:50.616810
602,5,1,5,1,0,0,2,7,3,5,15,1,0,D,1.4460526315789475,1.5723684210526316,F1_laliga,2026-05-22 10:28:50.616826
603,6,1,1,9,1,1,1,18,4,10,13,1,0,d,1.3,1.5910526315789475,F1_laliga,2026-05-22 10:28:50.616881
604,6,1,9,1,0,1,1,7,1,3,9,0,0,D,1.2294736842105263,1.48,F1_laliga,2026-05-22 10:28:50.616895
605,7,1,1,10,1,1,1,12,5,1,11,1,0,d,1.3,1.5910526315789475,F1_laliga,2026-05-22 10:28:50.616950
606,7,1,10,1,0,1,1,5,5,6,11,1,0,D,1.3068421052631578,1.7763157894736843,F1_laliga,2026-05-22 10:28:50.616963
607,8,1,1,11,1,0,0,11,4,8,10,3,0,a,1.3,1.5910526315789475,F1_laliga,2026-05-22 10:28:50.617016
608,8,1,11,1,0,0,0,13,2,5,13,2,0,D,0.9410526315789474,1.8444736842105265,F1_laliga,2026-05-22 10:28:50.617029
609,9,1,5,16,1,0,1,9,8,7,12,4,0,h,1.4460526315789475,1.5723684210526316,F1_laliga,2026-05-22 10:28:50.617085
610,9,1,16,5,0,1,0,9,2,8,16,2,0,D,2.2294736842105265,0.8292105263157895,F1_laliga,2026-05-22 10:28:50.617098
611,10,1,5,4,1,3,1,13,4,4,8,0,0,a,1.4460526315789475,1.5723684210526316,F1_laliga,2026-05-22 10:28:50.617152
612,10,1,4,5,0,1,3,6,3,4,14,4,0,D,2.3263157894736843,0.5984210526315789,F1_laliga,2026-05-22 10:28:50.617167
613,11,1,5,3,1,1,1,9,4,6,11,0,0,d,1.4460526315789475,1.5723684210526316,F1_laliga,2026-05-22 10:28:50.617222
614,11,1,3,5,0,1,1,8,4,7,11,1,0,D,1.9155263157894737,0.8713157894736842,F1_laliga,2026-05-22 10:28:50.617235
615,12,1,5,18,1,0,0,10,9,3,14,2,0,h,1.4460526315789475,1.5723684210526316,F1_laliga,2026-05-22 10:28:50.617294
616,12,1,18,5,0,0,0,9,3,3,16,2,0,D,2.236842105263158,0.6342105263157896,F1_laliga,2026-05-22 10:28:50.617309
617,13,1,5,17,1,0,2,17,5,7,11,1,1,a,1.4460526315789475,1.5723684210526316,F1_laliga,2026-05-22 10:28:50.617367
618,13,1,17,5,0,2,0,5,5,4,14,2,0,D,2.1042105263157893,1.0342105263157895,F1_laliga,2026-05-22 10:28:50.617381
619,14,1,5,20,1,0,0,17,5,6,10,0,0,a,1.4460526315789475,1.5723684210526316,F1_laliga,2026-05-22 10:28:50.617434
620,14,1,20,5,0,0,0,4,7,4,10,2,0,D,2.0105263157894737,0.9468421052631578,F1_laliga,2026-05-22 10:28:50.617447
621,15,1,5,2,1,1,3,14,3,8,12,3,0,a,1.4460526315789475,1.5723684210526316,F1_laliga,2026-05-22 10:28:50.617500
622,15,1,2,5,0,3,1,8,5,3,14,2,0,D,1.928157894736842,0.966842105263158,F1_laliga,2026-05-22 10:28:50.617515
623,16,1,5,19,1,1,2,14,5,7,18,4,0,a,1.4460526315789475,1.5723684210526316,F1_laliga,2026-05-22 10:28:50.617590
624,16,1,19,5,0,2,1,9,2,4,12,4,0,D,1.6563157894736842,1.1736842105263159,F1_laliga,2026-05-22 10:28:50.617605
625,17,1,5,15,1,1,5,16,3,5,12,2,0,a,1.4460526315789475,1.5723684210526316,F1_laliga,2026-05-22 10:28:50.617670
626,17,1,15,5,0,5,1,10,4,8,12,4,0,D,1.4784210526315789,1.0126315789473683,F1_laliga,2026-05-22 10:28:50.617684
627,18,1,5,13,1,3,1,6,4,5,8,1,1,h,1.4460526315789475,1.5723684210526316,F1_laliga,2026-05-22 10:28:50.617739
628,18,1,13,5,0,1,3,11,8,3,14,1,0,D,1.792894736842105,1.1571052631578946,F1_laliga,2026-05-22 10:28:50.617753
629,19,1,5,6,1,1,1,10,3,2,16,4,0,d,1.4460526315789475,1.5723684210526316,F1_laliga,2026-05-22 10:28:50.617807
630,19,1,6,5,0,1,1,8,8,5,10,2,0,D,1.2586842105263158,1.2305263157894737,F1_laliga,2026-05-22 10:28:50.617820
631,20,1,5,7,1,1,3,16,6,5,15,1,0,a,1.4460526315789475,1.5723684210526316,F1_laliga,2026-05-22 10:28:50.617874
632,20,1,7,5,0,3,1,11,7,3,12,5,0,D,1.3168421052631578,1.4318421052631578,F1_laliga,2026-05-22 10:28:50.617889
633,21,1,5,14,1,3,3,12,8,4,12,1,0,d,1.4460526315789475,1.5723684210526316,F1_laliga,2026-05-22 10:28:50.617944
634,21,1,14,5,0,3,3,12,4,5,14,5,0,D,1.3757894736842105,1.3344736842105263,F1_laliga,2026-05-22 10:28:50.617958
635,22,1,5,8,1,3,2,11,7,9,10,2,0,h,1.4460526315789475,1.5723684210526316,F1_laliga,2026-05-22 10:28:50.618010
636,22,1,8,5,0,2,3,11,5,2,10,5,1,D,1.6707894736842106,1.5489473684210526,F1_laliga,2026-05-22 10:28:50.618025
637,23,1,5,12,1,0,0,12,5,4,15,3,0,d,1.4460526315789475,1.5723684210526316,F1_laliga,2026-05-22 10:28:50.618079
638,23,1,12,5,0,0,0,8,3,4,13,1,0,D,1.2934210526315788,1.784736842105263,F1_laliga,2026-05-22 10:28:50.618093
639,24,1,5,1,1,2,0,16,5,5,16,3,0,h,1.4460526315789475,1.5723684210526316,F1_laliga,2026-05-22 10:28:50.618147
640,24,1,1,5,0,0,2,8,3,4,9,4,0,D,1.3,1.5910526315789475,F1_laliga,2026-05-22 10:28:50.618161
641,25,1,5,9,1,0,0,14,4,5,15,1,0,d,1.4460526315789475,1.5723684210526316,F1_laliga,2026-05-22 10:28:50.618215
642,25,1,9,5,0,0,0,15,4,4,12,4,0,D,1.2294736842105263,1.48,F1_laliga,2026-05-22 10:28:50.618230
643,26,1,5,10,1,2,2,21,5,2,14,2,0,d,1.4460526315789475,1.5723684210526316,F1_laliga,2026-05-22 10:28:50.618290
644,26,1,10,5,0,2,2,13,5,6,13,4,0,D,1.3068421052631578,1.7763157894736843,F1_laliga,2026-05-22 10:28:50.618304
645,27,1,5,11,1,3,1,8,7,4,12,2,0,h,1.4460526315789475,1.5723684210526316,F1_laliga,2026-05-22 10:28:50.618364
646,27,1,11,5,0,1,3,8,5,5,14,2,0,D,0.9410526315789474,1.8444736842105265,F1_laliga,2026-05-22 10:28:50.618378
647,28,1,9,16,1,0,0,13,5,6,7,4,0,d,1.2294736842105263,1.48,F1_laliga,2026-05-22 10:28:50.618433
648,28,1,16,9,0,0,0,12,5,6,7,1,0,D,2.2294736842105265,0.8292105263157895,F1_laliga,2026-05-22 10:28:50.618446
649,29,1,9,4,1,0,0,17,6,8,22,1,0,d,1.2294736842105263,1.48,F1_laliga,2026-05-22 10:28:50.618500
650,29,1,4,9,0,0,0,5,1,8,11,4,0,D,2.3263157894736843,0.5984210526315789,F1_laliga,2026-05-22 10:28:50.618513
651,30,1,9,3,1,4,0,12,5,7,7,2,0,h,1.2294736842105263,1.48,F1_laliga,2026-05-22 10:28:50.618588
652,30,1,3,9,0,0,4,7,7,1,10,3,0,D,1.9155263157894737,0.8713157894736842,F1_laliga,2026-05-22 10:28:50.618605
653,31,1,9,18,1,0,1,12,2,8,8,1,0,a,1.2294736842105263,1.48,F1_laliga,2026-05-22 10:28:50.618671
654,31,1,18,9,0,1,0,14,3,3,20,1,0,D,2.236842105263158,0.6342105263157896,F1_laliga,2026-05-22 10:28:50.618685
655,32,1,9,17,1,2,1,14,6,4,13,1,0,a,1.2294736842105263,1.48,F1_laliga,2026-05-22 10:28:50.618741
656,32,1,17,9,0,1,2,10,2,2,8,0,0,D,2.1042105263157893,1.0342105263157895,F1_laliga,2026-05-22 10:28:50.618754
657,33,1,9,20,1,2,1,10,5,5,14,1,0,h,1.2294736842105263,1.48,F1_laliga,2026-05-22 10:28:50.618809
658,33,1,20,9,0,1,2,10,4,9,8,1,0,D,2.0105263157894737,0.9468421052631578,F1_laliga,2026-05-22 10:28:50.618823
659,34,1,9,2,1,1,2,19,9,3,15,5,0,a,1.2294736842105263,1.48,F1_laliga,2026-05-22 10:28:50.618879
660,34,1,2,9,0,2,1,10,5,2,8,4,0,D,1.928157894736842,0.966842105263158,F1_laliga,2026-05-22 10:28:50.618893
661,35,1,9,19,1,3,0,8,6,6,10,0,0,h,1.2294736842105263,1.48,F1_laliga,2026-05-22 10:28:50.618948
662,35,1,19,9,0,0,3,10,2,3,9,2,0,D,1.6563157894736842,1.1736842105263159,F1_laliga,2026-05-22 10:28:50.618963
663,36,1,9,15,1,2,2,8,9,6,12,1,0,h,1.2294736842105263,1.48,F1_laliga,2026-05-22 10:28:50.619018
664,36,1,15,9,0,2,2,8,3,2,15,2,0,D,1.4784210526315789,1.0126315789473683,F1_laliga,2026-05-22 10:28:50.619032
665,37,1,9,13,1,0,2,10,3,4,7,3,0,a,1.2294736842105263,1.48,F1_laliga,2026-05-22 10:28:50.619085
666,37,1,13,9,0,2,0,13,4,1,11,1,0,D,1.792894736842105,1.1571052631578946,F1_laliga,2026-05-22 10:28:50.619098
667,1,1,9,6,1,1,1,19,8,2,10,0,0,h,1.2294736842105263,1.48,F1_laliga,2026-05-22 10:28:50.619151
668,1,1,6,9,0,1,1,11,3,6,13,3,0,D,1.2586842105263158,1.2305263157894737,F1_laliga,2026-05-22 10:28:50.619164
669,2,1,9,7,1,1,2,14,1,2,13,2,0,a,1.2294736842105263,1.48,F1_laliga,2026-05-22 10:28:50.619217
670,2,1,7,9,0,2,1,10,2,1,14,1,0,D,1.3168421052631578,1.4318421052631578,F1_laliga,2026-05-22 10:28:50.619230
671,3,1,9,14,1,1,0,8,3,2,12,5,0,h,1.2294736842105263,1.48,F1_laliga,2026-05-22 10:28:50.619287
672,3,1,14,9,0,0,1,15,7,4,13,1,0,D,1.3757894736842105,1.3344736842105263,F1_laliga,2026-05-22 10:28:50.619303
673,4,1,9,8,1,0,0,15,4,7,9,2,0,a,1.2294736842105263,1.48,F1_laliga,2026-05-22 10:28:50.619362
674,4,1,8,9,0,0,0,13,7,4,10,1,0,D,1.6707894736842106,1.5489473684210526,F1_laliga,2026-05-22 10:28:50.619376
675,5,1,9,12,1,0,2,18,2,5,13,1,0,h,1.2294736842105263,1.48,F1_laliga,2026-05-22 10:28:50.619430
676,5,1,12,9,0,2,0,6,4,3,11,1,0,D,1.2934210526315788,1.784736842105263,F1_laliga,2026-05-22 10:28:50.619443
677,6,1,9,1,1,2,2,16,3,7,13,1,0,h,1.2294736842105263,1.48,F1_laliga,2026-05-22 10:28:50.619538
678,6,1,1,9,0,2,2,11,4,2,11,6,0,D,1.3,1.5910526315789475,F1_laliga,2026-05-22 10:28:50.619567
679,7,1,9,5,1,0,0,11,3,4,11,0,0,d,1.2294736842105263,1.48,F1_laliga,2026-05-22 10:28:50.619645
680,7,1,5,9,0,0,0,11,5,3,14,3,0,D,1.4460526315789475,1.5723684210526316,F1_laliga,2026-05-22 10:28:50.619660
681,8,1,9,10,1,1,1,6,7,4,11,2,1,h,1.2294736842105263,1.48,F1_laliga,2026-05-22 10:28:50.619718
682,8,1,10,9,0,1,1,10,5,2,13,2,0,D,1.3068421052631578,1.7763157894736843,F1_laliga,2026-05-22 10:28:50.619735
683,9,1,9,11,1,0,4,18,6,7,14,1,0,a,1.2294736842105263,1.48,F1_laliga,2026-05-22 10:28:50.619792
684,9,1,11,9,0,4,0,8,2,4,12,2,1,D,0.9410526315789474,1.8444736842105265,F1_laliga,2026-05-22 10:28:50.619805
685,10,1,10,16,1,3,3,14,2,4,7,3,0,d,1.3068421052631578,1.7763157894736843,F1_laliga,2026-05-22 10:28:50.619861
686,10,1,16,10,0,3,3,7,5,4,16,1,0,D,2.2294736842105265,0.8292105263157895,F1_laliga,2026-05-22 10:28:50.619874
687,11,1,10,4,1,1,2,11,4,4,9,4,0,h,1.3068421052631578,1.7763157894736843,F1_laliga,2026-05-22 10:28:50.619928
688,11,1,4,10,0,2,1,17,3,0,11,1,0,D,2.3263157894736843,0.5984210526315789,F1_laliga,2026-05-22 10:28:50.619941
689,12,1,10,3,1,2,1,16,2,7,13,2,1,h,1.3068421052631578,1.7763157894736843,F1_laliga,2026-05-22 10:28:50.619994
690,12,1,3,10,0,1,2,12,5,9,16,1,0,D,1.9155263157894737,0.8713157894736842,F1_laliga,2026-05-22 10:28:50.620007
691,13,1,10,18,1,1,1,18,8,6,6,0,0,d,1.3068421052631578,1.7763157894736843,F1_laliga,2026-05-22 10:28:50.620062
692,13,1,18,10,0,1,1,14,1,6,13,2,0,D,2.236842105263158,0.6342105263157896,F1_laliga,2026-05-22 10:28:50.620077
693,14,1,10,17,1,1,1,9,2,2,17,1,0,a,1.3068421052631578,1.7763157894736843,F1_laliga,2026-05-22 10:28:50.620130
694,14,1,17,10,0,1,1,6,4,5,17,1,0,D,2.1042105263157893,1.0342105263157895,F1_laliga,2026-05-22 10:28:50.620143
695,15,1,10,20,1,2,2,12,4,5,13,2,0,d,1.3068421052631578,1.7763157894736843,F1_laliga,2026-05-22 10:28:50.620196
696,15,1,20,10,0,2,2,11,3,1,12,3,0,D,2.0105263157894737,0.9468421052631578,F1_laliga,2026-05-22 10:28:50.620210
697,16,1,10,2,1,2,0,18,4,2,11,2,0,h,1.3068421052631578,1.7763157894736843,F1_laliga,2026-05-22 10:28:50.620263
698,16,1,2,10,0,0,2,13,1,5,7,2,0,D,1.928157894736842,0.966842105263158,F1_laliga,2026-05-22 10:28:50.620282
699,17,1,10,19,1,1,1,15,3,7,13,3,0,d,1.3068421052631578,1.7763157894736843,F1_laliga,2026-05-22 10:28:50.620340
700,17,1,19,10,0,1,1,6,7,3,20,0,0,D,1.6563157894736842,1.1736842105263159,F1_laliga,2026-05-22 10:28:50.620354
701,18,1,10,15,1,0,1,14,6,5,17,0,0,a,1.3068421052631578,1.7763157894736843,F1_laliga,2026-05-22 10:28:50.620407
702,18,1,15,10,0,1,0,13,8,4,6,2,0,D,1.4784210526315789,1.0126315789473683,F1_laliga,2026-05-22 10:28:50.620423
703,19,1,10,13,1,0,0,10,4,4,9,3,0,h,1.3068421052631578,1.7763157894736843,F1_laliga,2026-05-22 10:28:50.620493
704,19,1,13,10,0,0,0,14,4,1,14,3,0,D,1.792894736842105,1.1571052631578946,F1_laliga,2026-05-22 10:28:50.620517
705,20,1,10,6,1,2,0,14,6,5,19,2,0,h,1.3068421052631578,1.7763157894736843,F1_laliga,2026-05-22 10:28:50.620605
706,20,1,6,10,0,0,2,10,3,0,14,4,0,D,1.2586842105263158,1.2305263157894737,F1_laliga,2026-05-22 10:28:50.620620
707,21,1,10,7,1,1,1,11,3,9,9,3,0,d,1.3068421052631578,1.7763157894736843,F1_laliga,2026-05-22 10:28:50.620684
708,21,1,7,10,0,1,1,9,5,2,9,2,0,D,1.3168421052631578,1.4318421052631578,F1_laliga,2026-05-22 10:28:50.620698
709,22,1,10,14,1,0,1,7,5,7,11,1,1,a,1.3068421052631578,1.7763157894736843,F1_laliga,2026-05-22 10:28:50.620757
710,22,1,14,10,0,1,0,8,3,6,14,1,0,D,1.3757894736842105,1.3344736842105263,F1_laliga,2026-05-22 10:28:50.620772
711,23,1,10,8,1,1,2,19,4,3,18,2,0,a,1.3068421052631578,1.7763157894736843,F1_laliga,2026-05-22 10:28:50.620831
712,23,1,8,10,0,2,1,8,5,2,13,5,1,D,1.6707894736842106,1.5489473684210526,F1_laliga,2026-05-22 10:28:50.620846
713,24,1,10,12,1,1,1,11,2,5,8,0,1,d,1.3068421052631578,1.7763157894736843,F1_laliga,2026-05-22 10:28:50.620902
714,24,1,12,10,0,1,1,6,1,3,5,1,0,D,1.2934210526315788,1.784736842105263,F1_laliga,2026-05-22 10:28:50.620916
715,25,1,10,1,1,0,0,16,1,9,18,0,0,d,1.3068421052631578,1.7763157894736843,F1_laliga,2026-05-22 10:28:50.620969
716,25,1,1,10,0,0,0,11,4,5,14,0,0,D,1.3,1.5910526315789475,F1_laliga,2026-05-22 10:28:50.620982
717,26,1,10,5,1,1,1,7,5,3,10,2,0,d,1.3068421052631578,1.7763157894736843,F1_laliga,2026-05-22 10:28:50.621035
718,26,1,5,10,0,1,1,13,5,2,12,2,1,D,1.4460526315789475,1.5723684210526316,F1_laliga,2026-05-22 10:28:50.621049
719,27,1,10,9,1,0,0,15,5,2,18,3,0,h,1.3068421052631578,1.7763157894736843,F1_laliga,2026-05-22 10:28:50.621103
720,27,1,9,10,0,0,0,11,4,2,15,3,0,D,1.2294736842105263,1.48,F1_laliga,2026-05-22 10:28:50.621116
721,28,1,10,11,1,4,1,14,5,7,11,4,0,h,1.3068421052631578,1.7763157894736843,F1_laliga,2026-05-22 10:28:50.621171
722,28,1,11,10,0,1,4,9,4,5,7,3,0,D,0.9410526315789474,1.8444736842105265,F1_laliga,2026-05-22 10:28:50.621186
723,29,1,11,16,1,2,0,14,10,6,8,2,0,h,0.9410526315789474,1.8444736842105265,F1_laliga,2026-05-22 10:28:50.621241
724,29,1,16,11,0,0,2,12,1,4,13,1,0,D,2.2294736842105265,0.8292105263157895,F1_laliga,2026-05-22 10:28:50.621254
725,30,1,11,4,1,2,1,16,5,6,12,2,0,h,0.9410526315789474,1.8444736842105265,F1_laliga,2026-05-22 10:28:50.621316
726,30,1,4,11,0,1,2,12,6,3,11,2,0,D,2.3263157894736843,0.5984210526315789,F1_laliga,2026-05-22 10:28:50.621330
727,31,1,11,3,1,3,3,12,2,3,10,3,0,d,0.9410526315789474,1.8444736842105265,F1_laliga,2026-05-22 10:28:50.621386
728,31,1,3,11,0,3,3,12,3,4,10,2,0,D,1.9155263157894737,0.8713157894736842,F1_laliga,2026-05-22 10:28:50.621400
729,32,1,11,18,1,4,4,14,6,0,9,6,0,d,0.9410526315789474,1.8444736842105265,F1_laliga,2026-05-22 10:28:50.621453
730,32,1,18,11,0,4,4,5,2,5,11,2,0,D,2.236842105263158,0.6342105263157896,F1_laliga,2026-05-22 10:28:50.621467
731,33,1,11,17,1,2,1,8,8,5,15,1,0,h,0.9410526315789474,1.8444736842105265,F1_laliga,2026-05-22 10:28:50.621521
732,33,1,17,11,0,1,2,7,2,3,12,1,0,D,2.1042105263157893,1.0342105263157895,F1_laliga,2026-05-22 10:28:50.621536
733,34,1,11,20,1,2,1,11,4,4,14,1,0,h,0.9410526315789474,1.8444736842105265,F1_laliga,2026-05-22 10:28:50.621626
734,34,1,20,11,0,1,2,9,2,3,11,1,0,D,2.0105263157894737,0.9468421052631578,F1_laliga,2026-05-22 10:28:50.621641
735,35,1,11,2,1,0,2,14,9,7,12,2,0,a,0.9410526315789474,1.8444736842105265,F1_laliga,2026-05-22 10:28:50.621700
736,35,1,2,11,0,2,0,8,1,6,11,2,0,D,1.928157894736842,0.966842105263158,F1_laliga,2026-05-22 10:28:50.621713
737,36,1,11,19,1,1,1,18,2,6,12,4,0,d,0.9410526315789474,1.8444736842105265,F1_laliga,2026-05-22 10:28:50.621768
738,36,1,19,11,0,1,1,15,5,5,10,1,0,D,1.6563157894736842,1.1736842105263159,F1_laliga,2026-05-22 10:28:50.621782
739,37,1,11,15,1,3,4,12,9,4,13,1,0,a,0.9410526315789474,1.8444736842105265,F1_laliga,2026-05-22 10:28:50.621836
740,37,1,15,11,0,4,3,8,6,5,16,2,0,D,1.4784210526315789,1.0126315789473683,F1_laliga,2026-05-22 10:28:50.621850
741,1,1,11,13,1,2,2,10,1,6,11,3,0,d,0.9410526315789474,1.8444736842105265,F1_laliga,2026-05-22 10:28:50.621903
742,1,1,13,11,0,2,2,17,7,4,11,4,0,D,1.792894736842105,1.1571052631578946,F1_laliga,2026-05-22 10:28:50.621918
743,2,1,11,6,1,2,0,13,2,3,12,2,0,h,0.9410526315789474,1.8444736842105265,F1_laliga,2026-05-22 10:28:50.621972
744,2,1,6,11,0,0,2,10,6,3,8,4,0,D,1.2586842105263158,1.2305263157894737,F1_laliga,2026-05-22 10:28:50.621985
745,3,1,11,7,1,2,0,14,6,3,10,2,0,a,0.9410526315789474,1.8444736842105265,F1_laliga,2026-05-22 10:28:50.622038
746,3,1,7,11,0,0,2,9,2,2,14,3,0,D,1.3168421052631578,1.4318421052631578,F1_laliga,2026-05-22 10:28:50.622052
747,4,1,11,14,1,2,1,11,7,5,10,1,0,h,0.9410526315789474,1.8444736842105265,F1_laliga,2026-05-22 10:28:50.622104
748,4,1,14,11,0,1,2,9,5,4,9,4,0,D,1.3757894736842105,1.3344736842105263,F1_laliga,2026-05-22 10:28:50.622118
749,5,1,11,8,1,2,1,11,3,7,10,1,0,h,0.9410526315789474,1.8444736842105265,F1_laliga,2026-05-22 10:28:50.622171
750,5,1,8,11,0,1,2,8,6,2,9,3,0,D,1.6707894736842106,1.5489473684210526,F1_laliga,2026-05-22 10:28:50.622184
751,6,1,11,12,1,1,1,12,4,8,7,0,0,a,0.9410526315789474,1.8444736842105265,F1_laliga,2026-05-22 10:28:50.622237
752,6,1,12,11,0,1,1,9,6,1,16,2,0,D,1.2934210526315788,1.784736842105263,F1_laliga,2026-05-22 10:28:50.622252
753,7,1,11,1,1,4,0,14,7,5,12,3,0,h,0.9410526315789474,1.8444736842105265,F1_laliga,2026-05-22 10:28:50.622312
754,7,1,1,11,0,0,4,10,5,3,16,0,0,D,1.3,1.5910526315789475,F1_laliga,2026-05-22 10:28:50.622327
755,8,1,11,5,1,1,1,17,4,2,16,4,0,d,0.9410526315789474,1.8444736842105265,F1_laliga,2026-05-22 10:28:50.622382
756,8,1,5,11,0,1,1,14,3,1,10,1,2,D,1.4460526315789475,1.5723684210526316,F1_laliga,2026-05-22 10:28:50.622396
757,9,1,11,9,1,1,1,18,3,5,17,1,0,a,0.9410526315789474,1.8444736842105265,F1_laliga,2026-05-22 10:28:50.622450
758,9,1,9,11,0,1,1,10,2,4,8,6,0,D,1.2294736842105263,1.48,F1_laliga,2026-05-22 10:28:50.622463
759,10,1,11,10,1,3,3,17,6,7,24,0,0,d,0.9410526315789474,1.8444736842105265,F1_laliga,2026-05-22 10:28:50.622516
760,10,1,10,11,0,3,3,10,6,5,16,2,0,D,1.3068421052631578,1.7763157894736843,F1_laliga,2026-05-22 10:28:50.622529
761,38,2,16,4,1,1,0,11,5,6,19,1,0,h,2.49,0.8271052631578947,F1_laliga,2026-05-22 10:28:50.622609
762,38,2,4,16,0,0,1,7,2,3,9,2,1,D,2.0500000000000003,0.758421052631579,F1_laliga,2026-05-22 10:28:50.622626
763,39,2,16,3,1,1,1,14,2,8,17,3,0,d,2.49,0.8271052631578947,F1_laliga,2026-05-22 10:28:50.622742
764,39,2,3,16,0,1,1,9,3,5,18,1,0,D,2.215526315789474,1.1007894736842105,F1_laliga,2026-05-22 10:28:50.622756
765,40,2,16,18,1,1,1,18,2,5,19,1,0,h,2.49,0.8271052631578947,F1_laliga,2026-05-22 10:28:50.622814
766,40,2,18,16,0,1,1,7,8,2,18,2,1,D,2.403421052631579,0.9710526315789473,F1_laliga,2026-05-22 10:28:50.622827
767,41,2,16,17,1,0,2,10,6,2,21,2,0,a,2.49,0.8271052631578947,F1_laliga,2026-05-22 10:28:50.622883
768,41,2,17,16,0,2,0,12,3,5,16,1,0,D,2.288684210526316,1.2347368421052631,F1_laliga,2026-05-22 10:28:50.622897
769,42,2,16,20,1,1,3,13,2,5,14,1,0,a,2.49,0.8271052631578947,F1_laliga,2026-05-22 10:28:50.622950
770,42,2,20,16,0,3,1,8,1,0,13,1,0,D,1.9792105263157893,1.3107894736842105,F1_laliga,2026-05-22 10:28:50.622968
771,43,2,16,2,1,0,1,9,5,2,10,3,0,h,2.49,0.8271052631578947,F1_laliga,2026-05-22 10:28:50.623043
772,43,2,2,16,0,1,0,15,1,1,9,1,0,D,1.785,0.9705263157894738,F1_laliga,2026-05-22 10:28:50.623061
773,44,2,16,19,1,1,1,16,7,9,14,1,0,h,2.49,0.8271052631578947,F1_laliga,2026-05-22 10:28:50.623118
774,44,2,19,16,0,1,1,12,3,10,26,1,0,D,1.8773684210526316,1.2973684210526315,F1_laliga,2026-05-22 10:28:50.623132
775,45,2,16,15,1,2,3,14,5,5,13,2,0,h,2.49,0.8271052631578947,F1_laliga,2026-05-22 10:28:50.623187
776,45,2,15,16,0,3,2,13,1,4,9,2,0,D,1.8847368421052633,1.259736842105263,F1_laliga,2026-05-22 10:28:50.623201
777,46,2,16,13,1,0,1,14,1,9,17,0,0,h,2.49,0.8271052631578947,F1_laliga,2026-05-22 10:28:50.623254
778,46,2,13,16,0,1,0,10,2,8,8,1,0,D,1.5421052631578949,1.4221052631578948,F1_laliga,2026-05-22 10:28:50.623268
779,47,2,16,6,1,2,2,10,5,4,8,1,0,h,2.49,0.8271052631578947,F1_laliga,2026-05-22 10:28:50.623332
780,47,2,6,16,0,2,2,8,7,1,13,2,0,D,1.5513157894736842,1.4252631578947368,F1_laliga,2026-05-22 10:28:50.623347
781,48,2,16,7,1,1,1,16,2,7,9,0,0,d,2.49,0.8271052631578947,F1_laliga,2026-05-22 10:28:50.623401
782,48,2,7,16,0,1,1,11,2,1,14,3,0,D,1.3276315789473685,1.3571052631578948,F1_laliga,2026-05-22 10:28:50.623416
783,49,2,16,14,1,0,0,14,3,3,13,3,0,a,2.49,0.8271052631578947,F1_laliga,2026-05-22 10:28:50.623504
784,49,2,14,16,0,0,0,5,4,8,10,2,0,D,1.4726315789473685,1.3428947368421054,F1_laliga,2026-05-22 10:28:50.623519
785,50,2,16,8,1,1,1,11,2,2,10,2,0,d,2.49,0.8271052631578947,F1_laliga,2026-05-22 10:28:50.623613
786,50,2,8,16,0,1,1,16,3,3,12,3,0,D,1.1410526315789473,1.6102631578947368,F1_laliga,2026-05-22 10:28:50.623628
787,51,2,16,12,1,2,1,14,4,2,11,3,0,a,2.49,0.8271052631578947,F1_laliga,2026-05-22 10:28:50.623691
788,51,2,12,16,0,1,2,10,1,5,13,5,0,D,1.541842105263158,1.4397368421052632,F1_laliga,2026-05-22 10:28:50.623705
789,52,2,16,1,1,2,0,12,3,5,12,1,0,h,2.49,0.8271052631578947,F1_laliga,2026-05-22 10:28:50.623771
790,52,2,1,16,0,0,2,10,5,3,13,8,0,D,1.5813157894736842,1.466578947368421,F1_laliga,2026-05-22 10:28:50.623784
791,53,2,16,5,1,4,0,10,3,7,14,1,0,h,2.49,0.8271052631578947,F1_laliga,2026-05-22 10:28:50.623842
792,53,2,5,16,0,0,4,16,4,8,13,0,0,D,1.1547368421052633,1.7807894736842105,F1_laliga,2026-05-22 10:28:50.623858
793,54,2,16,9,1,0,1,13,7,0,13,2,0,h,2.49,0.8271052631578947,F1_laliga,2026-05-22 10:28:50.623913
794,54,2,9,16,0,1,0,12,3,3,12,2,0,D,1.1368421052631579,1.5555263157894736,F1_laliga,2026-05-22 10:28:50.623926
795,55,2,16,10,1,1,1,19,8,5,11,4,0,h,2.49,0.8271052631578947,F1_laliga,2026-05-22 10:28:50.623981
796,55,2,10,16,0,1,1,12,6,3,12,1,0,D,1.0578947368421054,1.7786842105263159,F1_laliga,2026-05-22 10:28:50.623995
797,56,2,16,11,1,1,1,12,8,3,15,4,0,h,2.49,0.8271052631578947,F1_laliga,2026-05-22 10:28:50.624050
798,56,2,11,16,0,1,1,10,5,2,18,2,0,D,1.0910526315789475,2.1178947368421053,F1_laliga,2026-05-22 10:28:50.624063
799,57,2,4,16,1,2,1,9,5,4,12,1,0,h,2.0500000000000003,0.758421052631579,F1_laliga,2026-05-22 10:28:50.624116
800,57,2,16,4,0,1,2,14,4,3,15,4,0,D,2.49,0.8271052631578947,F1_laliga,2026-05-22 10:28:50.624130
801,58,2,4,3,1,2,2,13,7,8,6,0,0,d,2.0500000000000003,0.758421052631579,F1_laliga,2026-05-22 10:28:50.624183
802,58,2,3,4,0,2,2,9,4,6,12,1,0,D,2.215526315789474,1.1007894736842105,F1_laliga,2026-05-22 10:28:50.624199
803,59,2,4,18,1,2,3,20,7,7,14,1,0,a,2.0500000000000003,0.758421052631579,F1_laliga,2026-05-22 10:28:50.624252
804,59,2,18,4,0,3,2,8,3,4,17,1,0,D,2.403421052631579,0.9710526315789473,F1_laliga,2026-05-22 10:28:50.624266
805,60,2,4,17,1,1,1,10,8,6,15,2,0,d,2.0500000000000003,0.758421052631579,F1_laliga,2026-05-22 10:28:50.624328
806,60,2,17,4,0,1,1,13,2,6,16,2,0,D,2.288684210526316,1.2347368421052631,F1_laliga,2026-05-22 10:28:50.624342
807,61,2,4,20,1,2,0,17,2,3,8,1,0,h,2.0500000000000003,0.758421052631579,F1_laliga,2026-05-22 10:28:50.624396
808,61,2,20,4,0,0,2,12,3,5,9,2,0,D,1.9792105263157893,1.3107894736842105,F1_laliga,2026-05-22 10:28:50.624409
809,62,2,4,2,1,0,0,15,4,2,10,3,0,a,2.0500000000000003,0.758421052631579,F1_laliga,2026-05-22 10:28:50.624463
810,62,2,2,4,0,0,0,8,8,5,14,0,0,D,1.785,0.9705263157894738,F1_laliga,2026-05-22 10:28:50.624476
811,63,2,4,19,1,0,3,8,3,5,12,4,0,h,2.0500000000000003,0.758421052631579,F1_laliga,2026-05-22 10:28:50.624529
812,63,2,19,4,0,3,0,12,1,3,17,2,0,D,1.8773684210526316,1.2973684210526315,F1_laliga,2026-05-22 10:28:50.624544
813,64,2,4,15,1,2,0,10,3,6,14,1,0,h,2.0500000000000003,0.758421052631579,F1_laliga,2026-05-22 10:28:50.624631
814,64,2,15,4,0,0,2,14,2,2,11,3,0,D,1.8847368421052633,1.259736842105263,F1_laliga,2026-05-22 10:28:50.624645
815,65,2,4,13,1,0,0,16,11,6,20,2,0,d,2.0500000000000003,0.758421052631579,F1_laliga,2026-05-22 10:28:50.624703
816,65,2,13,4,0,0,0,9,6,4,14,2,0,D,1.5421052631578949,1.4221052631578948,F1_laliga,2026-05-22 10:28:50.624716
817,66,2,4,6,1,4,1,13,8,6,12,1,0,h,2.0500000000000003,0.758421052631579,F1_laliga,2026-05-22 10:28:50.624770
818,66,2,6,4,0,1,4,18,6,4,12,2,0,D,1.5513157894736842,1.4252631578947368,F1_laliga,2026-05-22 10:28:50.624784
819,67,2,4,7,1,1,1,12,4,4,13,4,0,h,2.0500000000000003,0.758421052631579,F1_laliga,2026-05-22 10:28:50.624837
820,67,2,7,4,0,1,1,12,1,2,20,1,0,D,1.3276315789473685,1.3571052631578948,F1_laliga,2026-05-22 10:28:50.624850
821,68,2,4,14,1,1,1,17,5,3,12,1,0,a,2.0500000000000003,0.758421052631579,F1_laliga,2026-05-22 10:28:50.624904
822,68,2,14,4,0,1,1,7,5,1,8,0,0,D,1.4726315789473685,1.3428947368421054,F1_laliga,2026-05-22 10:28:50.624919
823,69,2,4,8,1,1,1,12,5,5,13,1,0,d,2.0500000000000003,0.758421052631579,F1_laliga,2026-05-22 10:28:50.624971
824,69,2,8,4,0,1,1,12,2,5,19,1,0,D,1.1410526315789473,1.6102631578947368,F1_laliga,2026-05-22 10:28:50.624984
825,70,2,4,12,1,3,1,13,4,3,23,3,0,h,2.0500000000000003,0.758421052631579,F1_laliga,2026-05-22 10:28:50.625036
826,70,2,12,4,0,1,3,7,7,3,7,0,0,D,1.541842105263158,1.4397368421052632,F1_laliga,2026-05-22 10:28:50.625050
827,71,2,4,1,1,3,0,14,7,3,12,0,0,h,2.0500000000000003,0.758421052631579,F1_laliga,2026-05-22 10:28:50.625100
828,71,2,1,4,0,0,3,9,0,2,18,2,0,D,1.5813157894736842,1.466578947368421,F1_laliga,2026-05-22 10:28:50.625114
829,72,2,4,5,1,2,1,11,9,7,14,3,0,h,2.0500000000000003,0.758421052631579,F1_laliga,2026-05-22 10:28:50.625165
830,72,2,5,4,0,1,2,6,6,1,12,2,0,D,1.1547368421052633,1.7807894736842105,F1_laliga,2026-05-22 10:28:50.625179
831,73,2,4,9,1,0,0,14,3,4,14,3,0,h,2.0500000000000003,0.758421052631579,F1_laliga,2026-05-22 10:28:50.625230
832,73,2,9,4,0,0,0,18,3,5,14,0,0,D,1.1368421052631579,1.5555263157894736,F1_laliga,2026-05-22 10:28:50.625245
833,74,2,4,10,1,1,2,15,6,3,18,1,0,a,2.0500000000000003,0.758421052631579,F1_laliga,2026-05-22 10:28:50.625306
834,74,2,10,4,0,2,1,5,3,1,11,0,0,D,1.0578947368421054,1.7786842105263159,F1_laliga,2026-05-22 10:28:50.625320
835,75,2,4,11,1,0,0,13,7,10,6,1,0,d,2.0500000000000003,0.758421052631579,F1_laliga,2026-05-22 10:28:50.625376
836,75,2,11,4,0,0,0,12,4,5,7,2,0,D,1.0910526315789475,2.1178947368421053,F1_laliga,2026-05-22 10:28:50.625390
837,76,2,3,16,1,1,1,12,3,5,15,2,0,d,2.215526315789474,1.1007894736842105,F1_laliga,2026-05-22 10:28:50.625443
838,76,2,16,3,0,1,1,9,1,1,14,2,0,D,2.49,0.8271052631578947,F1_laliga,2026-05-22 10:28:50.625456
839,77,2,3,4,1,4,0,10,4,2,13,2,0,h,2.215526315789474,1.1007894736842105,F1_laliga,2026-05-22 10:28:50.625509
840,77,2,4,3,0,0,4,10,4,3,9,7,0,D,2.0500000000000003,0.758421052631579,F1_laliga,2026-05-22 10:28:50.625522
841,78,2,3,18,1,0,0,16,5,3,8,2,0,d,2.215526315789474,1.1007894736842105,F1_laliga,2026-05-22 10:28:50.625600
842,78,2,18,3,0,0,0,10,4,4,13,2,0,D,2.403421052631579,0.9710526315789473,F1_laliga,2026-05-22 10:28:50.625617
843,38,2,3,17,1,4,0,8,3,4,10,3,0,h,2.215526315789474,1.1007894736842105,F1_laliga,2026-05-22 10:28:50.625681
844,38,2,17,3,0,0,4,12,3,4,12,5,0,D,2.288684210526316,1.2347368421052631,F1_laliga,2026-05-22 10:28:50.625695
845,39,2,3,20,1,2,5,21,1,2,11,2,0,a,2.215526315789474,1.1007894736842105,F1_laliga,2026-05-22 10:28:50.625750
846,39,2,20,3,0,5,2,8,3,2,15,3,0,D,1.9792105263157893,1.3107894736842105,F1_laliga,2026-05-22 10:28:50.625763
847,40,2,3,2,1,3,1,11,6,7,13,3,0,h,2.215526315789474,1.1007894736842105,F1_laliga,2026-05-22 10:28:50.625817
848,40,2,2,3,0,1,3,8,4,5,17,1,0,D,1.785,0.9705263157894738,F1_laliga,2026-05-22 10:28:50.625830
849,41,2,3,19,1,0,0,16,5,1,14,3,0,d,2.215526315789474,1.1007894736842105,F1_laliga,2026-05-22 10:28:50.625884
850,41,2,19,3,0,0,0,5,4,2,15,3,0,D,1.8773684210526316,1.2973684210526315,F1_laliga,2026-05-22 10:28:50.625897
851,42,2,3,15,1,0,3,7,5,6,13,2,0,a,2.215526315789474,1.1007894736842105,F1_laliga,2026-05-22 10:28:50.625951
852,42,2,15,3,0,3,0,5,3,3,11,0,0,D,1.8847368421052633,1.259736842105263,F1_laliga,2026-05-22 10:28:50.625966
853,43,2,3,13,1,1,0,15,2,4,7,4,1,h,2.215526315789474,1.1007894736842105,F1_laliga,2026-05-22 10:28:50.626019
854,43,2,13,3,0,0,1,11,3,3,14,1,0,D,1.5421052631578949,1.4221052631578948,F1_laliga,2026-05-22 10:28:50.626032
855,44,2,3,6,1,1,1,12,4,8,11,0,0,d,2.215526315789474,1.1007894736842105,F1_laliga,2026-05-22 10:28:50.626085
856,44,2,6,3,0,1,1,6,5,1,11,1,0,D,1.5513157894736842,1.4252631578947368,F1_laliga,2026-05-22 10:28:50.626099
857,45,2,3,7,1,4,0,12,4,9,17,1,0,h,2.215526315789474,1.1007894736842105,F1_laliga,2026-05-22 10:28:50.626152
858,45,2,7,3,0,0,4,10,4,3,16,1,0,D,1.3276315789473685,1.3571052631578948,F1_laliga,2026-05-22 10:28:50.626166
859,46,2,3,14,1,2,1,12,3,7,10,3,0,h,2.215526315789474,1.1007894736842105,F1_laliga,2026-05-22 10:28:50.626219
860,46,2,14,3,0,1,2,9,1,6,12,1,0,D,1.4726315789473685,1.3428947368421054,F1_laliga,2026-05-22 10:28:50.626233
861,47,2,3,8,1,1,1,11,4,4,17,1,0,d,2.215526315789474,1.1007894736842105,F1_laliga,2026-05-22 10:28:50.626291
862,47,2,8,3,0,1,1,5,1,1,11,0,0,D,1.1410526315789473,1.6102631578947368,F1_laliga,2026-05-22 10:28:50.626307
863,48,2,3,12,1,1,1,13,7,4,8,1,0,h,2.215526315789474,1.1007894736842105,F1_laliga,2026-05-22 10:28:50.626368
864,48,2,12,3,0,1,1,9,8,1,12,3,0,D,1.541842105263158,1.4397368421052632,F1_laliga,2026-05-22 10:28:50.626382
865,49,2,3,1,1,2,0,17,3,6,8,1,0,h,2.215526315789474,1.1007894736842105,F1_laliga,2026-05-22 10:28:50.626437
866,49,2,1,3,0,0,2,13,4,8,13,1,0,D,1.5813157894736842,1.466578947368421,F1_laliga,2026-05-22 10:28:50.626450
867,50,2,3,5,1,2,0,20,9,3,16,3,0,h,2.215526315789474,1.1007894736842105,F1_laliga,2026-05-22 10:28:50.626503
868,50,2,5,3,0,0,2,7,3,2,6,3,0,D,1.1547368421052633,1.7807894736842105,F1_laliga,2026-05-22 10:28:50.626517
869,51,2,3,9,1,2,2,8,4,5,6,1,0,d,2.215526315789474,1.1007894736842105,F1_laliga,2026-05-22 10:28:50.626591
870,51,2,9,3,0,2,2,6,3,5,14,2,0,D,1.1368421052631579,1.5555263157894736,F1_laliga,2026-05-22 10:28:50.626606
871,52,2,3,10,1,1,0,13,7,1,8,0,0,h,2.215526315789474,1.1007894736842105,F1_laliga,2026-05-22 10:28:50.626670
872,52,2,10,3,0,0,1,6,2,1,10,2,0,D,1.0578947368421054,1.7786842105263159,F1_laliga,2026-05-22 10:28:50.626686
873,53,2,3,11,1,0,0,21,4,5,13,0,0,d,2.215526315789474,1.1007894736842105,F1_laliga,2026-05-22 10:28:50.626742
874,53,2,11,3,0,0,0,14,3,3,18,3,0,D,1.0910526315789475,2.1178947368421053,F1_laliga,2026-05-22 10:28:50.626756
875,54,2,18,16,1,3,1,15,3,3,10,2,0,h,2.403421052631579,0.9710526315789473,F1_laliga,2026-05-22 10:28:50.626811
876,54,2,16,18,0,1,3,14,4,6,13,0,0,D,2.49,0.8271052631578947,F1_laliga,2026-05-22 10:28:50.626825
877,55,2,18,4,1,1,1,14,4,8,8,2,0,d,2.403421052631579,0.9710526315789473,F1_laliga,2026-05-22 10:28:50.626879
878,55,2,4,18,0,1,1,8,8,3,10,4,0,D,2.0500000000000003,0.758421052631579,F1_laliga,2026-05-22 10:28:50.626893
879,56,2,18,3,1,0,0,10,5,4,9,2,0,d,2.403421052631579,0.9710526315789473,F1_laliga,2026-05-22 10:28:50.626945
880,56,2,3,18,0,0,0,10,5,4,13,1,0,D,2.215526315789474,1.1007894736842105,F1_laliga,2026-05-22 10:28:50.626958
881,57,2,18,17,1,1,3,16,3,7,9,2,0,a,2.403421052631579,0.9710526315789473,F1_laliga,2026-05-22 10:28:50.627010
882,57,2,17,18,0,3,1,5,4,9,11,3,0,D,2.288684210526316,1.2347368421052631,F1_laliga,2026-05-22 10:28:50.627025
883,58,2,18,20,1,1,1,13,5,5,11,3,0,d,2.403421052631579,0.9710526315789473,F1_laliga,2026-05-22 10:28:50.627077
884,58,2,20,18,0,1,1,6,3,5,9,2,0,D,1.9792105263157893,1.3107894736842105,F1_laliga,2026-05-22 10:28:50.627090
885,59,2,18,2,1,5,0,16,5,4,11,3,0,h,2.403421052631579,0.9710526315789473,F1_laliga,2026-05-22 10:28:50.627143
886,59,2,2,18,0,0,5,12,6,4,13,0,0,D,1.785,0.9705263157894738,F1_laliga,2026-05-22 10:28:50.627157
887,60,2,18,19,1,0,1,10,6,7,10,0,0,a,2.403421052631579,0.9710526315789473,F1_laliga,2026-05-22 10:28:50.627209
888,60,2,19,18,0,1,0,5,5,7,13,1,0,D,1.8773684210526316,1.2973684210526315,F1_laliga,2026-05-22 10:28:50.627223
889,61,2,18,15,1,4,1,10,8,9,8,0,0,h,2.403421052631579,0.9710526315789473,F1_laliga,2026-05-22 10:28:50.627280
890,61,2,15,18,0,1,4,11,6,5,13,2,0,D,1.8847368421052633,1.259736842105263,F1_laliga,2026-05-22 10:28:50.627294
891,62,2,18,13,1,1,2,21,7,13,9,1,0,h,2.403421052631579,0.9710526315789473,F1_laliga,2026-05-22 10:28:50.627353
892,62,2,13,18,0,2,1,10,3,6,10,1,0,D,1.5421052631578949,1.4221052631578948,F1_laliga,2026-05-22 10:28:50.627367
893,63,2,18,6,1,1,1,10,3,2,9,2,0,h,2.403421052631579,0.9710526315789473,F1_laliga,2026-05-22 10:28:50.627421
894,63,2,6,18,0,1,1,12,5,11,7,3,0,D,1.5513157894736842,1.4252631578947368,F1_laliga,2026-05-22 10:28:50.627435
895,64,2,18,7,1,1,1,12,5,1,16,2,0,h,2.403421052631579,0.9710526315789473,F1_laliga,2026-05-22 10:28:50.627526
896,64,2,7,18,0,1,1,8,8,5,17,0,0,D,1.3276315789473685,1.3571052631578948,F1_laliga,2026-05-22 10:28:50.627541
897,65,2,18,14,1,2,2,8,6,5,7,1,0,a,2.403421052631579,0.9710526315789473,F1_laliga,2026-05-22 10:28:50.627634
898,65,2,14,18,0,2,2,6,2,1,11,1,0,D,1.4726315789473685,1.3428947368421054,F1_laliga,2026-05-22 10:28:50.627649
899,66,2,18,8,1,0,0,13,1,5,14,1,0,d,2.403421052631579,0.9710526315789473,F1_laliga,2026-05-22 10:28:50.627710
900,66,2,8,18,0,0,0,8,3,2,11,0,0,D,1.1410526315789473,1.6102631578947368,F1_laliga,2026-05-22 10:28:50.627724
901,67,2,18,12,1,1,1,12,5,5,13,2,0,d,2.403421052631579,0.9710526315789473,F1_laliga,2026-05-22 10:28:50.627781
902,67,2,12,18,0,1,1,7,7,4,15,0,1,D,1.541842105263158,1.4397368421052632,F1_laliga,2026-05-22 10:28:50.627796
903,68,2,18,1,1,2,2,17,6,6,11,2,0,d,2.403421052631579,0.9710526315789473,F1_laliga,2026-05-22 10:28:50.627851
904,68,2,1,18,0,2,2,8,4,2,8,1,0,D,1.5813157894736842,1.466578947368421,F1_laliga,2026-05-22 10:28:50.627865
905,69,2,18,5,1,2,1,10,4,4,8,1,0,h,2.403421052631579,0.9710526315789473,F1_laliga,2026-05-22 10:28:50.627920
906,69,2,5,18,0,1,2,16,1,3,17,6,0,D,1.1547368421052633,1.7807894736842105,F1_laliga,2026-05-22 10:28:50.627933
907,70,2,18,9,1,0,0,10,5,5,16,2,0,a,2.403421052631579,0.9710526315789473,F1_laliga,2026-05-22 10:28:50.627987
908,70,2,9,18,0,0,0,7,4,7,9,1,0,D,1.1368421052631579,1.5555263157894736,F1_laliga,2026-05-22 10:28:50.628000
909,71,2,18,10,1,0,1,6,6,4,18,2,0,a,2.403421052631579,0.9710526315789473,F1_laliga,2026-05-22 10:28:50.628054
910,71,2,10,18,0,1,0,10,3,4,12,1,0,D,1.0578947368421054,1.7786842105263159,F1_laliga,2026-05-22 10:28:50.628068
911,72,2,18,11,1,1,4,8,3,4,6,3,0,a,2.403421052631579,0.9710526315789473,F1_laliga,2026-05-22 10:28:50.628122
912,72,2,11,18,0,4,1,11,5,7,13,0,0,D,1.0910526315789475,2.1178947368421053,F1_laliga,2026-05-22 10:28:50.628137
913,73,2,17,16,1,0,1,19,4,8,12,1,1,h,2.288684210526316,1.2347368421052631,F1_laliga,2026-05-22 10:28:50.628191
914,73,2,16,17,0,1,0,16,7,3,14,2,0,D,2.49,0.8271052631578947,F1_laliga,2026-05-22 10:28:50.628205
915,74,2,17,4,1,1,1,15,7,3,16,1,1,d,2.288684210526316,1.2347368421052631,F1_laliga,2026-05-22 10:28:50.628260
916,74,2,4,17,0,1,1,15,6,5,20,0,0,D,2.0500000000000003,0.758421052631579,F1_laliga,2026-05-22 10:28:50.628279
917,75,2,17,3,1,0,0,15,9,5,9,1,0,d,2.288684210526316,1.2347368421052631,F1_laliga,2026-05-22 10:28:50.628338
918,75,2,3,17,0,0,0,12,4,2,11,1,0,D,2.215526315789474,1.1007894736842105,F1_laliga,2026-05-22 10:28:50.628351
919,76,2,17,18,1,2,3,14,7,5,13,2,0,a,2.288684210526316,1.2347368421052631,F1_laliga,2026-05-22 10:28:50.628405
920,76,2,18,17,0,3,2,12,5,3,7,4,0,D,2.403421052631579,0.9710526315789473,F1_laliga,2026-05-22 10:28:50.628418
921,77,2,17,20,1,0,0,8,3,4,12,1,0,h,2.288684210526316,1.2347368421052631,F1_laliga,2026-05-22 10:28:50.628471
922,77,2,20,17,0,0,0,7,3,6,18,0,0,D,1.9792105263157893,1.3107894736842105,F1_laliga,2026-05-22 10:28:50.628485
923,78,2,17,2,1,0,0,9,8,7,11,3,0,h,2.288684210526316,1.2347368421052631,F1_laliga,2026-05-22 10:28:50.628540
924,78,2,2,17,0,0,0,6,4,5,11,2,0,D,1.785,0.9705263157894738,F1_laliga,2026-05-22 10:28:50.628573
925,38,2,17,19,1,3,1,8,6,4,14,4,0,h,2.288684210526316,1.2347368421052631,F1_laliga,2026-05-22 10:28:50.628640
926,38,2,19,17,0,1,3,13,3,5,12,2,0,D,1.8773684210526316,1.2973684210526315,F1_laliga,2026-05-22 10:28:50.628654
927,39,2,17,15,1,2,2,7,8,8,19,3,1,a,2.288684210526316,1.2347368421052631,F1_laliga,2026-05-22 10:28:50.628710
928,39,2,15,17,0,2,2,7,4,7,10,3,0,D,1.8847368421052633,1.259736842105263,F1_laliga,2026-05-22 10:28:50.628767
929,40,2,17,13,1,0,0,10,2,5,15,1,0,h,2.288684210526316,1.2347368421052631,F1_laliga,2026-05-22 10:28:50.628837
930,40,2,13,17,0,0,0,7,1,3,8,3,0,D,1.5421052631578949,1.4221052631578948,F1_laliga,2026-05-22 10:28:50.628851
931,41,2,17,6,1,3,0,6,5,7,12,2,0,h,2.288684210526316,1.2347368421052631,F1_laliga,2026-05-22 10:28:50.628908
932,41,2,6,17,0,0,3,10,1,7,10,1,0,D,1.5513157894736842,1.4252631578947368,F1_laliga,2026-05-22 10:28:50.628924
933,42,2,17,7,1,0,0,21,8,5,9,1,0,d,2.288684210526316,1.2347368421052631,F1_laliga,2026-05-22 10:28:50.628980
934,42,2,7,17,0,0,0,11,4,6,9,2,0,D,1.3276315789473685,1.3571052631578948,F1_laliga,2026-05-22 10:28:50.628993
935,43,2,17,14,1,0,0,18,2,6,19,4,0,a,2.288684210526316,1.2347368421052631,F1_laliga,2026-05-22 10:28:50.629047
936,43,2,14,17,0,0,0,8,2,2,7,1,0,D,1.4726315789473685,1.3428947368421054,F1_laliga,2026-05-22 10:28:50.629061
937,44,2,17,8,1,1,1,17,2,6,10,1,0,h,2.288684210526316,1.2347368421052631,F1_laliga,2026-05-22 10:28:50.629115
938,44,2,8,17,0,1,1,10,3,4,5,1,0,D,1.1410526315789473,1.6102631578947368,F1_laliga,2026-05-22 10:28:50.629129
939,45,2,17,12,1,0,1,11,6,2,15,2,0,a,2.288684210526316,1.2347368421052631,F1_laliga,2026-05-22 10:28:50.629182
940,45,2,12,17,0,1,0,6,4,5,12,0,0,D,1.541842105263158,1.4397368421052632,F1_laliga,2026-05-22 10:28:50.629196
941,46,2,17,1,1,3,0,11,8,3,10,2,0,h,2.288684210526316,1.2347368421052631,F1_laliga,2026-05-22 10:28:50.629249
942,46,2,1,17,0,0,3,7,7,3,21,3,0,D,1.5813157894736842,1.466578947368421,F1_laliga,2026-05-22 10:28:50.629264
943,47,2,17,5,1,3,3,12,4,5,12,2,0,d,2.288684210526316,1.2347368421052631,F1_laliga,2026-05-22 10:28:50.629327
944,47,2,5,17,0,3,3,8,5,8,7,3,0,D,1.1547368421052633,1.7807894736842105,F1_laliga,2026-05-22 10:28:50.629341
945,48,2,17,9,1,1,0,10,3,6,9,3,0,h,2.288684210526316,1.2347368421052631,F1_laliga,2026-05-22 10:28:50.629397
946,48,2,9,17,0,0,1,12,6,2,15,3,0,D,1.1368421052631579,1.5555263157894736,F1_laliga,2026-05-22 10:28:50.629411
947,49,2,17,10,1,2,1,18,1,4,16,1,0,a,2.288684210526316,1.2347368421052631,F1_laliga,2026-05-22 10:28:50.629464
948,49,2,10,17,0,1,2,8,6,4,19,2,0,D,1.0578947368421054,1.7786842105263159,F1_laliga,2026-05-22 10:28:50.629477
949,50,2,17,11,1,4,2,6,5,6,10,2,0,h,2.288684210526316,1.2347368421052631,F1_laliga,2026-05-22 10:28:50.629530
950,50,2,11,17,0,2,4,5,5,5,8,1,0,D,1.0910526315789475,2.1178947368421053,F1_laliga,2026-05-22 10:28:50.629544
951,51,2,20,16,1,2,0,19,4,2,9,2,0,h,1.9792105263157893,1.3107894736842105,F1_laliga,2026-05-22 10:28:50.629631
952,51,2,16,20,0,0,2,8,8,6,8,3,0,D,2.49,0.8271052631578947,F1_laliga,2026-05-22 10:28:50.629647
953,52,2,20,4,1,0,3,15,5,5,15,1,0,a,1.9792105263157893,1.3107894736842105,F1_laliga,2026-05-22 10:28:50.629708
954,52,2,4,20,0,3,0,12,5,7,9,3,0,D,2.0500000000000003,0.758421052631579,F1_laliga,2026-05-22 10:28:50.629721
955,53,2,20,3,1,2,1,11,6,6,12,2,0,a,1.9792105263157893,1.3107894736842105,F1_laliga,2026-05-22 10:28:50.629778
956,53,2,3,20,0,1,2,12,3,5,12,3,0,D,2.215526315789474,1.1007894736842105,F1_laliga,2026-05-22 10:28:50.629792
957,54,2,20,18,1,0,2,16,1,6,8,4,0,a,1.9792105263157893,1.3107894736842105,F1_laliga,2026-05-22 10:28:50.629846
958,54,2,18,20,0,2,0,13,4,1,10,0,0,D,2.403421052631579,0.9710526315789473,F1_laliga,2026-05-22 10:28:50.629860
959,55,2,20,17,1,0,2,11,6,5,11,3,1,a,1.9792105263157893,1.3107894736842105,F1_laliga,2026-05-22 10:28:50.629914
960,55,2,17,20,0,2,0,15,1,4,20,3,0,D,2.288684210526316,1.2347368421052631,F1_laliga,2026-05-22 10:28:50.629928
961,56,2,20,2,1,4,1,13,2,4,16,1,0,h,1.9792105263157893,1.3107894736842105,F1_laliga,2026-05-22 10:28:50.629982
962,56,2,2,20,0,1,4,13,6,8,14,4,0,D,1.785,0.9705263157894738,F1_laliga,2026-05-22 10:28:50.629997
963,57,2,20,19,1,3,0,13,5,10,9,2,0,h,1.9792105263157893,1.3107894736842105,F1_laliga,2026-05-22 10:28:50.630051
964,57,2,19,20,0,0,3,9,6,4,12,0,0,D,1.8773684210526316,1.2973684210526315,F1_laliga,2026-05-22 10:28:50.630064
965,58,2,20,15,1,1,1,9,6,7,15,3,0,d,1.9792105263157893,1.3107894736842105,F1_laliga,2026-05-22 10:28:50.630118
966,58,2,15,20,0,1,1,18,1,3,16,2,0,D,1.8847368421052633,1.259736842105263,F1_laliga,2026-05-22 10:28:50.630131
967,59,2,20,13,1,0,1,17,5,4,11,2,0,h,1.9792105263157893,1.3107894736842105,F1_laliga,2026-05-22 10:28:50.630186
968,59,2,13,20,0,1,0,12,2,4,14,1,0,D,1.5421052631578949,1.4221052631578948,F1_laliga,2026-05-22 10:28:50.630199
969,60,2,20,6,1,2,2,9,6,2,11,2,0,a,1.9792105263157893,1.3107894736842105,F1_laliga,2026-05-22 10:28:50.630251
970,60,2,6,20,0,2,2,16,1,7,11,3,0,D,1.5513157894736842,1.4252631578947368,F1_laliga,2026-05-22 10:28:50.630265
971,61,2,20,7,1,1,1,12,5,4,14,0,0,h,1.9792105263157893,1.3107894736842105,F1_laliga,2026-05-22 10:28:50.630327
972,61,2,7,20,0,1,1,10,2,3,15,4,0,D,1.3276315789473685,1.3571052631578948,F1_laliga,2026-05-22 10:28:50.630342
973,62,2,20,14,1,2,2,13,2,3,9,3,1,d,1.9792105263157893,1.3107894736842105,F1_laliga,2026-05-22 10:28:50.630397
974,62,2,14,20,0,2,2,7,6,4,12,1,0,D,1.4726315789473685,1.3428947368421054,F1_laliga,2026-05-22 10:28:50.630411
975,63,2,20,8,1,0,2,19,4,4,9,1,0,h,1.9792105263157893,1.3107894736842105,F1_laliga,2026-05-22 10:28:50.630462
976,63,2,8,20,0,2,0,15,4,2,10,3,0,D,1.1410526315789473,1.6102631578947368,F1_laliga,2026-05-22 10:28:50.630476
977,64,2,20,12,1,2,2,13,3,7,9,3,0,d,1.9792105263157893,1.3107894736842105,F1_laliga,2026-05-22 10:28:50.630529
978,64,2,12,20,0,2,2,13,5,5,11,0,0,D,1.541842105263158,1.4397368421052632,F1_laliga,2026-05-22 10:28:50.630542
979,65,2,20,1,1,0,0,15,8,9,12,2,0,d,1.9792105263157893,1.3107894736842105,F1_laliga,2026-05-22 10:28:50.630645
980,65,2,1,20,0,0,0,10,2,1,5,3,0,D,1.5813157894736842,1.466578947368421,F1_laliga,2026-05-22 10:28:50.630660
981,66,2,20,5,1,2,2,10,3,1,11,2,0,h,1.9792105263157893,1.3107894736842105,F1_laliga,2026-05-22 10:28:50.630722
982,66,2,5,20,0,2,2,8,6,7,8,0,0,D,1.1547368421052633,1.7807894736842105,F1_laliga,2026-05-22 10:28:50.630739
983,67,2,20,9,1,0,0,14,4,6,8,1,0,h,1.9792105263157893,1.3107894736842105,F1_laliga,2026-05-22 10:28:50.630796
984,67,2,9,20,0,0,0,10,2,2,13,2,0,D,1.1368421052631579,1.5555263157894736,F1_laliga,2026-05-22 10:28:50.630810
985,68,2,20,10,1,1,0,12,8,3,16,1,0,h,1.9792105263157893,1.3107894736842105,F1_laliga,2026-05-22 10:28:50.630864
986,68,2,10,20,0,0,1,12,2,3,2,3,1,D,1.0578947368421054,1.7786842105263159,F1_laliga,2026-05-22 10:28:50.630878
987,69,2,20,11,1,0,0,11,4,5,8,2,0,h,1.9792105263157893,1.3107894736842105,F1_laliga,2026-05-22 10:28:50.630931
988,69,2,11,20,0,0,0,11,3,6,16,1,0,D,1.0910526315789475,2.1178947368421053,F1_laliga,2026-05-22 10:28:50.630944
989,70,2,2,16,1,3,0,15,10,5,14,1,0,a,1.785,0.9705263157894738,F1_laliga,2026-05-22 10:28:50.630997
990,70,2,16,2,0,0,3,8,2,1,16,2,0,D,2.49,0.8271052631578947,F1_laliga,2026-05-22 10:28:50.631010
991,71,2,2,4,1,3,3,10,2,3,9,0,0,d,1.785,0.9705263157894738,F1_laliga,2026-05-22 10:28:50.631062
992,71,2,4,2,0,3,3,13,5,5,8,2,0,D,2.0500000000000003,0.758421052631579,F1_laliga,2026-05-22 10:28:50.631078
993,72,2,2,3,1,2,2,11,4,6,13,3,0,d,1.785,0.9705263157894738,F1_laliga,2026-05-22 10:28:50.631130
994,72,2,3,2,0,2,2,16,1,4,9,1,0,D,2.215526315789474,1.1007894736842105,F1_laliga,2026-05-22 10:28:50.631144
995,73,2,2,18,1,1,1,12,6,5,17,2,0,d,1.785,0.9705263157894738,F1_laliga,2026-05-22 10:28:50.631195
996,73,2,18,2,0,1,1,10,1,3,15,1,0,D,2.403421052631579,0.9710526315789473,F1_laliga,2026-05-22 10:28:50.631209
997,74,2,2,17,1,1,1,10,8,6,11,2,0,d,1.785,0.9705263157894738,F1_laliga,2026-05-22 10:28:50.631261
998,74,2,17,2,0,1,1,17,6,2,6,3,0,D,2.288684210526316,1.2347368421052631,F1_laliga,2026-05-22 10:28:50.631280
999,75,2,2,20,1,2,2,12,4,5,8,2,0,d,1.785,0.9705263157894738,F1_laliga,2026-05-22 10:28:50.631340
1000,75,2,20,2,0,2,2,6,3,5,7,1,0,D,1.9792105263157893,1.3107894736842105,F1_laliga,2026-05-22 10:28:50.631353
1001,76,2,2,19,1,1,0,9,4,6,15,2,0,h,1.785,0.9705263157894738,F1_laliga,2026-05-22 10:28:50.631408
1002,76,2,19,2,0,0,1,7,2,8,9,0,0,D,1.8773684210526316,1.2973684210526315,F1_laliga,2026-05-22 10:28:50.631423
1003,77,2,2,15,1,1,1,17,8,5,15,0,0,a,1.785,0.9705263157894738,F1_laliga,2026-05-22 10:28:50.631511
1004,77,2,15,2,0,1,1,10,2,5,18,3,0,D,1.8847368421052633,1.259736842105263,F1_laliga,2026-05-22 10:28:50.631525
1005,78,2,2,13,1,1,1,16,6,2,15,0,0,h,1.785,0.9705263157894738,F1_laliga,2026-05-22 10:28:50.631627
1006,78,2,13,2,0,1,1,10,6,5,10,2,0,D,1.5421052631578949,1.4221052631578948,F1_laliga,2026-05-22 10:28:50.631642
1007,38,2,2,6,1,0,0,9,5,2,14,2,0,d,1.785,0.9705263157894738,F1_laliga,2026-05-22 10:28:50.631703
1008,38,2,6,2,0,0,0,6,4,4,11,1,0,D,1.5513157894736842,1.4252631578947368,F1_laliga,2026-05-22 10:28:50.631717
1009,39,2,2,7,1,2,3,17,5,5,8,1,0,h,1.785,0.9705263157894738,F1_laliga,2026-05-22 10:28:50.631773
1010,39,2,7,2,0,3,2,4,2,3,6,3,0,D,1.3276315789473685,1.3571052631578948,F1_laliga,2026-05-22 10:28:50.631786
1011,40,2,2,14,1,4,4,12,6,4,20,2,0,d,1.785,0.9705263157894738,F1_laliga,2026-05-22 10:28:50.631892
1012,40,2,14,2,0,4,4,8,6,7,13,1,0,D,1.4726315789473685,1.3428947368421054,F1_laliga,2026-05-22 10:28:50.631909
1013,41,2,2,8,1,3,1,21,2,6,12,3,0,h,1.785,0.9705263157894738,F1_laliga,2026-05-22 10:28:50.631968
1014,41,2,8,2,0,1,3,10,5,3,12,1,0,D,1.1410526315789473,1.6102631578947368,F1_laliga,2026-05-22 10:28:50.631982
1015,42,2,2,12,1,1,1,10,4,5,7,3,0,a,1.785,0.9705263157894738,F1_laliga,2026-05-22 10:28:50.632037
1016,42,2,12,2,0,1,1,17,6,0,10,1,0,D,1.541842105263158,1.4397368421052632,F1_laliga,2026-05-22 10:28:50.632051
1017,43,2,2,1,1,1,2,16,4,8,10,2,0,h,1.785,0.9705263157894738,F1_laliga,2026-05-22 10:28:50.632108
1018,43,2,1,2,0,2,1,10,7,5,9,0,0,D,1.5813157894736842,1.466578947368421,F1_laliga,2026-05-22 10:28:50.632122
1019,44,2,2,5,1,1,0,21,2,5,13,0,0,h,1.785,0.9705263157894738,F1_laliga,2026-05-22 10:28:50.632177
1020,44,2,5,2,0,0,1,13,7,1,13,3,0,D,1.1547368421052633,1.7807894736842105,F1_laliga,2026-05-22 10:28:50.632190
1021,45,2,2,9,1,1,0,14,9,6,11,2,0,h,1.785,0.9705263157894738,F1_laliga,2026-05-22 10:28:50.632243
1022,45,2,9,2,0,0,1,17,5,2,8,3,0,D,1.1368421052631579,1.5555263157894736,F1_laliga,2026-05-22 10:28:50.632259
1023,46,2,2,10,1,2,0,10,5,3,14,1,0,h,1.785,0.9705263157894738,F1_laliga,2026-05-22 10:28:50.632323
1024,46,2,10,2,0,0,2,15,5,2,14,2,1,D,1.0578947368421054,1.7786842105263159,F1_laliga,2026-05-22 10:28:50.632337
1025,47,2,2,11,1,1,0,8,4,4,5,0,0,h,1.785,0.9705263157894738,F1_laliga,2026-05-22 10:28:50.632394
1026,47,2,11,2,0,0,1,4,3,2,13,3,0,D,1.0910526315789475,2.1178947368421053,F1_laliga,2026-05-22 10:28:50.632407
1027,48,2,19,16,1,1,2,13,5,4,8,1,0,a,1.8773684210526316,1.2973684210526315,F1_laliga,2026-05-22 10:28:50.632462
1028,48,2,16,19,0,2,1,8,7,4,14,4,0,D,2.49,0.8271052631578947,F1_laliga,2026-05-22 10:28:50.632475
1029,49,2,19,4,1,2,3,16,4,9,13,4,0,a,1.8773684210526316,1.2973684210526315,F1_laliga,2026-05-22 10:28:50.632528
1030,49,2,4,19,0,3,2,6,5,7,15,2,0,D,2.0500000000000003,0.758421052631579,F1_laliga,2026-05-22 10:28:50.632541
1031,50,2,19,3,1,3,2,15,9,6,13,3,0,h,1.8773684210526316,1.2973684210526315,F1_laliga,2026-05-22 10:28:50.632627
1032,50,2,3,19,0,2,3,8,4,5,9,1,0,D,2.215526315789474,1.1007894736842105,F1_laliga,2026-05-22 10:28:50.632644
1033,51,2,19,18,1,1,1,10,9,4,9,7,0,h,1.8773684210526316,1.2973684210526315,F1_laliga,2026-05-22 10:28:50.632706
1034,51,2,18,19,0,1,1,10,4,5,15,2,0,D,2.403421052631579,0.9710526315789473,F1_laliga,2026-05-22 10:28:50.632720
1035,52,2,19,17,1,3,3,12,4,3,6,3,0,d,1.8773684210526316,1.2973684210526315,F1_laliga,2026-05-22 10:28:50.632776
1036,52,2,17,19,0,3,3,9,0,4,15,4,0,D,2.288684210526316,1.2347368421052631,F1_laliga,2026-05-22 10:28:50.632790
1037,53,2,19,20,1,0,0,14,3,6,7,1,1,h,1.8773684210526316,1.2973684210526315,F1_laliga,2026-05-22 10:28:50.632844
1038,53,2,20,19,0,0,0,11,5,5,11,1,0,D,1.9792105263157893,1.3107894736842105,F1_laliga,2026-05-22 10:28:50.632857
1039,54,2,19,2,1,1,0,11,4,1,8,1,1,h,1.8773684210526316,1.2973684210526315,F1_laliga,2026-05-22 10:28:50.632911
1040,54,2,2,19,0,0,1,15,5,4,11,5,0,D,1.785,0.9705263157894738,F1_laliga,2026-05-22 10:28:50.632924
1041,55,2,19,15,1,1,2,14,3,6,13,4,0,a,1.8773684210526316,1.2973684210526315,F1_laliga,2026-05-22 10:28:50.632977
1042,55,2,15,19,0,2,1,8,4,4,10,3,0,D,1.8847368421052633,1.259736842105263,F1_laliga,2026-05-22 10:28:50.632993
1043,56,2,19,13,1,0,3,11,4,3,8,6,0,a,1.8773684210526316,1.2973684210526315,F1_laliga,2026-05-22 10:28:50.633047
1044,56,2,13,19,0,3,0,10,4,4,10,2,0,D,1.5421052631578949,1.4221052631578948,F1_laliga,2026-05-22 10:28:50.633063
1045,57,2,19,6,1,0,2,12,7,5,18,2,0,a,1.8773684210526316,1.2973684210526315,F1_laliga,2026-05-22 10:28:50.633140
1046,57,2,6,19,0,2,0,12,4,3,7,0,0,D,1.5513157894736842,1.4252631578947368,F1_laliga,2026-05-22 10:28:50.633154
1047,58,2,19,7,1,1,1,15,7,5,12,0,0,h,1.8773684210526316,1.2973684210526315,F1_laliga,2026-05-22 10:28:50.633219
1048,58,2,7,19,0,1,1,12,3,3,13,1,0,D,1.3276315789473685,1.3571052631578948,F1_laliga,2026-05-22 10:28:50.633233
1049,59,2,19,14,1,1,0,7,1,10,12,1,0,h,1.8773684210526316,1.2973684210526315,F1_laliga,2026-05-22 10:28:50.633294
1050,59,2,14,19,0,0,1,8,5,3,17,1,0,D,1.4726315789473685,1.3428947368421054,F1_laliga,2026-05-22 10:28:50.633309
1051,60,2,19,8,1,1,1,15,4,4,11,4,0,h,1.8773684210526316,1.2973684210526315,F1_laliga,2026-05-22 10:28:50.633368
1052,60,2,8,19,0,1,1,13,4,6,12,5,0,D,1.1410526315789473,1.6102631578947368,F1_laliga,2026-05-22 10:28:50.633383
1053,61,2,19,12,1,4,0,13,7,8,12,1,0,h,1.8773684210526316,1.2973684210526315,F1_laliga,2026-05-22 10:28:50.633438
1054,61,2,12,19,0,0,4,8,7,3,12,0,0,D,1.541842105263158,1.4397368421052632,F1_laliga,2026-05-22 10:28:50.633452
1055,62,2,19,1,1,1,0,12,6,3,13,0,0,h,1.8773684210526316,1.2973684210526315,F1_laliga,2026-05-22 10:28:50.633506
1056,62,2,1,19,0,0,1,9,1,3,12,1,0,D,1.5813157894736842,1.466578947368421,F1_laliga,2026-05-22 10:28:50.633520
1057,63,2,19,5,1,4,0,14,8,4,11,4,0,h,1.8773684210526316,1.2973684210526315,F1_laliga,2026-05-22 10:28:50.633601
1058,63,2,5,19,0,0,4,4,1,6,9,0,0,D,1.1547368421052633,1.7807894736842105,F1_laliga,2026-05-22 10:28:50.633616
1059,64,2,19,9,1,0,0,13,2,7,12,2,0,h,1.8773684210526316,1.2973684210526315,F1_laliga,2026-05-22 10:28:50.633681
1060,64,2,9,19,0,0,0,13,2,5,11,1,0,D,1.1368421052631579,1.5555263157894736,F1_laliga,2026-05-22 10:28:50.633695
1061,65,2,19,10,1,0,0,16,2,3,12,0,0,d,1.8773684210526316,1.2973684210526315,F1_laliga,2026-05-22 10:28:50.633752
1062,65,2,10,19,0,0,0,7,0,1,12,1,0,D,1.0578947368421054,1.7786842105263159,F1_laliga,2026-05-22 10:28:50.633769
1063,66,2,19,11,1,0,4,13,5,3,11,3,0,a,1.8773684210526316,1.2973684210526315,F1_laliga,2026-05-22 10:28:50.633826
1064,66,2,11,19,0,4,0,7,5,2,14,3,0,D,1.0910526315789475,2.1178947368421053,F1_laliga,2026-05-22 10:28:50.633840
1065,67,2,15,16,1,1,1,21,5,3,10,4,0,a,1.8847368421052633,1.259736842105263,F1_laliga,2026-05-22 10:28:50.633894
1066,67,2,16,15,0,1,1,11,2,6,19,2,0,D,2.49,0.8271052631578947,F1_laliga,2026-05-22 10:28:50.633907
1067,68,2,15,4,1,1,1,12,9,4,8,3,0,h,1.8847368421052633,1.259736842105263,F1_laliga,2026-05-22 10:28:50.633964
1068,68,2,4,15,0,1,1,10,3,4,11,0,0,D,2.0500000000000003,0.758421052631579,F1_laliga,2026-05-22 10:28:50.633978
1069,69,2,15,3,1,0,1,12,7,4,10,0,0,a,1.8847368421052633,1.259736842105263,F1_laliga,2026-05-22 10:28:50.634032
1070,69,2,3,15,0,1,0,14,1,4,13,1,0,D,2.215526315789474,1.1007894736842105,F1_laliga,2026-05-22 10:28:50.634045
1071,70,2,15,18,1,3,2,12,9,7,12,2,0,h,1.8847368421052633,1.259736842105263,F1_laliga,2026-05-22 10:28:50.634099
1072,70,2,18,15,0,2,3,7,3,7,17,4,0,D,2.403421052631579,0.9710526315789473,F1_laliga,2026-05-22 10:28:50.634114
1073,71,2,15,17,1,0,0,14,3,4,12,3,0,d,1.8847368421052633,1.259736842105263,F1_laliga,2026-05-22 10:28:50.634168
1074,71,2,17,15,0,0,0,8,3,1,11,1,0,D,2.288684210526316,1.2347368421052631,F1_laliga,2026-05-22 10:28:50.634182
1075,72,2,15,20,1,1,1,12,5,4,11,4,0,d,1.8847368421052633,1.259736842105263,F1_laliga,2026-05-22 10:28:50.634234
1076,72,2,20,15,0,1,1,13,4,1,15,4,0,D,1.9792105263157893,1.3107894736842105,F1_laliga,2026-05-22 10:28:50.634247
1077,73,2,15,2,1,1,2,8,7,4,11,2,0,h,1.8847368421052633,1.259736842105263,F1_laliga,2026-05-22 10:28:50.634308
1078,73,2,2,15,0,2,1,8,6,2,10,0,0,D,1.785,0.9705263157894738,F1_laliga,2026-05-22 10:28:50.634322
1079,74,2,15,19,1,2,2,10,9,3,14,0,0,d,1.8847368421052633,1.259736842105263,F1_laliga,2026-05-22 10:28:50.634379
1080,74,2,19,15,0,2,2,5,4,5,9,2,0,D,1.8773684210526316,1.2973684210526315,F1_laliga,2026-05-22 10:28:50.634393
1081,75,2,15,13,1,4,3,9,2,7,8,0,0,h,1.8847368421052633,1.259736842105263,F1_laliga,2026-05-22 10:28:50.634445
1082,75,2,13,15,0,3,4,11,1,2,13,2,0,D,1.5421052631578949,1.4221052631578948,F1_laliga,2026-05-22 10:28:50.634461
1083,76,2,15,6,1,3,1,17,5,7,13,0,0,h,1.8847368421052633,1.259736842105263,F1_laliga,2026-05-22 10:28:50.634514
1084,76,2,6,15,0,1,3,4,3,6,12,0,0,D,1.5513157894736842,1.4252631578947368,F1_laliga,2026-05-22 10:28:50.634528
1085,77,2,15,7,1,3,1,12,5,8,7,2,0,h,1.8847368421052633,1.259736842105263,F1_laliga,2026-05-22 10:28:50.634607
1086,77,2,7,15,0,1,3,11,6,3,12,1,0,D,1.3276315789473685,1.3571052631578948,F1_laliga,2026-05-22 10:28:50.634622
1087,78,2,15,14,1,2,2,18,7,4,15,2,0,d,1.8847368421052633,1.259736842105263,F1_laliga,2026-05-22 10:28:50.634687
1088,78,2,14,15,0,2,2,11,2,4,12,2,0,D,1.4726315789473685,1.3428947368421054,F1_laliga,2026-05-22 10:28:50.634701
1089,38,2,15,8,1,1,1,21,3,8,14,2,0,d,1.8847368421052633,1.259736842105263,F1_laliga,2026-05-22 10:28:50.634756
1090,38,2,8,15,0,1,1,5,3,0,10,1,0,D,1.1410526315789473,1.6102631578947368,F1_laliga,2026-05-22 10:28:50.634770
1091,39,2,15,12,1,2,0,17,8,6,12,3,0,h,1.8847368421052633,1.259736842105263,F1_laliga,2026-05-22 10:28:50.634826
1092,39,2,12,15,0,0,2,5,2,2,15,2,0,D,1.541842105263158,1.4397368421052632,F1_laliga,2026-05-22 10:28:50.634841
1093,40,2,15,1,1,0,0,16,10,8,11,0,0,h,1.8847368421052633,1.259736842105263,F1_laliga,2026-05-22 10:28:50.634943
1094,40,2,1,15,0,0,0,6,3,7,11,4,1,D,1.5813157894736842,1.466578947368421,F1_laliga,2026-05-22 10:28:50.634958
1095,41,2,15,5,1,2,0,14,2,6,18,2,0,h,1.8847368421052633,1.259736842105263,F1_laliga,2026-05-22 10:28:50.635022
1096,41,2,5,15,0,0,2,10,8,7,7,1,0,D,1.1547368421052633,1.7807894736842105,F1_laliga,2026-05-22 10:28:50.635036
1097,42,2,15,9,1,2,0,15,2,7,13,1,0,h,1.8847368421052633,1.259736842105263,F1_laliga,2026-05-22 10:28:50.635090
1098,42,2,9,15,0,0,2,14,3,4,8,0,0,D,1.1368421052631579,1.5555263157894736,F1_laliga,2026-05-22 10:28:50.635104
1099,43,2,15,10,1,3,1,11,5,5,15,2,0,h,1.8847368421052633,1.259736842105263,F1_laliga,2026-05-22 10:28:50.635157
1100,43,2,10,15,0,1,3,10,8,1,13,4,0,D,1.0578947368421054,1.7786842105263159,F1_laliga,2026-05-22 10:28:50.635171
1101,44,2,15,11,1,0,1,14,7,4,15,2,0,a,1.8847368421052633,1.259736842105263,F1_laliga,2026-05-22 10:28:50.635224
1102,44,2,11,15,0,1,0,14,7,0,10,1,0,D,1.0910526315789475,2.1178947368421053,F1_laliga,2026-05-22 10:28:50.635240
1103,45,2,13,16,1,3,0,18,7,5,13,1,0,h,1.5421052631578949,1.4221052631578948,F1_laliga,2026-05-22 10:28:50.635302
1104,45,2,16,13,0,0,3,9,3,5,10,5,0,D,2.49,0.8271052631578947,F1_laliga,2026-05-22 10:28:50.635316
1105,46,2,13,4,1,4,0,10,3,7,13,3,0,a,1.5421052631578949,1.4221052631578948,F1_laliga,2026-05-22 10:28:50.635375
1106,46,2,4,13,0,0,4,5,4,4,10,0,0,D,2.0500000000000003,0.758421052631579,F1_laliga,2026-05-22 10:28:50.635388
1107,47,2,13,3,1,1,0,18,3,7,13,4,0,h,1.5421052631578949,1.4221052631578948,F1_laliga,2026-05-22 10:28:50.635463
1108,47,2,3,13,0,0,1,8,6,5,9,3,0,D,2.215526315789474,1.1007894736842105,F1_laliga,2026-05-22 10:28:50.635488
1109,48,2,13,18,1,0,1,14,3,3,9,3,0,a,1.5421052631578949,1.4221052631578948,F1_laliga,2026-05-22 10:28:50.635577
1110,48,2,18,13,0,1,0,10,3,2,12,2,0,D,2.403421052631579,0.9710526315789473,F1_laliga,2026-05-22 10:28:50.635594
1111,49,2,13,17,1,3,1,14,4,7,14,1,0,h,1.5421052631578949,1.4221052631578948,F1_laliga,2026-05-22 10:28:50.635661
1112,49,2,17,13,0,1,3,7,6,5,13,2,0,D,2.288684210526316,1.2347368421052631,F1_laliga,2026-05-22 10:28:50.635676
1113,50,2,13,20,1,3,2,18,3,1,6,1,0,a,1.5421052631578949,1.4221052631578948,F1_laliga,2026-05-22 10:28:50.635733
1114,50,2,20,13,0,2,3,7,6,10,12,1,0,D,1.9792105263157893,1.3107894736842105,F1_laliga,2026-05-22 10:28:50.635747
1115,51,2,13,2,1,1,0,9,5,6,4,1,0,h,1.5421052631578949,1.4221052631578948,F1_laliga,2026-05-22 10:28:50.635803
1116,51,2,2,13,0,0,1,6,6,6,11,4,0,D,1.785,0.9705263157894738,F1_laliga,2026-05-22 10:28:50.635816
1117,52,2,13,19,1,1,1,8,6,11,12,2,0,d,1.5421052631578949,1.4221052631578948,F1_laliga,2026-05-22 10:28:50.635872
1118,52,2,19,13,0,1,1,7,1,1,5,1,1,D,1.8773684210526316,1.2973684210526315,F1_laliga,2026-05-22 10:28:50.635885
1119,53,2,13,15,1,3,0,13,3,10,15,5,0,h,1.5421052631578949,1.4221052631578948,F1_laliga,2026-05-22 10:28:50.635942
1120,53,2,15,13,0,0,3,16,2,3,6,2,0,D,1.8847368421052633,1.259736842105263,F1_laliga,2026-05-22 10:28:50.635955
1121,54,2,13,6,1,0,0,16,4,5,8,1,0,d,1.5421052631578949,1.4221052631578948,F1_laliga,2026-05-22 10:28:50.636009
1122,54,2,6,13,0,0,0,11,6,7,14,1,0,D,1.5513157894736842,1.4252631578947368,F1_laliga,2026-05-22 10:28:50.636024
1123,55,2,13,7,1,4,0,18,7,2,8,1,0,h,1.5421052631578949,1.4221052631578948,F1_laliga,2026-05-22 10:28:50.636079
1124,55,2,7,13,0,0,4,9,7,4,8,1,0,D,1.3276315789473685,1.3571052631578948,F1_laliga,2026-05-22 10:28:50.636093
1125,56,2,13,14,1,1,1,7,2,3,14,1,0,h,1.5421052631578949,1.4221052631578948,F1_laliga,2026-05-22 10:28:50.636148
1126,56,2,14,13,0,1,1,7,3,1,15,2,0,D,1.4726315789473685,1.3428947368421054,F1_laliga,2026-05-22 10:28:50.636161
1127,57,2,13,8,1,2,0,21,8,2,10,2,0,h,1.5421052631578949,1.4221052631578948,F1_laliga,2026-05-22 10:28:50.636215
1128,57,2,8,13,0,0,2,7,3,4,9,5,0,D,1.1410526315789473,1.6102631578947368,F1_laliga,2026-05-22 10:28:50.636229
1129,58,2,13,12,1,2,3,12,4,5,7,4,0,a,1.5421052631578949,1.4221052631578948,F1_laliga,2026-05-22 10:28:50.636289
1130,58,2,12,13,0,3,2,7,0,4,16,2,0,D,1.541842105263158,1.4397368421052632,F1_laliga,2026-05-22 10:28:50.636303
1131,59,2,13,1,1,1,0,17,5,3,11,1,0,h,1.5421052631578949,1.4221052631578948,F1_laliga,2026-05-22 10:28:50.636363
1132,59,2,1,13,0,0,1,10,2,1,14,1,0,D,1.5813157894736842,1.466578947368421,F1_laliga,2026-05-22 10:28:50.636378
1133,60,2,13,5,1,0,0,16,10,2,10,3,0,d,1.5421052631578949,1.4221052631578948,F1_laliga,2026-05-22 10:28:50.636432
1134,60,2,5,13,0,0,0,9,2,2,10,1,1,D,1.1547368421052633,1.7807894736842105,F1_laliga,2026-05-22 10:28:50.636446
1135,61,2,13,9,1,0,0,9,5,8,14,4,0,h,1.5421052631578949,1.4221052631578948,F1_laliga,2026-05-22 10:28:50.636499
1136,61,2,9,13,0,0,0,6,4,1,13,0,0,D,1.1368421052631579,1.5555263157894736,F1_laliga,2026-05-22 10:28:50.636513
1137,62,2,13,10,1,2,0,12,4,4,12,1,0,h,1.5421052631578949,1.4221052631578948,F1_laliga,2026-05-22 10:28:50.636587
1138,62,2,10,13,0,0,2,10,4,3,17,5,0,D,1.0578947368421054,1.7786842105263159,F1_laliga,2026-05-22 10:28:50.636601
1139,63,2,13,11,1,1,0,16,4,5,9,1,0,h,1.5421052631578949,1.4221052631578948,F1_laliga,2026-05-22 10:28:50.636666
1140,63,2,11,13,0,0,1,8,6,7,11,1,0,D,1.0910526315789475,2.1178947368421053,F1_laliga,2026-05-22 10:28:50.636679
1141,64,2,6,16,1,0,1,10,7,7,5,3,0,a,1.5513157894736842,1.4252631578947368,F1_laliga,2026-05-22 10:28:50.636735
1142,64,2,16,6,0,1,0,12,6,6,18,1,1,D,2.49,0.8271052631578947,F1_laliga,2026-05-22 10:28:50.636750
1143,65,2,6,4,1,2,0,9,7,1,10,3,0,h,1.5513157894736842,1.4252631578947368,F1_laliga,2026-05-22 10:28:50.636807
1144,65,2,4,6,0,0,2,8,6,2,10,0,0,D,2.0500000000000003,0.758421052631579,F1_laliga,2026-05-22 10:28:50.636820
1145,66,2,6,3,1,0,1,13,2,3,13,3,0,a,1.5513157894736842,1.4252631578947368,F1_laliga,2026-05-22 10:28:50.636874
1146,66,2,3,6,0,1,0,14,2,3,7,1,0,D,2.215526315789474,1.1007894736842105,F1_laliga,2026-05-22 10:28:50.636887
1147,67,2,6,18,1,2,2,11,6,4,12,0,0,a,1.5513157894736842,1.4252631578947368,F1_laliga,2026-05-22 10:28:50.636941
1148,67,2,18,6,0,2,2,12,3,4,13,3,0,D,2.403421052631579,0.9710526315789473,F1_laliga,2026-05-22 10:28:50.636955
1149,68,2,6,17,1,1,4,16,7,4,22,2,1,a,1.5513157894736842,1.4252631578947368,F1_laliga,2026-05-22 10:28:50.637009
1150,68,2,17,6,0,4,1,16,5,4,10,1,0,D,2.288684210526316,1.2347368421052631,F1_laliga,2026-05-22 10:28:50.637023
1151,69,2,6,20,1,2,2,15,7,7,12,2,0,d,1.5513157894736842,1.4252631578947368,F1_laliga,2026-05-22 10:28:50.637078
1152,69,2,20,6,0,2,2,8,0,6,11,1,0,D,1.9792105263157893,1.3107894736842105,F1_laliga,2026-05-22 10:28:50.637093
1153,70,2,6,2,1,1,1,18,4,3,13,0,0,d,1.5513157894736842,1.4252631578947368,F1_laliga,2026-05-22 10:28:50.637148
1154,70,2,2,6,0,1,1,8,4,3,14,1,0,D,1.785,0.9705263157894738,F1_laliga,2026-05-22 10:28:50.637162
1155,71,2,6,19,1,5,0,10,5,5,7,2,0,h,1.5513157894736842,1.4252631578947368,F1_laliga,2026-05-22 10:28:50.637217
1156,71,2,19,6,0,0,5,12,4,5,15,1,0,D,1.8773684210526316,1.2973684210526315,F1_laliga,2026-05-22 10:28:50.637231
1157,72,2,6,15,1,4,2,12,7,6,10,1,0,h,1.5513157894736842,1.4252631578947368,F1_laliga,2026-05-22 10:28:50.637290
1158,72,2,15,6,0,2,4,11,4,4,11,2,0,D,1.8847368421052633,1.259736842105263,F1_laliga,2026-05-22 10:28:50.637304
1159,73,2,6,13,1,1,1,16,4,7,9,2,0,a,1.5513157894736842,1.4252631578947368,F1_laliga,2026-05-22 10:28:50.637364
1160,73,2,13,6,0,1,1,17,4,2,8,1,0,D,1.5421052631578949,1.4221052631578948,F1_laliga,2026-05-22 10:28:50.637377
1161,74,2,6,7,1,1,1,12,8,4,16,0,0,d,1.5513157894736842,1.4252631578947368,F1_laliga,2026-05-22 10:28:50.637431
1162,74,2,7,6,0,1,1,13,3,3,13,1,0,D,1.3276315789473685,1.3571052631578948,F1_laliga,2026-05-22 10:28:50.637447
1163,75,2,6,14,1,1,1,19,5,9,17,1,0,d,1.5513157894736842,1.4252631578947368,F1_laliga,2026-05-22 10:28:50.637500
1164,75,2,14,6,0,1,1,10,7,4,9,2,0,D,1.4726315789473685,1.3428947368421054,F1_laliga,2026-05-22 10:28:50.637514
1165,76,2,6,8,1,4,1,16,6,7,12,3,0,h,1.5513157894736842,1.4252631578947368,F1_laliga,2026-05-22 10:28:50.637589
1166,76,2,8,6,0,1,4,14,7,5,15,4,0,D,1.1410526315789473,1.6102631578947368,F1_laliga,2026-05-22 10:28:50.637604
1167,77,2,6,12,1,5,0,15,5,2,16,1,0,h,1.5513157894736842,1.4252631578947368,F1_laliga,2026-05-22 10:28:50.637669
1168,77,2,12,6,0,0,5,9,4,5,21,1,0,D,1.541842105263158,1.4397368421052632,F1_laliga,2026-05-22 10:28:50.637683
1169,78,2,6,1,1,4,4,12,1,9,14,2,0,d,1.5513157894736842,1.4252631578947368,F1_laliga,2026-05-22 10:28:50.637740
1170,78,2,1,6,0,4,4,8,2,3,13,5,0,D,1.5813157894736842,1.466578947368421,F1_laliga,2026-05-22 10:28:50.637754
1171,38,2,6,5,1,5,1,16,3,3,13,3,1,h,1.5513157894736842,1.4252631578947368,F1_laliga,2026-05-22 10:28:50.637812
1172,38,2,5,6,0,1,5,10,6,4,12,1,0,D,1.1547368421052633,1.7807894736842105,F1_laliga,2026-05-22 10:28:50.637827
1173,39,2,6,9,1,1,1,9,4,4,12,4,0,d,1.5513157894736842,1.4252631578947368,F1_laliga,2026-05-22 10:28:50.637882
1174,39,2,9,6,0,1,1,3,2,6,11,2,0,D,1.1368421052631579,1.5555263157894736,F1_laliga,2026-05-22 10:28:50.637896
1175,40,2,6,10,1,3,1,11,5,2,13,2,0,h,1.5513157894736842,1.4252631578947368,F1_laliga,2026-05-22 10:28:50.637950
1176,40,2,10,6,0,1,3,10,3,2,10,1,0,D,1.0578947368421054,1.7786842105263159,F1_laliga,2026-05-22 10:28:50.637963
1177,41,2,6,11,1,1,0,10,9,6,10,5,0,h,1.5513157894736842,1.4252631578947368,F1_laliga,2026-05-22 10:28:50.638018
1178,41,2,11,6,0,0,1,8,3,3,14,1,0,D,1.0910526315789475,2.1178947368421053,F1_laliga,2026-05-22 10:28:50.638031
1179,42,2,7,16,1,0,0,10,11,7,12,1,0,h,1.3276315789473685,1.3571052631578948,F1_laliga,2026-05-22 10:28:50.638085
1180,42,2,16,7,0,0,0,12,6,3,7,4,0,D,2.49,0.8271052631578947,F1_laliga,2026-05-22 10:28:50.638098
1181,43,2,7,4,1,0,0,9,4,3,17,1,0,d,1.3276315789473685,1.3571052631578948,F1_laliga,2026-05-22 10:28:50.638151
1182,43,2,4,7,0,0,0,6,8,2,7,4,0,D,2.0500000000000003,0.758421052631579,F1_laliga,2026-05-22 10:28:50.638166
1183,44,2,7,3,1,2,2,18,6,5,8,2,0,d,1.3276315789473685,1.3571052631578948,F1_laliga,2026-05-22 10:28:50.638220
1184,44,2,3,7,0,2,2,8,4,2,13,0,0,D,2.215526315789474,1.1007894736842105,F1_laliga,2026-05-22 10:28:50.638234
1185,45,2,7,18,1,3,0,14,3,5,13,3,0,h,1.3276315789473685,1.3571052631578948,F1_laliga,2026-05-22 10:28:50.638292
1186,45,2,18,7,0,0,3,11,4,4,12,2,0,D,2.403421052631579,0.9710526315789473,F1_laliga,2026-05-22 10:28:50.638306
1187,46,2,7,17,1,1,1,21,1,2,7,3,0,a,1.3276315789473685,1.3571052631578948,F1_laliga,2026-05-22 10:28:50.638365
1188,46,2,17,7,0,1,1,14,4,8,10,4,1,D,2.288684210526316,1.2347368421052631,F1_laliga,2026-05-22 10:28:50.638378
1189,47,2,7,20,1,1,1,9,2,1,13,0,0,d,1.3276315789473685,1.3571052631578948,F1_laliga,2026-05-22 10:28:50.638456
1190,47,2,20,7,0,1,1,9,5,7,16,2,0,D,1.9792105263157893,1.3107894736842105,F1_laliga,2026-05-22 10:28:50.638479
1191,48,2,7,2,1,1,1,13,4,3,13,0,1,d,1.3276315789473685,1.3571052631578948,F1_laliga,2026-05-22 10:28:50.638538
1192,48,2,2,7,0,1,1,8,6,4,12,1,0,D,1.785,0.9705263157894738,F1_laliga,2026-05-22 10:28:50.638575
1193,49,2,7,19,1,2,4,9,5,6,13,4,0,a,1.3276315789473685,1.3571052631578948,F1_laliga,2026-05-22 10:28:50.638643
1194,49,2,19,7,0,4,2,9,3,5,15,3,0,D,1.8773684210526316,1.2973684210526315,F1_laliga,2026-05-22 10:28:50.638657
1195,50,2,7,15,1,1,2,12,9,6,14,2,0,a,1.3276315789473685,1.3571052631578948,F1_laliga,2026-05-22 10:28:50.638713
1196,50,2,15,7,0,2,1,12,7,5,11,0,0,D,1.8847368421052633,1.259736842105263,F1_laliga,2026-05-22 10:28:50.638726
1197,51,2,7,13,1,1,1,16,5,4,21,0,0,d,1.3276315789473685,1.3571052631578948,F1_laliga,2026-05-22 10:28:50.638781
1198,51,2,13,7,0,1,1,8,6,3,12,3,0,D,1.5421052631578949,1.4221052631578948,F1_laliga,2026-05-22 10:28:50.638795
1199,52,2,7,6,1,0,3,12,4,2,13,2,0,a,1.3276315789473685,1.3571052631578948,F1_laliga,2026-05-22 10:28:50.638850
1200,52,2,6,7,0,3,0,8,5,5,13,1,0,D,1.5513157894736842,1.4252631578947368,F1_laliga,2026-05-22 10:28:50.638863
1201,53,2,7,14,1,0,2,16,8,5,15,2,0,a,1.3276315789473685,1.3571052631578948,F1_laliga,2026-05-22 10:28:50.638918
1202,53,2,14,7,0,2,0,8,1,1,12,1,0,D,1.4726315789473685,1.3428947368421054,F1_laliga,2026-05-22 10:28:50.638933
1203,54,2,7,8,1,1,1,14,6,5,18,2,0,d,1.3276315789473685,1.3571052631578948,F1_laliga,2026-05-22 10:28:50.638988
1204,54,2,8,7,0,1,1,8,2,3,9,0,0,D,1.1410526315789473,1.6102631578947368,F1_laliga,2026-05-22 10:28:50.639001
1205,55,2,7,12,1,1,2,12,0,5,14,1,0,a,1.3276315789473685,1.3571052631578948,F1_laliga,2026-05-22 10:28:50.639054
1206,55,2,12,7,0,2,1,13,2,4,11,1,0,D,1.541842105263158,1.4397368421052632,F1_laliga,2026-05-22 10:28:50.639068
1207,56,2,7,1,1,1,1,20,5,2,16,0,0,a,1.3276315789473685,1.3571052631578948,F1_laliga,2026-05-22 10:28:50.639121
1208,56,2,1,7,0,1,1,11,5,5,9,2,0,D,1.5813157894736842,1.466578947368421,F1_laliga,2026-05-22 10:28:50.639134
1209,57,2,7,5,1,2,3,12,8,1,7,1,0,a,1.3276315789473685,1.3571052631578948,F1_laliga,2026-05-22 10:28:50.639187
1210,57,2,5,7,0,3,2,13,5,5,17,4,0,D,1.1547368421052633,1.7807894736842105,F1_laliga,2026-05-22 10:28:50.639200
1211,58,2,7,9,1,2,2,15,11,3,7,3,0,h,1.3276315789473685,1.3571052631578948,F1_laliga,2026-05-22 10:28:50.639253
1212,58,2,9,7,0,2,2,9,3,2,11,4,0,D,1.1368421052631579,1.5555263157894736,F1_laliga,2026-05-22 10:28:50.639270
1213,59,2,7,10,1,2,2,13,3,3,7,2,0,a,1.3276315789473685,1.3571052631578948,F1_laliga,2026-05-22 10:28:50.639335
1214,59,2,10,7,0,2,2,10,7,6,14,1,0,D,1.0578947368421054,1.7786842105263159,F1_laliga,2026-05-22 10:28:50.639348
1215,60,2,7,11,1,3,1,12,2,4,10,2,0,h,1.3276315789473685,1.3571052631578948,F1_laliga,2026-05-22 10:28:50.639405
1216,60,2,11,7,0,1,3,12,2,4,8,0,0,D,1.0910526315789475,2.1178947368421053,F1_laliga,2026-05-22 10:28:50.639418
1217,61,2,14,16,1,0,2,12,7,6,16,1,0,a,1.4726315789473685,1.3428947368421054,F1_laliga,2026-05-22 10:28:50.639504
1218,61,2,16,14,0,2,0,8,5,1,14,3,0,D,2.49,0.8271052631578947,F1_laliga,2026-05-22 10:28:50.639519
1219,62,2,14,4,1,3,3,12,7,5,15,3,0,d,1.4726315789473685,1.3428947368421054,F1_laliga,2026-05-22 10:28:50.639607
1220,62,2,4,14,0,3,3,9,3,7,14,0,0,D,2.0500000000000003,0.758421052631579,F1_laliga,2026-05-22 10:28:50.639622
1221,63,2,14,3,1,3,3,6,5,3,13,1,0,d,1.4726315789473685,1.3428947368421054,F1_laliga,2026-05-22 10:28:50.639688
1222,63,2,3,14,0,3,3,15,5,4,5,0,0,D,2.215526315789474,1.1007894736842105,F1_laliga,2026-05-22 10:28:50.639703
1223,64,2,14,18,1,1,1,21,7,4,14,3,0,a,1.4726315789473685,1.3428947368421054,F1_laliga,2026-05-22 10:28:50.639761
1224,64,2,18,14,0,1,1,6,0,4,15,3,0,D,2.403421052631579,0.9710526315789473,F1_laliga,2026-05-22 10:28:50.639774
1225,65,2,14,17,1,1,1,14,6,5,13,0,0,d,1.4726315789473685,1.3428947368421054,F1_laliga,2026-05-22 10:28:50.639831
1226,65,2,17,14,0,1,1,14,2,6,14,1,1,D,2.288684210526316,1.2347368421052631,F1_laliga,2026-05-22 10:28:50.639845
1227,66,2,14,20,1,1,2,6,3,1,10,2,0,h,1.4726315789473685,1.3428947368421054,F1_laliga,2026-05-22 10:28:50.639900
1228,66,2,20,14,0,2,1,8,4,3,16,1,0,D,1.9792105263157893,1.3107894736842105,F1_laliga,2026-05-22 10:28:50.639914
1229,67,2,14,2,1,0,2,10,8,7,14,0,0,a,1.4726315789473685,1.3428947368421054,F1_laliga,2026-05-22 10:28:50.639968
1230,67,2,2,14,0,2,0,11,3,6,14,1,0,D,1.785,0.9705263157894738,F1_laliga,2026-05-22 10:28:50.639982
1231,68,2,14,19,1,2,1,16,4,6,14,2,0,a,1.4726315789473685,1.3428947368421054,F1_laliga,2026-05-22 10:28:50.640034
1232,68,2,19,14,0,1,2,13,3,2,15,2,0,D,1.8773684210526316,1.2973684210526315,F1_laliga,2026-05-22 10:28:50.640049
1233,69,2,14,15,1,2,1,17,4,6,15,0,0,h,1.4726315789473685,1.3428947368421054,F1_laliga,2026-05-22 10:28:50.640102
1234,69,2,15,14,0,1,2,7,3,4,10,3,0,D,1.8847368421052633,1.259736842105263,F1_laliga,2026-05-22 10:28:50.640116
1235,70,2,14,13,1,1,0,8,8,8,12,1,0,h,1.4726315789473685,1.3428947368421054,F1_laliga,2026-05-22 10:28:50.640168
1236,70,2,13,14,0,0,1,6,6,4,11,2,0,D,1.5421052631578949,1.4221052631578948,F1_laliga,2026-05-22 10:28:50.640182
1237,71,2,14,6,1,2,2,17,8,5,10,3,0,a,1.4726315789473685,1.3428947368421054,F1_laliga,2026-05-22 10:28:50.640234
1238,71,2,6,14,0,2,2,9,4,4,14,1,0,D,1.5513157894736842,1.4252631578947368,F1_laliga,2026-05-22 10:28:50.640247
1239,72,2,14,7,1,1,0,10,6,10,9,1,0,h,1.4726315789473685,1.3428947368421054,F1_laliga,2026-05-22 10:28:50.640307
1240,72,2,7,14,0,0,1,10,5,7,17,4,0,D,1.3276315789473685,1.3571052631578948,F1_laliga,2026-05-22 10:28:50.640321
1241,73,2,14,8,1,1,1,15,3,2,14,2,0,h,1.4726315789473685,1.3428947368421054,F1_laliga,2026-05-22 10:28:50.640378
1242,73,2,8,14,0,1,1,16,7,5,11,1,0,D,1.1410526315789473,1.6102631578947368,F1_laliga,2026-05-22 10:28:50.640393
1243,74,2,14,12,1,3,3,11,8,2,11,2,0,d,1.4726315789473685,1.3428947368421054,F1_laliga,2026-05-22 10:28:50.640447
1244,74,2,12,14,0,3,3,15,8,5,9,1,0,D,1.541842105263158,1.4397368421052632,F1_laliga,2026-05-22 10:28:50.640461
1245,75,2,14,1,1,2,1,8,6,4,10,2,0,h,1.4726315789473685,1.3428947368421054,F1_laliga,2026-05-22 10:28:50.640513
1246,75,2,1,14,0,1,2,9,1,5,8,0,0,D,1.5813157894736842,1.466578947368421,F1_laliga,2026-05-22 10:28:50.640527
1247,76,2,14,5,1,3,0,17,6,6,12,2,0,h,1.4726315789473685,1.3428947368421054,F1_laliga,2026-05-22 10:28:50.640603
1248,76,2,5,14,0,0,3,9,4,2,6,3,0,D,1.1547368421052633,1.7807894736842105,F1_laliga,2026-05-22 10:28:50.640617
1249,77,2,14,9,1,0,2,17,5,3,7,2,0,a,1.4726315789473685,1.3428947368421054,F1_laliga,2026-05-22 10:28:50.640695
1250,77,2,9,14,0,2,0,12,4,3,11,1,0,D,1.1368421052631579,1.5555263157894736,F1_laliga,2026-05-22 10:28:50.640719
1251,78,2,14,10,1,1,1,13,9,12,12,0,0,h,1.4726315789473685,1.3428947368421054,F1_laliga,2026-05-22 10:28:50.640786
1252,78,2,10,14,0,1,1,18,4,9,14,1,0,D,1.0578947368421054,1.7786842105263159,F1_laliga,2026-05-22 10:28:50.640802
1253,38,2,14,11,1,1,1,9,2,4,17,3,0,d,1.4726315789473685,1.3428947368421054,F1_laliga,2026-05-22 10:28:50.640860
1254,38,2,11,14,0,1,1,17,3,1,12,1,0,D,1.0910526315789475,2.1178947368421053,F1_laliga,2026-05-22 10:28:50.640874
1255,39,2,8,16,1,2,1,19,4,9,7,3,0,h,1.1410526315789473,1.6102631578947368,F1_laliga,2026-05-22 10:28:50.640927
1256,39,2,16,8,0,1,2,10,6,5,8,3,0,D,2.49,0.8271052631578947,F1_laliga,2026-05-22 10:28:50.640940
1257,40,2,8,4,1,1,5,13,5,3,10,2,0,a,1.1410526315789473,1.6102631578947368,F1_laliga,2026-05-22 10:28:50.641053
1258,40,2,4,8,0,5,1,14,5,2,18,2,0,D,2.0500000000000003,0.758421052631579,F1_laliga,2026-05-22 10:28:50.641068
1259,41,2,8,3,1,2,1,10,7,4,8,1,0,a,1.1410526315789473,1.6102631578947368,F1_laliga,2026-05-22 10:28:50.641127
1260,41,2,3,8,0,1,2,16,3,10,9,2,0,D,2.215526315789474,1.1007894736842105,F1_laliga,2026-05-22 10:28:50.641141
1261,42,2,8,18,1,0,0,11,2,7,8,2,0,d,1.1410526315789473,1.6102631578947368,F1_laliga,2026-05-22 10:28:50.641197
1262,42,2,18,8,0,0,0,10,2,5,15,2,0,D,2.403421052631579,0.9710526315789473,F1_laliga,2026-05-22 10:28:50.641213
1263,43,2,8,17,1,0,2,10,10,3,12,1,0,a,1.1410526315789473,1.6102631578947368,F1_laliga,2026-05-22 10:28:50.641267
1264,43,2,17,8,0,2,0,8,5,5,10,1,0,D,2.288684210526316,1.2347368421052631,F1_laliga,2026-05-22 10:28:50.641287
1265,44,2,8,20,1,3,2,15,4,5,19,3,0,h,1.1410526315789473,1.6102631578947368,F1_laliga,2026-05-22 10:28:50.641347
1266,44,2,20,8,0,2,3,7,4,2,8,2,0,D,1.9792105263157893,1.3107894736842105,F1_laliga,2026-05-22 10:28:50.641360
1267,45,2,8,2,1,0,0,17,6,2,11,2,0,d,1.1410526315789473,1.6102631578947368,F1_laliga,2026-05-22 10:28:50.641416
1268,45,2,2,8,0,0,0,5,8,2,13,3,0,D,1.785,0.9705263157894738,F1_laliga,2026-05-22 10:28:50.641429
1269,46,2,8,19,1,1,2,19,7,3,13,2,0,a,1.1410526315789473,1.6102631578947368,F1_laliga,2026-05-22 10:28:50.641482
1270,46,2,19,8,0,2,1,10,3,7,6,1,0,D,1.8773684210526316,1.2973684210526315,F1_laliga,2026-05-22 10:28:50.641496
1271,47,2,8,15,1,0,0,12,3,3,14,1,0,d,1.1410526315789473,1.6102631578947368,F1_laliga,2026-05-22 10:28:50.641584
1272,47,2,15,8,0,0,0,9,3,5,12,3,0,D,1.8847368421052633,1.259736842105263,F1_laliga,2026-05-22 10:28:50.641602
1273,48,2,8,13,1,1,1,14,7,6,17,2,1,h,1.1410526315789473,1.6102631578947368,F1_laliga,2026-05-22 10:28:50.641671
1274,48,2,13,8,0,1,1,7,6,1,10,5,0,D,1.5421052631578949,1.4221052631578948,F1_laliga,2026-05-22 10:28:50.641684
1275,49,2,8,6,1,2,0,10,3,5,14,1,1,a,1.1410526315789473,1.6102631578947368,F1_laliga,2026-05-22 10:28:50.641742
1276,49,2,6,8,0,0,2,9,4,3,12,1,0,D,1.5513157894736842,1.4252631578947368,F1_laliga,2026-05-22 10:28:50.641756
1277,50,2,8,7,1,0,3,10,4,8,10,3,0,a,1.1410526315789473,1.6102631578947368,F1_laliga,2026-05-22 10:28:50.641811
1278,50,2,7,8,0,3,0,10,5,7,9,0,0,D,1.3276315789473685,1.3571052631578948,F1_laliga,2026-05-22 10:28:50.641825
1279,51,2,8,14,1,5,5,10,4,7,21,2,0,d,1.1410526315789473,1.6102631578947368,F1_laliga,2026-05-22 10:28:50.641884
1280,51,2,14,8,0,5,5,11,3,5,10,1,0,D,1.4726315789473685,1.3428947368421054,F1_laliga,2026-05-22 10:28:50.641897
1281,52,2,8,12,1,1,0,12,5,4,13,0,0,h,1.1410526315789473,1.6102631578947368,F1_laliga,2026-05-22 10:28:50.641953
1282,52,2,12,8,0,0,1,8,4,4,7,1,2,D,1.541842105263158,1.4397368421052632,F1_laliga,2026-05-22 10:28:50.641969
1283,53,2,8,1,1,1,0,10,4,4,17,1,0,h,1.1410526315789473,1.6102631578947368,F1_laliga,2026-05-22 10:28:50.642023
1284,53,2,1,8,0,0,1,5,4,6,17,2,0,D,1.5813157894736842,1.466578947368421,F1_laliga,2026-05-22 10:28:50.642037
1285,54,2,8,5,1,0,1,12,8,5,15,2,0,h,1.1410526315789473,1.6102631578947368,F1_laliga,2026-05-22 10:28:50.642092
1286,54,2,5,8,0,1,0,18,1,5,12,0,0,D,1.1547368421052633,1.7807894736842105,F1_laliga,2026-05-22 10:28:50.642105
1287,55,2,8,9,1,0,0,8,3,3,13,0,0,d,1.1410526315789473,1.6102631578947368,F1_laliga,2026-05-22 10:28:50.642158
1288,55,2,9,8,0,0,0,12,4,5,12,4,0,D,1.1368421052631579,1.5555263157894736,F1_laliga,2026-05-22 10:28:50.642172
1289,56,2,8,10,1,1,1,8,7,7,9,4,0,d,1.1410526315789473,1.6102631578947368,F1_laliga,2026-05-22 10:28:50.642224
1290,56,2,10,8,0,1,1,8,3,2,19,2,0,D,1.0578947368421054,1.7786842105263159,F1_laliga,2026-05-22 10:28:50.642238
1291,57,2,8,11,1,0,0,12,2,2,5,4,0,d,1.1410526315789473,1.6102631578947368,F1_laliga,2026-05-22 10:28:50.642298
1292,57,2,11,8,0,0,0,9,6,2,18,3,0,D,1.0910526315789475,2.1178947368421053,F1_laliga,2026-05-22 10:28:50.642314
1293,58,2,12,16,1,1,0,9,6,6,14,2,0,a,1.541842105263158,1.4397368421052632,F1_laliga,2026-05-22 10:28:50.642372
1294,58,2,16,12,0,0,1,9,2,0,15,4,0,D,2.49,0.8271052631578947,F1_laliga,2026-05-22 10:28:50.642385
1295,59,2,12,4,1,4,2,14,0,4,12,3,0,h,1.541842105263158,1.4397368421052632,F1_laliga,2026-05-22 10:28:50.642440
1296,59,2,4,12,0,2,4,9,7,2,8,1,0,D,2.0500000000000003,0.758421052631579,F1_laliga,2026-05-22 10:28:50.642453
1297,60,2,12,3,1,2,1,19,7,7,19,1,0,a,1.541842105263158,1.4397368421052632,F1_laliga,2026-05-22 10:28:50.642507
1298,60,2,3,12,0,1,2,8,2,0,13,1,0,D,2.215526315789474,1.1007894736842105,F1_laliga,2026-05-22 10:28:50.642521
1299,61,2,12,18,1,0,3,12,5,5,10,2,0,a,1.541842105263158,1.4397368421052632,F1_laliga,2026-05-22 10:28:50.642598
1300,61,2,18,12,0,3,0,10,4,2,7,2,1,D,2.403421052631579,0.9710526315789473,F1_laliga,2026-05-22 10:28:50.642612
1301,62,2,12,17,1,1,0,10,6,7,10,2,0,h,1.541842105263158,1.4397368421052632,F1_laliga,2026-05-22 10:28:50.642678
1302,62,2,17,12,0,0,1,9,2,5,9,1,0,D,2.288684210526316,1.2347368421052631,F1_laliga,2026-05-22 10:28:50.642693
1303,63,2,12,20,1,2,2,14,7,4,13,1,0,d,1.541842105263158,1.4397368421052632,F1_laliga,2026-05-22 10:28:50.642749
1304,63,2,20,12,0,2,2,9,6,6,16,1,0,D,1.9792105263157893,1.3107894736842105,F1_laliga,2026-05-22 10:28:50.642762
1305,64,2,12,2,1,1,3,12,7,5,11,3,0,a,1.541842105263158,1.4397368421052632,F1_laliga,2026-05-22 10:28:50.642818
1306,64,2,2,12,0,3,1,8,3,3,8,3,0,D,1.785,0.9705263157894738,F1_laliga,2026-05-22 10:28:50.642831
1307,65,2,12,19,1,1,0,12,4,5,12,2,0,h,1.541842105263158,1.4397368421052632,F1_laliga,2026-05-22 10:28:50.642884
1308,65,2,19,12,0,0,1,11,5,2,13,1,0,D,1.8773684210526316,1.2973684210526315,F1_laliga,2026-05-22 10:28:50.642898
1309,66,2,12,15,1,0,0,11,9,5,14,1,0,d,1.541842105263158,1.4397368421052632,F1_laliga,2026-05-22 10:28:50.642950
1310,66,2,15,12,0,0,0,10,4,1,8,2,0,D,1.8847368421052633,1.259736842105263,F1_laliga,2026-05-22 10:28:50.642963
1311,67,2,12,13,1,1,1,16,4,3,14,3,0,d,1.541842105263158,1.4397368421052632,F1_laliga,2026-05-22 10:28:50.643018
1312,67,2,13,12,0,1,1,10,4,5,12,2,0,D,1.5421052631578949,1.4221052631578948,F1_laliga,2026-05-22 10:28:50.643033
1313,68,2,12,6,1,0,2,17,4,2,11,1,0,h,1.541842105263158,1.4397368421052632,F1_laliga,2026-05-22 10:28:50.643086
1314,68,2,6,12,0,2,0,8,7,4,13,2,0,D,1.5513157894736842,1.4252631578947368,F1_laliga,2026-05-22 10:28:50.643099
1315,69,2,12,7,1,3,0,12,3,2,8,3,0,h,1.541842105263158,1.4397368421052632,F1_laliga,2026-05-22 10:28:50.643152
1316,69,2,7,12,0,0,3,11,8,3,11,2,0,D,1.3276315789473685,1.3571052631578948,F1_laliga,2026-05-22 10:28:50.643175
1317,70,2,12,14,1,3,3,15,6,13,15,0,0,d,1.541842105263158,1.4397368421052632,F1_laliga,2026-05-22 10:28:50.643246
1318,70,2,14,12,0,3,3,7,8,0,18,2,0,D,1.4726315789473685,1.3428947368421054,F1_laliga,2026-05-22 10:28:50.643260
1319,71,2,12,8,1,0,1,9,3,6,15,2,0,a,1.541842105263158,1.4397368421052632,F1_laliga,2026-05-22 10:28:50.643325
1320,71,2,8,12,0,1,0,10,6,4,10,1,0,D,1.1410526315789473,1.6102631578947368,F1_laliga,2026-05-22 10:28:50.643339
1321,72,2,12,1,1,0,3,16,4,2,16,0,0,h,1.541842105263158,1.4397368421052632,F1_laliga,2026-05-22 10:28:50.643395
1322,72,2,1,12,0,3,0,10,6,4,14,1,0,D,1.5813157894736842,1.466578947368421,F1_laliga,2026-05-22 10:28:50.643412
1323,73,2,12,5,1,3,0,10,4,8,5,2,0,h,1.541842105263158,1.4397368421052632,F1_laliga,2026-05-22 10:28:50.643499
1324,73,2,5,12,0,0,3,12,1,2,4,3,0,D,1.1547368421052633,1.7807894736842105,F1_laliga,2026-05-22 10:28:50.643513
1325,74,2,12,9,1,1,1,10,4,6,19,2,1,d,1.541842105263158,1.4397368421052632,F1_laliga,2026-05-22 10:28:50.643605
1326,74,2,9,12,0,1,1,11,4,4,6,2,0,D,1.1368421052631579,1.5555263157894736,F1_laliga,2026-05-22 10:28:50.643621
1327,75,2,12,10,1,2,0,12,4,7,14,1,0,h,1.541842105263158,1.4397368421052632,F1_laliga,2026-05-22 10:28:50.643687
1328,75,2,10,12,0,0,2,9,4,1,7,3,1,D,1.0578947368421054,1.7786842105263159,F1_laliga,2026-05-22 10:28:50.643701
1329,76,2,12,11,1,4,1,16,3,1,11,2,1,h,1.541842105263158,1.4397368421052632,F1_laliga,2026-05-22 10:28:50.643758
1330,76,2,11,12,0,1,4,18,3,6,7,1,0,D,1.0910526315789475,2.1178947368421053,F1_laliga,2026-05-22 10:28:50.643772
1331,77,2,1,16,1,3,1,20,5,3,13,2,0,h,1.5813157894736842,1.466578947368421,F1_laliga,2026-05-22 10:28:50.643829
1332,77,2,16,1,0,1,3,18,7,5,4,6,1,D,2.49,0.8271052631578947,F1_laliga,2026-05-22 10:28:50.643844
1333,78,2,1,4,1,1,1,13,7,2,10,0,0,d,1.5813157894736842,1.466578947368421,F1_laliga,2026-05-22 10:28:50.643900
1334,78,2,4,1,0,1,1,12,4,0,13,2,0,D,2.0500000000000003,0.758421052631579,F1_laliga,2026-05-22 10:28:50.643914
1335,38,2,1,3,1,2,1,12,2,5,11,2,0,a,1.5813157894736842,1.466578947368421,F1_laliga,2026-05-22 10:28:50.643969
1336,38,2,3,1,0,1,2,15,3,6,12,0,0,D,2.215526315789474,1.1007894736842105,F1_laliga,2026-05-22 10:28:50.643982
1337,39,2,1,18,1,4,0,13,3,8,12,2,0,h,1.5813157894736842,1.466578947368421,F1_laliga,2026-05-22 10:28:50.644037
1338,39,2,18,1,0,0,4,5,2,6,10,1,0,D,2.403421052631579,0.9710526315789473,F1_laliga,2026-05-22 10:28:50.644050
1339,40,2,1,17,1,1,1,14,6,2,9,3,0,h,1.5813157894736842,1.466578947368421,F1_laliga,2026-05-22 10:28:50.644104
1340,40,2,17,1,0,1,1,5,2,5,8,2,0,D,2.288684210526316,1.2347368421052631,F1_laliga,2026-05-22 10:28:50.644118
1341,41,2,1,20,1,2,2,15,9,6,15,6,0,d,1.5813157894736842,1.466578947368421,F1_laliga,2026-05-22 10:28:50.644172
1342,41,2,20,1,0,2,2,9,1,1,8,4,0,D,1.9792105263157893,1.3107894736842105,F1_laliga,2026-05-22 10:28:50.644187
1343,42,2,1,2,1,5,0,15,5,3,13,2,0,h,1.5813157894736842,1.466578947368421,F1_laliga,2026-05-22 10:28:50.644241
1344,42,2,2,1,0,0,5,16,3,3,18,1,0,D,1.785,0.9705263157894738,F1_laliga,2026-05-22 10:28:50.644255
1345,43,2,1,19,1,0,1,14,5,3,14,1,0,h,1.5813157894736842,1.466578947368421,F1_laliga,2026-05-22 10:28:50.644317
1346,43,2,19,1,0,1,0,7,5,2,13,0,0,D,1.8773684210526316,1.2973684210526315,F1_laliga,2026-05-22 10:28:50.644331
1347,44,2,1,15,1,1,0,10,5,5,9,2,0,h,1.5813157894736842,1.466578947368421,F1_laliga,2026-05-22 10:28:50.644388
1348,44,2,15,1,0,0,1,5,4,1,9,1,0,D,1.8847368421052633,1.259736842105263,F1_laliga,2026-05-22 10:28:50.644401
1349,45,2,1,13,1,1,3,17,7,4,12,4,0,a,1.5813157894736842,1.466578947368421,F1_laliga,2026-05-22 10:28:50.644453
1350,45,2,13,1,0,3,1,9,2,4,12,1,0,D,1.5421052631578949,1.4221052631578948,F1_laliga,2026-05-22 10:28:50.644467
1351,46,2,1,6,1,5,1,11,3,8,5,2,0,h,1.5813157894736842,1.466578947368421,F1_laliga,2026-05-22 10:28:50.644519
1352,46,2,6,1,0,1,5,9,7,7,10,1,0,D,1.5513157894736842,1.4252631578947368,F1_laliga,2026-05-22 10:28:50.644535
1353,47,2,1,7,1,2,1,14,4,3,9,3,0,h,1.5813157894736842,1.466578947368421,F1_laliga,2026-05-22 10:28:50.644618
1354,47,2,7,1,0,1,2,11,2,2,15,3,0,D,1.3276315789473685,1.3571052631578948,F1_laliga,2026-05-22 10:28:50.644633
1355,48,2,1,14,1,3,0,18,6,4,20,1,0,h,1.5813157894736842,1.466578947368421,F1_laliga,2026-05-22 10:28:50.644693
1356,48,2,14,1,0,0,3,12,3,1,10,1,0,D,1.4726315789473685,1.3428947368421054,F1_laliga,2026-05-22 10:28:50.644707
1357,49,2,1,8,1,0,2,11,7,3,18,3,0,h,1.5813157894736842,1.466578947368421,F1_laliga,2026-05-22 10:28:50.644763
1358,49,2,8,1,0,2,0,12,2,3,18,5,0,D,1.1410526315789473,1.6102631578947368,F1_laliga,2026-05-22 10:28:50.644777
1359,50,2,1,12,1,2,2,12,3,4,8,1,0,a,1.5813157894736842,1.466578947368421,F1_laliga,2026-05-22 10:28:50.644831
1360,50,2,12,1,0,2,2,18,7,5,13,4,0,D,1.541842105263158,1.4397368421052632,F1_laliga,2026-05-22 10:28:50.644845
1361,51,2,1,5,1,4,0,13,4,1,14,2,0,h,1.5813157894736842,1.466578947368421,F1_laliga,2026-05-22 10:28:50.644900
1362,51,2,5,1,0,0,4,13,4,7,12,2,0,D,1.1547368421052633,1.7807894736842105,F1_laliga,2026-05-22 10:28:50.644916
1363,52,2,1,9,1,2,2,13,4,4,10,3,0,d,1.5813157894736842,1.466578947368421,F1_laliga,2026-05-22 10:28:50.644970
1364,52,2,9,1,0,2,2,5,1,4,9,2,0,D,1.1368421052631579,1.5555263157894736,F1_laliga,2026-05-22 10:28:50.644984
1365,53,2,1,10,1,1,0,15,5,1,9,4,0,h,1.5813157894736842,1.466578947368421,F1_laliga,2026-05-22 10:28:50.645039
1366,53,2,10,1,0,0,1,11,2,2,16,0,0,D,1.0578947368421054,1.7786842105263159,F1_laliga,2026-05-22 10:28:50.645053
1367,54,2,1,11,1,0,0,14,6,6,8,2,0,d,1.5813157894736842,1.466578947368421,F1_laliga,2026-05-22 10:28:50.645107
1368,54,2,11,1,0,0,0,7,1,3,11,1,0,D,1.0910526315789475,2.1178947368421053,F1_laliga,2026-05-22 10:28:50.645121
1369,55,2,5,16,1,1,1,10,6,6,12,2,0,d,1.1547368421052633,1.7807894736842105,F1_laliga,2026-05-22 10:28:50.645175
1370,55,2,16,5,0,1,1,8,1,8,7,2,0,D,2.49,0.8271052631578947,F1_laliga,2026-05-22 10:28:50.645188
1371,56,2,5,4,1,1,1,14,3,7,11,0,0,a,1.1547368421052633,1.7807894736842105,F1_laliga,2026-05-22 10:28:50.645241
1372,56,2,4,5,0,1,1,7,5,2,6,2,0,D,2.0500000000000003,0.758421052631579,F1_laliga,2026-05-22 10:28:50.645256
1373,57,2,5,3,1,1,2,20,2,5,12,1,0,a,1.1547368421052633,1.7807894736842105,F1_laliga,2026-05-22 10:28:50.645318
1374,57,2,3,5,0,2,1,8,6,2,14,1,0,D,2.215526315789474,1.1007894736842105,F1_laliga,2026-05-22 10:28:50.645332
1375,58,2,5,18,1,1,1,17,9,1,12,4,2,d,1.1547368421052633,1.7807894736842105,F1_laliga,2026-05-22 10:28:50.645390
1376,58,2,18,5,0,1,1,10,5,2,16,0,1,D,2.403421052631579,0.9710526315789473,F1_laliga,2026-05-22 10:28:50.645404
1377,59,2,5,17,1,0,1,16,8,7,8,4,0,a,1.1547368421052633,1.7807894736842105,F1_laliga,2026-05-22 10:28:50.645458
1378,59,2,17,5,0,1,0,8,6,6,6,6,0,D,2.288684210526316,1.2347368421052631,F1_laliga,2026-05-22 10:28:50.645471
1379,60,2,5,20,1,2,2,16,2,3,16,1,0,d,1.1547368421052633,1.7807894736842105,F1_laliga,2026-05-22 10:28:50.645524
1380,60,2,20,5,0,2,2,14,5,8,18,2,0,D,1.9792105263157893,1.3107894736842105,F1_laliga,2026-05-22 10:28:50.645537
1381,61,2,5,2,1,1,1,16,4,7,12,2,0,a,1.1547368421052633,1.7807894736842105,F1_laliga,2026-05-22 10:28:50.645616
1382,61,2,2,5,0,1,1,9,3,7,11,3,0,D,1.785,0.9705263157894738,F1_laliga,2026-05-22 10:28:50.645632
1383,62,2,5,19,1,2,0,15,5,3,17,3,0,h,1.1547368421052633,1.7807894736842105,F1_laliga,2026-05-22 10:28:50.645693
1384,62,2,19,5,0,0,2,13,4,3,12,0,1,D,1.8773684210526316,1.2973684210526315,F1_laliga,2026-05-22 10:28:50.645706
1385,63,2,5,15,1,0,3,11,3,7,15,2,0,a,1.1547368421052633,1.7807894736842105,F1_laliga,2026-05-22 10:28:50.645762
1386,63,2,15,5,0,3,0,10,5,7,8,1,1,D,1.8847368421052633,1.259736842105263,F1_laliga,2026-05-22 10:28:50.645776
1387,64,2,5,13,1,1,2,7,4,7,11,7,0,h,1.1547368421052633,1.7807894736842105,F1_laliga,2026-05-22 10:28:50.645829
1388,64,2,13,5,0,2,1,9,3,3,9,0,0,D,1.5421052631578949,1.4221052631578948,F1_laliga,2026-05-22 10:28:50.645842
1389,65,2,5,6,1,2,0,7,2,10,9,2,0,h,1.1547368421052633,1.7807894736842105,F1_laliga,2026-05-22 10:28:50.645898
1390,65,2,6,5,0,0,2,8,3,3,14,1,0,D,1.5513157894736842,1.4252631578947368,F1_laliga,2026-05-22 10:28:50.645911
1391,66,2,5,7,1,3,1,7,2,2,10,2,0,h,1.1547368421052633,1.7807894736842105,F1_laliga,2026-05-22 10:28:50.645965
1392,66,2,7,5,0,1,3,9,6,5,9,2,0,D,1.3276315789473685,1.3571052631578948,F1_laliga,2026-05-22 10:28:50.645979
1393,67,2,5,14,1,3,3,10,6,3,12,4,0,d,1.1547368421052633,1.7807894736842105,F1_laliga,2026-05-22 10:28:50.646033
1394,67,2,14,5,0,3,3,8,6,8,9,1,0,D,1.4726315789473685,1.3428947368421054,F1_laliga,2026-05-22 10:28:50.646046
1395,68,2,5,8,1,2,1,21,6,4,8,3,0,a,1.1547368421052633,1.7807894736842105,F1_laliga,2026-05-22 10:28:50.646099
1396,68,2,8,5,0,1,2,12,3,2,13,3,0,D,1.1410526315789473,1.6102631578947368,F1_laliga,2026-05-22 10:28:50.646112
1397,69,2,5,12,1,0,1,17,3,3,7,2,0,a,1.1547368421052633,1.7807894736842105,F1_laliga,2026-05-22 10:28:50.646165
1398,69,2,12,5,0,1,0,12,3,3,8,2,0,D,1.541842105263158,1.4397368421052632,F1_laliga,2026-05-22 10:28:50.646178
1399,70,2,5,1,1,2,1,13,5,7,7,3,0,h,1.1547368421052633,1.7807894736842105,F1_laliga,2026-05-22 10:28:50.646230
1400,70,2,1,5,0,1,2,7,2,7,14,1,0,D,1.5813157894736842,1.466578947368421,F1_laliga,2026-05-22 10:28:50.646243
1401,71,2,5,9,1,0,0,16,4,4,9,4,0,d,1.1547368421052633,1.7807894736842105,F1_laliga,2026-05-22 10:28:50.646306
1402,71,2,9,5,0,0,0,12,3,8,7,2,0,D,1.1368421052631579,1.5555263157894736,F1_laliga,2026-05-22 10:28:50.646322
1403,72,2,5,10,1,1,1,6,7,6,14,3,0,h,1.1547368421052633,1.7807894736842105,F1_laliga,2026-05-22 10:28:50.646380
1404,72,2,10,5,0,1,1,7,6,1,9,0,0,D,1.0578947368421054,1.7786842105263159,F1_laliga,2026-05-22 10:28:50.646393
1405,73,2,5,11,1,1,2,14,5,4,8,3,0,h,1.1547368421052633,1.7807894736842105,F1_laliga,2026-05-22 10:28:50.646448
1406,73,2,11,5,0,2,1,8,2,3,10,1,0,D,1.0910526315789475,2.1178947368421053,F1_laliga,2026-05-22 10:28:50.646462
1407,74,2,9,16,1,0,2,14,3,5,11,2,0,a,1.1368421052631579,1.5555263157894736,F1_laliga,2026-05-22 10:28:50.646516
1408,74,2,16,9,0,2,0,10,5,6,11,2,0,D,2.49,0.8271052631578947,F1_laliga,2026-05-22 10:28:50.646529
1409,75,2,9,4,1,1,2,9,7,3,20,4,0,a,1.1368421052631579,1.5555263157894736,F1_laliga,2026-05-22 10:28:50.646604
1410,75,2,4,9,0,2,1,7,2,2,12,3,0,D,2.0500000000000003,0.758421052631579,F1_laliga,2026-05-22 10:28:50.646618
1411,76,2,9,3,1,1,1,17,2,5,9,3,0,h,1.1368421052631579,1.5555263157894736,F1_laliga,2026-05-22 10:28:50.646680
1412,76,2,3,9,0,1,1,13,1,5,10,3,1,D,2.215526315789474,1.1007894736842105,F1_laliga,2026-05-22 10:28:50.646695
1413,77,2,9,18,1,0,2,13,3,5,18,2,0,a,1.1368421052631579,1.5555263157894736,F1_laliga,2026-05-22 10:28:50.646751
1414,77,2,18,9,0,2,0,11,4,7,12,4,0,D,2.403421052631579,0.9710526315789473,F1_laliga,2026-05-22 10:28:50.646765
1415,78,2,9,17,1,0,2,9,7,7,11,3,0,a,1.1368421052631579,1.5555263157894736,F1_laliga,2026-05-22 10:28:50.646818
1416,78,2,17,9,0,2,0,14,1,2,11,4,0,D,2.288684210526316,1.2347368421052631,F1_laliga,2026-05-22 10:28:50.646831
1417,38,2,9,20,1,0,0,13,4,6,18,2,0,d,1.1368421052631579,1.5555263157894736,F1_laliga,2026-05-22 10:28:50.646885
1418,38,2,20,9,0,0,0,7,5,6,11,1,0,D,1.9792105263157893,1.3107894736842105,F1_laliga,2026-05-22 10:28:50.646899
1419,39,2,9,2,1,2,2,12,7,2,12,1,0,d,1.1368421052631579,1.5555263157894736,F1_laliga,2026-05-22 10:28:50.646951
1420,39,2,2,9,0,2,2,11,1,5,12,3,0,D,1.785,0.9705263157894738,F1_laliga,2026-05-22 10:28:50.646964
1421,40,2,9,19,1,0,0,11,5,2,13,2,0,h,1.1368421052631579,1.5555263157894736,F1_laliga,2026-05-22 10:28:50.647016
1422,40,2,19,9,0,0,0,12,4,3,11,4,0,D,1.8773684210526316,1.2973684210526315,F1_laliga,2026-05-22 10:28:50.647031
1423,41,2,9,15,1,2,2,15,3,5,15,4,0,d,1.1368421052631579,1.5555263157894736,F1_laliga,2026-05-22 10:28:50.647138
1424,41,2,15,9,0,2,2,8,3,2,11,2,0,D,1.8847368421052633,1.259736842105263,F1_laliga,2026-05-22 10:28:50.647153
1425,42,2,9,13,1,2,0,17,6,4,11,7,0,h,1.1368421052631579,1.5555263157894736,F1_laliga,2026-05-22 10:28:50.647217
1426,42,2,13,9,0,0,2,7,6,3,5,2,0,D,1.5421052631578949,1.4221052631578948,F1_laliga,2026-05-22 10:28:50.647230
1427,43,2,9,6,1,1,1,11,7,4,12,1,0,a,1.1368421052631579,1.5555263157894736,F1_laliga,2026-05-22 10:28:50.647293
1428,43,2,6,9,0,1,1,12,7,7,12,1,1,D,1.5513157894736842,1.4252631578947368,F1_laliga,2026-05-22 10:28:50.647307
1429,44,2,9,7,1,0,0,14,7,1,10,2,0,d,1.1368421052631579,1.5555263157894736,F1_laliga,2026-05-22 10:28:50.647368
1430,44,2,7,9,0,0,0,8,8,1,10,3,0,D,1.3276315789473685,1.3571052631578948,F1_laliga,2026-05-22 10:28:50.647381
1431,45,2,9,14,1,1,0,21,8,7,11,3,0,h,1.1368421052631579,1.5555263157894736,F1_laliga,2026-05-22 10:28:50.647436
1432,45,2,14,9,0,0,1,5,2,5,9,3,0,D,1.4726315789473685,1.3428947368421054,F1_laliga,2026-05-22 10:28:50.647479
1433,46,2,9,8,1,4,3,11,6,4,16,5,0,a,1.1368421052631579,1.5555263157894736,F1_laliga,2026-05-22 10:28:50.647548
1434,46,2,8,9,0,3,4,12,4,2,14,2,0,D,1.1410526315789473,1.6102631578947368,F1_laliga,2026-05-22 10:28:50.647586
1435,47,2,9,12,1,3,0,16,7,8,11,1,0,h,1.1368421052631579,1.5555263157894736,F1_laliga,2026-05-22 10:28:50.647654
1436,47,2,12,9,0,0,3,9,2,3,9,1,0,D,1.541842105263158,1.4397368421052632,F1_laliga,2026-05-22 10:28:50.647668
1437,48,2,9,1,1,2,0,7,7,3,14,5,0,h,1.1368421052631579,1.5555263157894736,F1_laliga,2026-05-22 10:28:50.647727
1438,48,2,1,9,0,0,2,12,3,0,9,3,0,D,1.5813157894736842,1.466578947368421,F1_laliga,2026-05-22 10:28:50.647740
1439,49,2,9,5,1,3,0,21,5,6,13,0,1,h,1.1368421052631579,1.5555263157894736,F1_laliga,2026-05-22 10:28:50.647796
1440,49,2,5,9,0,0,3,8,4,5,9,2,0,D,1.1547368421052633,1.7807894736842105,F1_laliga,2026-05-22 10:28:50.647809
1441,50,2,9,10,1,1,1,8,6,2,12,0,0,d,1.1368421052631579,1.5555263157894736,F1_laliga,2026-05-22 10:28:50.647864
1442,50,2,10,9,0,1,1,11,3,1,8,3,0,D,1.0578947368421054,1.7786842105263159,F1_laliga,2026-05-22 10:28:50.647880
1443,51,2,9,11,1,2,1,11,6,2,13,3,0,h,1.1368421052631579,1.5555263157894736,F1_laliga,2026-05-22 10:28:50.647936
1444,51,2,11,9,0,1,2,7,3,4,8,2,1,D,1.0910526315789475,2.1178947368421053,F1_laliga,2026-05-22 10:28:50.647949
1445,52,2,10,16,1,0,3,8,7,1,8,3,0,a,1.0578947368421054,1.7786842105263159,F1_laliga,2026-05-22 10:28:50.648002
1446,52,2,16,10,0,3,0,4,1,6,9,2,0,D,2.49,0.8271052631578947,F1_laliga,2026-05-22 10:28:50.648016
1447,53,2,10,4,1,0,1,14,7,8,13,2,0,a,1.0578947368421054,1.7786842105263159,F1_laliga,2026-05-22 10:28:50.648070
1448,53,2,4,10,0,1,0,11,4,3,12,1,1,D,2.0500000000000003,0.758421052631579,F1_laliga,2026-05-22 10:28:50.648083
1449,54,2,10,3,1,2,2,16,9,5,12,2,0,d,1.0578947368421054,1.7786842105263159,F1_laliga,2026-05-22 10:28:50.648138
1450,54,2,3,10,0,2,2,10,5,10,17,1,0,D,2.215526315789474,1.1007894736842105,F1_laliga,2026-05-22 10:28:50.648152
1451,55,2,10,18,1,1,1,15,2,8,7,1,1,d,1.0578947368421054,1.7786842105263159,F1_laliga,2026-05-22 10:28:50.648204
1452,55,2,18,10,0,1,1,6,4,5,8,2,0,D,2.403421052631579,0.9710526315789473,F1_laliga,2026-05-22 10:28:50.648219
1453,56,2,10,17,1,3,1,15,4,3,9,1,0,h,1.0578947368421054,1.7786842105263159,F1_laliga,2026-05-22 10:28:50.648278
1454,56,2,17,10,0,1,3,14,5,3,16,1,0,D,2.288684210526316,1.2347368421052631,F1_laliga,2026-05-22 10:28:50.648293
1455,57,2,10,20,1,0,2,10,3,2,11,5,0,a,1.0578947368421054,1.7786842105263159,F1_laliga,2026-05-22 10:28:50.648350
1456,57,2,20,10,0,2,0,9,4,5,16,2,0,D,1.9792105263157893,1.3107894736842105,F1_laliga,2026-05-22 10:28:50.648364
1457,58,2,10,2,1,5,2,21,5,5,9,1,0,h,1.0578947368421054,1.7786842105263159,F1_laliga,2026-05-22 10:28:50.648417
1458,58,2,2,10,0,2,5,14,6,3,17,1,0,D,1.785,0.9705263157894738,F1_laliga,2026-05-22 10:28:50.648431
1459,59,2,10,19,1,3,2,16,7,9,10,6,0,h,1.0578947368421054,1.7786842105263159,F1_laliga,2026-05-22 10:28:50.648484
1460,59,2,19,10,0,2,3,12,8,7,8,2,0,D,1.8773684210526316,1.2973684210526315,F1_laliga,2026-05-22 10:28:50.648498
1461,60,2,10,15,1,0,2,11,5,3,17,0,0,a,1.0578947368421054,1.7786842105263159,F1_laliga,2026-05-22 10:28:50.648569
1462,60,2,15,10,0,2,0,8,2,4,13,0,0,D,1.8847368421052633,1.259736842105263,F1_laliga,2026-05-22 10:28:50.648595
1463,61,2,10,13,1,2,0,14,4,6,12,2,0,h,1.0578947368421054,1.7786842105263159,F1_laliga,2026-05-22 10:28:50.648661
1464,61,2,13,10,0,0,2,11,6,5,5,3,0,D,1.5421052631578949,1.4221052631578948,F1_laliga,2026-05-22 10:28:50.648674
1465,62,2,10,6,1,0,2,11,6,4,15,2,0,a,1.0578947368421054,1.7786842105263159,F1_laliga,2026-05-22 10:28:50.648731
1466,62,2,6,10,0,2,0,13,2,0,19,3,1,D,1.5513157894736842,1.4252631578947368,F1_laliga,2026-05-22 10:28:50.648744
1467,63,2,10,7,1,2,0,8,5,6,11,1,0,a,1.0578947368421054,1.7786842105263159,F1_laliga,2026-05-22 10:28:50.648800
1468,63,2,7,10,0,0,2,8,1,5,12,1,0,D,1.3276315789473685,1.3571052631578948,F1_laliga,2026-05-22 10:28:50.648814
1469,64,2,10,14,1,0,1,13,4,7,13,2,0,h,1.0578947368421054,1.7786842105263159,F1_laliga,2026-05-22 10:28:50.648870
1470,64,2,14,10,0,1,0,14,2,5,12,5,0,D,1.4726315789473685,1.3428947368421054,F1_laliga,2026-05-22 10:28:50.648884
1471,65,2,10,8,1,1,1,7,4,7,11,2,0,h,1.0578947368421054,1.7786842105263159,F1_laliga,2026-05-22 10:28:50.648939
1472,65,2,8,10,0,1,1,7,6,1,13,2,0,D,1.1410526315789473,1.6102631578947368,F1_laliga,2026-05-22 10:28:50.648955
1473,66,2,10,12,1,2,0,17,3,3,9,2,0,h,1.0578947368421054,1.7786842105263159,F1_laliga,2026-05-22 10:28:50.649009
1474,66,2,12,10,0,0,2,6,4,7,7,1,0,D,1.541842105263158,1.4397368421052632,F1_laliga,2026-05-22 10:28:50.649022
1475,67,2,10,1,1,1,1,16,4,9,12,3,0,d,1.0578947368421054,1.7786842105263159,F1_laliga,2026-05-22 10:28:50.649079
1476,67,2,1,10,0,1,1,10,4,1,12,2,1,D,1.5813157894736842,1.466578947368421,F1_laliga,2026-05-22 10:28:50.649092
1477,68,2,10,5,1,3,3,16,7,3,13,2,1,d,1.0578947368421054,1.7786842105263159,F1_laliga,2026-05-22 10:28:50.649147
1478,68,2,5,10,0,3,3,11,4,4,19,2,0,D,1.1547368421052633,1.7807894736842105,F1_laliga,2026-05-22 10:28:50.649160
1479,69,2,10,9,1,1,1,11,1,2,11,3,0,h,1.0578947368421054,1.7786842105263159,F1_laliga,2026-05-22 10:28:50.649222
1480,69,2,9,10,0,1,1,9,7,3,11,0,0,D,1.1368421052631579,1.5555263157894736,F1_laliga,2026-05-22 10:28:50.649235
1481,70,2,10,11,1,1,1,13,4,4,14,0,0,d,1.0578947368421054,1.7786842105263159,F1_laliga,2026-05-22 10:28:50.649295
1482,70,2,11,10,0,1,1,10,2,2,10,1,0,D,1.0910526315789475,2.1178947368421053,F1_laliga,2026-05-22 10:28:50.649311
1483,71,2,11,16,1,2,0,17,5,1,13,0,1,h,1.0910526315789475,2.1178947368421053,F1_laliga,2026-05-22 10:28:50.649369
1484,71,2,16,11,0,0,2,15,5,4,19,2,0,D,2.49,0.8271052631578947,F1_laliga,2026-05-22 10:28:50.649383
1485,72,2,11,4,1,4,0,15,3,7,13,5,0,h,1.0910526315789475,2.1178947368421053,F1_laliga,2026-05-22 10:28:50.649437
1486,72,2,4,11,0,0,4,12,3,1,11,2,0,D,2.0500000000000003,0.758421052631579,F1_laliga,2026-05-22 10:28:50.649450
1487,73,2,11,3,1,0,4,16,10,4,17,2,0,a,1.0910526315789475,2.1178947368421053,F1_laliga,2026-05-22 10:28:50.649503
1488,73,2,3,11,0,4,0,9,8,0,8,5,0,D,2.215526315789474,1.1007894736842105,F1_laliga,2026-05-22 10:28:50.649516
1489,74,2,11,18,1,2,0,15,5,3,12,2,0,h,1.0910526315789475,2.1178947368421053,F1_laliga,2026-05-22 10:28:50.649592
1490,74,2,18,11,0,0,2,9,2,1,20,3,0,D,2.403421052631579,0.9710526315789473,F1_laliga,2026-05-22 10:28:50.649606
1491,75,2,11,17,1,2,1,21,10,4,16,1,0,h,1.0910526315789475,2.1178947368421053,F1_laliga,2026-05-22 10:28:50.649672
1492,75,2,17,11,0,1,2,12,5,3,10,1,0,D,2.288684210526316,1.2347368421052631,F1_laliga,2026-05-22 10:28:50.649687
1493,76,2,11,20,1,0,1,17,5,3,7,1,0,a,1.0910526315789475,2.1178947368421053,F1_laliga,2026-05-22 10:28:50.649745
1494,76,2,20,11,0,1,0,6,4,4,13,1,0,D,1.9792105263157893,1.3107894736842105,F1_laliga,2026-05-22 10:28:50.649758
1495,77,2,11,2,1,1,1,17,8,6,10,2,1,d,1.0910526315789475,2.1178947368421053,F1_laliga,2026-05-22 10:28:50.649814
1496,77,2,2,11,0,1,1,10,6,2,20,2,0,D,1.785,0.9705263157894738,F1_laliga,2026-05-22 10:28:50.649827
1497,78,2,11,19,1,1,1,12,6,5,14,1,0,d,1.0910526315789475,2.1178947368421053,F1_laliga,2026-05-22 10:28:50.649882
1498,78,2,19,11,0,1,1,10,4,2,11,3,0,D,1.8773684210526316,1.2973684210526315,F1_laliga,2026-05-22 10:28:50.649895
1499,38,2,11,15,1,0,3,10,2,6,15,4,1,a,1.0910526315789475,2.1178947368421053,F1_laliga,2026-05-22 10:28:50.649950
1500,38,2,15,11,0,3,0,15,1,5,9,2,0,D,1.8847368421052633,1.259736842105263,F1_laliga,2026-05-22 10:28:50.649963
1501,39,2,11,13,1,1,2,11,6,5,14,4,0,h,1.0910526315789475,2.1178947368421053,F1_laliga,2026-05-22 10:28:50.650016
1502,39,2,13,11,0,2,1,7,5,2,5,2,0,D,1.5421052631578949,1.4221052631578948,F1_laliga,2026-05-22 10:28:50.650032
1503,40,2,11,6,1,3,0,9,4,1,8,0,0,h,1.0910526315789475,2.1178947368421053,F1_laliga,2026-05-22 10:28:50.650084
1504,40,2,6,11,0,0,3,10,7,1,7,2,0,D,1.5513157894736842,1.4252631578947368,F1_laliga,2026-05-22 10:28:50.650097
1505,41,2,11,7,1,1,1,12,4,5,10,2,0,d,1.0910526315789475,2.1178947368421053,F1_laliga,2026-05-22 10:28:50.650150
1506,41,2,7,11,0,1,1,14,3,8,12,3,0,D,1.3276315789473685,1.3571052631578948,F1_laliga,2026-05-22 10:28:50.650163
1507,42,2,11,14,1,2,1,10,7,5,15,2,0,h,1.0910526315789475,2.1178947368421053,F1_laliga,2026-05-22 10:28:50.650215
1508,42,2,14,11,0,1,2,13,4,5,12,2,0,D,1.4726315789473685,1.3428947368421054,F1_laliga,2026-05-22 10:28:50.650228
1509,43,2,11,8,1,1,1,19,8,6,11,1,1,d,1.0910526315789475,2.1178947368421053,F1_laliga,2026-05-22 10:28:50.650287
1510,43,2,8,11,0,1,1,11,5,4,11,2,0,D,1.1410526315789473,1.6102631578947368,F1_laliga,2026-05-22 10:28:50.650301
1511,44,2,11,12,1,0,3,15,3,2,10,0,0,a,1.0910526315789475,2.1178947368421053,F1_laliga,2026-05-22 10:28:50.650360
1512,44,2,12,11,0,3,0,7,3,3,16,1,0,D,1.541842105263158,1.4397368421052632,F1_laliga,2026-05-22 10:28:50.650376
1513,45,2,11,1,1,0,2,21,4,5,11,4,1,a,1.0910526315789475,2.1178947368421053,F1_laliga,2026-05-22 10:28:50.650430
1514,45,2,1,11,0,2,0,9,5,8,10,2,1,D,1.5813157894736842,1.466578947368421,F1_laliga,2026-05-22 10:28:50.650443
1515,46,2,11,5,1,1,1,12,6,8,11,2,0,a,1.0910526315789475,2.1178947368421053,F1_laliga,2026-05-22 10:28:50.650496
1516,46,2,5,11,0,1,1,9,1,6,14,3,0,D,1.1547368421052633,1.7807894736842105,F1_laliga,2026-05-22 10:28:50.650510
1517,47,2,11,9,1,0,3,15,5,4,16,3,0,a,1.0910526315789475,2.1178947368421053,F1_laliga,2026-05-22 10:28:50.650586
1518,47,2,9,11,0,3,0,9,3,7,9,1,0,D,1.1368421052631579,1.5555263157894736,F1_laliga,2026-05-22 10:28:50.650601
1519,48,2,11,10,1,1,1,16,1,2,14,2,0,h,1.0910526315789475,2.1178947368421053,F1_laliga,2026-05-22 10:28:50.650667
1520,48,2,10,11,0,1,1,10,2,3,15,3,0,D,1.0578947368421054,1.7786842105263159,F1_laliga,2026-05-22 10:28:50.650681
1521,79,3,16,4,1,1,3,12,7,7,11,1,0,a,2.030263157894737,0.7278947368421053,F1_laliga,2026-05-22 10:28:50.650738
1522,79,3,4,16,0,3,1,8,4,3,13,2,0,D,1.8557894736842104,0.7673684210526316,F1_laliga,2026-05-22 10:28:50.650756
1523,80,3,16,3,1,2,1,9,5,6,14,2,0,h,2.030263157894737,0.7278947368421053,F1_laliga,2026-05-22 10:28:50.650838
1524,80,3,3,16,0,1,2,11,5,4,15,2,0,D,1.8355263157894737,0.7726315789473684,F1_laliga,2026-05-22 10:28:50.650852
1525,81,3,16,18,1,1,0,18,3,5,18,2,0,a,2.030263157894737,0.7278947368421053,F1_laliga,2026-05-22 10:28:50.650910
1526,81,3,18,16,0,0,1,10,4,4,8,2,0,D,2.149736842105263,1.0773684210526315,F1_laliga,2026-05-22 10:28:50.650923
1527,82,3,16,17,1,3,1,13,3,7,18,6,0,h,2.030263157894737,0.7278947368421053,F1_laliga,2026-05-22 10:28:50.650980
1528,82,3,17,16,0,1,3,14,3,3,8,3,0,D,1.8,1.0307894736842105,F1_laliga,2026-05-22 10:28:50.650994
1529,83,3,16,20,1,3,3,11,4,6,12,2,0,h,2.030263157894737,0.7278947368421053,F1_laliga,2026-05-22 10:28:50.651048
1530,83,3,20,16,0,3,3,11,2,7,16,4,1,D,1.569736842105263,1.0939473684210526,F1_laliga,2026-05-22 10:28:50.651062
1531,84,3,16,2,1,0,2,15,5,7,16,0,1,a,2.030263157894737,0.7278947368421053,F1_laliga,2026-05-22 10:28:50.651115
1532,84,3,2,16,0,2,0,11,6,0,13,3,0,D,1.6192105263157894,1.0997368421052631,F1_laliga,2026-05-22 10:28:50.651130
1533,85,3,16,19,1,0,0,16,8,7,7,1,0,d,2.030263157894737,0.7278947368421053,F1_laliga,2026-05-22 10:28:50.651183
1534,85,3,19,16,0,0,0,7,4,5,15,3,0,D,1.8597368421052631,1.141315789473684,F1_laliga,2026-05-22 10:28:50.651196
1535,86,3,16,15,1,3,3,15,8,4,12,3,0,d,2.030263157894737,0.7278947368421053,F1_laliga,2026-05-22 10:28:50.651250
1536,86,3,15,16,0,3,3,11,3,4,13,2,0,D,1.6626315789473685,1.3163157894736843,F1_laliga,2026-05-22 10:28:50.651264
1537,87,3,16,13,1,0,5,11,4,8,16,3,0,a,2.030263157894737,0.7278947368421053,F1_laliga,2026-05-22 10:28:50.651328
1538,87,3,13,16,0,5,0,6,4,2,13,1,0,D,1.7534210526315788,1.3757894736842105,F1_laliga,2026-05-22 10:28:50.651342
1539,88,3,16,6,1,2,2,11,2,8,12,1,0,a,2.030263157894737,0.7278947368421053,F1_laliga,2026-05-22 10:28:50.651397
1540,88,3,6,16,0,2,2,10,4,2,11,2,0,D,1.2613157894736842,1.2984210526315791,F1_laliga,2026-05-22 10:28:50.651411
1541,89,3,16,7,1,2,2,14,6,3,13,0,0,h,2.030263157894737,0.7278947368421053,F1_laliga,2026-05-22 10:28:50.651510
1542,89,3,7,16,0,2,2,9,4,4,6,1,0,D,1.7078947368421054,1.4565789473684212,F1_laliga,2026-05-22 10:28:50.651528
1543,90,3,16,14,1,5,0,13,4,6,17,2,0,h,2.030263157894737,0.7278947368421053,F1_laliga,2026-05-22 10:28:50.651650
1544,90,3,14,16,0,0,5,10,5,6,9,2,0,D,1.206842105263158,1.4844736842105262,F1_laliga,2026-05-22 10:28:50.651665
1545,91,3,16,8,1,3,2,13,4,4,7,3,0,h,2.030263157894737,0.7278947368421053,F1_laliga,2026-05-22 10:28:50.651724
1546,91,3,8,16,0,2,3,15,4,6,10,2,0,D,1.4994736842105263,1.013684210526316,F1_laliga,2026-05-22 10:28:50.651738
1547,92,3,16,12,1,0,1,15,3,2,13,3,0,a,2.030263157894737,0.7278947368421053,F1_laliga,2026-05-22 10:28:50.651793
1548,92,3,12,16,0,1,0,16,5,3,16,2,0,D,1.2415789473684211,1.6286842105263157,F1_laliga,2026-05-22 10:28:50.651806
1549,93,3,16,1,1,2,1,20,5,6,9,1,0,h,2.030263157894737,0.7278947368421053,F1_laliga,2026-05-22 10:28:50.651861
1550,93,3,1,16,0,1,2,9,4,5,8,2,0,D,1.6626315789473685,1.569736842105263,F1_laliga,2026-05-22 10:28:50.651874
1551,94,3,16,5,1,4,1,10,6,8,13,3,0,h,2.030263157894737,0.7278947368421053,F1_laliga,2026-05-22 10:28:50.651928
1552,94,3,5,16,0,1,4,7,5,5,12,1,0,D,0.9936842105263157,1.6805263157894736,F1_laliga,2026-05-22 10:28:50.651944
1553,95,3,16,9,1,0,3,14,6,4,16,1,0,a,2.030263157894737,0.7278947368421053,F1_laliga,2026-05-22 10:28:50.651999
1554,95,3,9,16,0,3,0,14,1,2,15,1,0,D,1.3244736842105262,1.5997368421052631,F1_laliga,2026-05-22 10:28:50.652013
1555,96,3,16,10,1,1,3,10,2,6,8,3,1,a,2.030263157894737,0.7278947368421053,F1_laliga,2026-05-22 10:28:50.652066
1556,96,3,10,16,0,3,1,12,0,9,9,2,0,D,1.2813157894736842,1.5563157894736843,F1_laliga,2026-05-22 10:28:50.652080
1557,97,3,16,11,1,1,0,10,6,5,15,3,0,h,2.030263157894737,0.7278947368421053,F1_laliga,2026-05-22 10:28:50.652135
1558,97,3,11,16,0,0,1,11,5,5,14,0,0,D,1.2307894736842107,1.6436842105263159,F1_laliga,2026-05-22 10:28:50.652149
1559,98,3,4,16,1,1,1,10,8,1,6,3,0,d,1.8557894736842104,0.7673684210526316,F1_laliga,2026-05-22 10:28:50.652203
1560,98,3,16,4,0,1,1,18,1,5,12,3,0,D,2.030263157894737,0.7278947368421053,F1_laliga,2026-05-22 10:28:50.652217
1561,99,3,4,3,1,1,1,19,5,2,9,1,0,a,1.8557894736842104,0.7673684210526316,F1_laliga,2026-05-22 10:28:50.652270
1562,99,3,3,4,0,1,1,16,2,1,10,2,0,D,1.8355263157894737,0.7726315789473684,F1_laliga,2026-05-22 10:28:50.652292
1563,100,3,4,18,1,1,2,8,9,4,12,4,0,a,1.8557894736842104,0.7673684210526316,F1_laliga,2026-05-22 10:28:50.652351
1564,100,3,18,4,0,2,1,8,3,3,9,1,0,D,2.149736842105263,1.0773684210526315,F1_laliga,2026-05-22 10:28:50.652364
1565,101,3,4,17,1,2,2,13,5,5,7,3,1,d,1.8557894736842104,0.7673684210526316,F1_laliga,2026-05-22 10:28:50.652418
1566,101,3,17,4,0,2,2,6,2,6,12,2,0,D,1.8,1.0307894736842105,F1_laliga,2026-05-22 10:28:50.652432
1567,102,3,4,20,1,1,1,20,4,2,15,1,0,d,1.8557894736842104,0.7673684210526316,F1_laliga,2026-05-22 10:28:50.652484
1568,102,3,20,4,0,1,1,12,3,4,10,2,0,D,1.569736842105263,1.0939473684210526,F1_laliga,2026-05-22 10:28:50.652498
1569,103,3,4,2,1,4,1,8,8,8,17,3,0,h,1.8557894736842104,0.7673684210526316,F1_laliga,2026-05-22 10:28:50.652551
1570,103,3,2,4,0,1,4,8,6,3,10,3,0,D,1.6192105263157894,1.0997368421052631,F1_laliga,2026-05-22 10:28:50.652591
1571,104,3,4,19,1,0,3,13,4,6,18,3,0,a,1.8557894736842104,0.7673684210526316,F1_laliga,2026-05-22 10:28:50.652658
1572,104,3,19,4,0,3,0,9,8,2,10,0,0,D,1.8597368421052631,1.141315789473684,F1_laliga,2026-05-22 10:28:50.652673
1573,105,3,4,15,1,1,0,17,2,4,9,1,0,a,1.8557894736842104,0.7673684210526316,F1_laliga,2026-05-22 10:28:50.652731
1574,105,3,15,4,0,0,1,7,5,4,12,4,0,D,1.6626315789473685,1.3163157894736843,F1_laliga,2026-05-22 10:28:50.652744
1575,106,3,4,13,1,4,2,11,3,4,10,3,0,h,1.8557894736842104,0.7673684210526316,F1_laliga,2026-05-22 10:28:50.652799
1576,106,3,13,4,0,2,4,10,4,9,11,2,0,D,1.7534210526315788,1.3757894736842105,F1_laliga,2026-05-22 10:28:50.652813
1577,107,3,4,6,1,0,0,9,5,4,18,3,0,d,1.8557894736842104,0.7673684210526316,F1_laliga,2026-05-22 10:28:50.652869
1578,107,3,6,4,0,0,0,8,6,6,8,3,0,D,1.2613157894736842,1.2984210526315791,F1_laliga,2026-05-22 10:28:50.652883
1579,108,3,4,7,1,0,0,12,7,3,9,3,0,d,1.8557894736842104,0.7673684210526316,F1_laliga,2026-05-22 10:28:50.652939
1580,108,3,7,4,0,0,0,7,6,4,7,0,0,D,1.7078947368421054,1.4565789473684212,F1_laliga,2026-05-22 10:28:50.652953
1581,109,3,4,14,1,2,3,6,3,5,12,4,0,h,1.8557894736842104,0.7673684210526316,F1_laliga,2026-05-22 10:28:50.653008
1582,109,3,14,4,0,3,2,6,4,3,8,2,0,D,1.206842105263158,1.4844736842105262,F1_laliga,2026-05-22 10:28:50.653023
1583,110,3,4,8,1,0,0,12,11,5,7,0,0,a,1.8557894736842104,0.7673684210526316,F1_laliga,2026-05-22 10:28:50.653078
1584,110,3,8,4,0,0,0,10,7,5,16,2,0,D,1.4994736842105263,1.013684210526316,F1_laliga,2026-05-22 10:28:50.653092
1585,111,3,4,12,1,1,1,14,6,4,11,3,0,d,1.8557894736842104,0.7673684210526316,F1_laliga,2026-05-22 10:28:50.653194
1586,111,3,12,4,0,1,1,10,3,4,12,0,0,D,1.2415789473684211,1.6286842105263157,F1_laliga,2026-05-22 10:28:50.653210
1587,112,3,4,1,1,0,0,13,3,3,16,2,0,h,1.8557894736842104,0.7673684210526316,F1_laliga,2026-05-22 10:28:50.653296
1588,112,3,1,4,0,0,0,12,6,3,10,2,0,D,1.6626315789473685,1.569736842105263,F1_laliga,2026-05-22 10:28:50.653321
1589,113,3,4,5,1,1,1,14,5,1,8,1,0,d,1.8557894736842104,0.7673684210526316,F1_laliga,2026-05-22 10:28:50.653387
1590,113,3,5,4,0,1,1,8,6,5,14,1,0,D,0.9936842105263157,1.6805263157894736,F1_laliga,2026-05-22 10:28:50.653401
1591,114,3,4,9,1,2,2,11,2,7,11,0,0,d,1.8557894736842104,0.7673684210526316,F1_laliga,2026-05-22 10:28:50.653456
1592,114,3,9,4,0,2,2,9,4,7,18,1,0,D,1.3244736842105262,1.5997368421052631,F1_laliga,2026-05-22 10:28:50.653473
1593,115,3,4,10,1,0,5,11,11,6,7,2,0,a,1.8557894736842104,0.7673684210526316,F1_laliga,2026-05-22 10:28:50.653530
1594,115,3,10,4,0,5,0,12,5,6,12,1,0,D,1.2813157894736842,1.5563157894736843,F1_laliga,2026-05-22 10:28:50.653544
1595,116,3,4,11,1,4,4,17,3,7,5,2,0,d,1.8557894736842104,0.7673684210526316,F1_laliga,2026-05-22 10:28:50.653637
1596,116,3,11,4,0,4,4,11,3,3,22,5,0,D,1.2307894736842107,1.6436842105263159,F1_laliga,2026-05-22 10:28:50.653652
1597,117,3,3,16,1,1,1,19,7,7,17,2,0,h,1.8355263157894737,0.7726315789473684,F1_laliga,2026-05-22 10:28:50.653712
1598,117,3,16,3,0,1,1,12,4,4,11,3,0,D,2.030263157894737,0.7278947368421053,F1_laliga,2026-05-22 10:28:50.653726
1599,118,3,3,4,1,1,0,20,7,8,12,0,0,h,1.8355263157894737,0.7726315789473684,F1_laliga,2026-05-22 10:28:50.653782
1600,118,3,4,3,0,0,1,12,3,1,19,5,1,D,1.8557894736842104,0.7673684210526316,F1_laliga,2026-05-22 10:28:50.653796
1601,119,3,3,18,1,2,1,13,5,2,16,1,0,h,1.8355263157894737,0.7726315789473684,F1_laliga,2026-05-22 10:28:50.653850
1602,119,3,18,3,0,1,2,11,3,3,9,0,0,D,2.149736842105263,1.0773684210526315,F1_laliga,2026-05-22 10:28:50.653864
1603,120,3,3,17,1,2,2,19,5,6,10,5,0,a,1.8355263157894737,0.7726315789473684,F1_laliga,2026-05-22 10:28:50.653920
1604,120,3,17,3,0,2,2,9,3,5,12,2,0,D,1.8,1.0307894736842105,F1_laliga,2026-05-22 10:28:50.653933
1605,121,3,3,20,1,0,0,16,7,4,11,1,0,d,1.8355263157894737,0.7726315789473684,F1_laliga,2026-05-22 10:28:50.653988
1606,121,3,20,3,0,0,0,7,3,5,13,2,0,D,1.569736842105263,1.0939473684210526,F1_laliga,2026-05-22 10:28:50.654001
1607,79,3,3,2,1,1,1,15,3,6,9,3,0,d,1.8355263157894737,0.7726315789473684,F1_laliga,2026-05-22 10:28:50.654054
1608,79,3,2,3,0,1,1,11,6,7,8,1,0,D,1.6192105263157894,1.0997368421052631,F1_laliga,2026-05-22 10:28:50.654068
1609,80,3,3,19,1,0,0,11,10,5,19,2,0,h,1.8355263157894737,0.7726315789473684,F1_laliga,2026-05-22 10:28:50.654121
1610,80,3,19,3,0,0,0,11,7,4,12,1,0,D,1.8597368421052631,1.141315789473684,F1_laliga,2026-05-22 10:28:50.654135
1611,81,3,3,15,1,2,2,21,4,4,14,1,0,d,1.8355263157894737,0.7726315789473684,F1_laliga,2026-05-22 10:28:50.654190
1612,81,3,15,3,0,2,2,8,3,7,7,0,0,D,1.6626315789473685,1.3163157894736843,F1_laliga,2026-05-22 10:28:50.654205
1613,82,3,3,13,1,1,1,13,9,6,10,4,0,h,1.8355263157894737,0.7726315789473684,F1_laliga,2026-05-22 10:28:50.654258
1614,82,3,13,3,0,1,1,9,4,4,13,2,0,D,1.7534210526315788,1.3757894736842105,F1_laliga,2026-05-22 10:28:50.654278
1615,83,3,3,6,1,4,0,12,8,5,8,0,0,h,1.8355263157894737,0.7726315789473684,F1_laliga,2026-05-22 10:28:50.654338
1616,83,3,6,3,0,0,4,13,4,5,7,1,0,D,1.2613157894736842,1.2984210526315791,F1_laliga,2026-05-22 10:28:50.654351
1617,84,3,3,7,1,0,0,10,6,2,8,3,0,d,1.8355263157894737,0.7726315789473684,F1_laliga,2026-05-22 10:28:50.654405
1618,84,3,7,3,0,0,0,6,5,7,12,3,0,D,1.7078947368421054,1.4565789473684212,F1_laliga,2026-05-22 10:28:50.654419
1619,85,3,3,14,1,2,2,13,9,2,16,2,0,h,1.8355263157894737,0.7726315789473684,F1_laliga,2026-05-22 10:28:50.654473
1620,85,3,14,3,0,2,2,10,2,4,14,2,0,D,1.206842105263158,1.4844736842105262,F1_laliga,2026-05-22 10:28:50.654487
1621,86,3,3,8,1,2,2,13,6,7,13,2,0,d,1.8355263157894737,0.7726315789473684,F1_laliga,2026-05-22 10:28:50.654539
1622,86,3,8,3,0,2,2,9,6,4,16,3,0,D,1.4994736842105263,1.013684210526316,F1_laliga,2026-05-22 10:28:50.654575
1623,87,3,3,12,1,1,1,8,8,2,16,5,0,a,1.8355263157894737,0.7726315789473684,F1_laliga,2026-05-22 10:28:50.654644
1624,87,3,12,3,0,1,1,9,4,2,8,0,1,D,1.2415789473684211,1.6286842105263157,F1_laliga,2026-05-22 10:28:50.654658
1625,88,3,3,1,1,3,1,12,7,6,12,3,0,h,1.8355263157894737,0.7726315789473684,F1_laliga,2026-05-22 10:28:50.654714
1626,88,3,1,3,0,1,3,8,2,5,10,4,0,D,1.6626315789473685,1.569736842105263,F1_laliga,2026-05-22 10:28:50.654727
1627,89,3,3,5,1,3,3,15,5,6,11,2,0,d,1.8355263157894737,0.7726315789473684,F1_laliga,2026-05-22 10:28:50.654783
1628,89,3,5,3,0,3,3,5,5,6,10,3,0,D,0.9936842105263157,1.6805263157894736,F1_laliga,2026-05-22 10:28:50.654797
1629,90,3,3,9,1,1,5,14,7,5,19,1,0,a,1.8355263157894737,0.7726315789473684,F1_laliga,2026-05-22 10:28:50.654853
1630,90,3,9,3,0,5,1,14,3,5,11,3,0,D,1.3244736842105262,1.5997368421052631,F1_laliga,2026-05-22 10:28:50.654867
1631,91,3,3,10,1,4,0,17,5,5,7,2,0,h,1.8355263157894737,0.7726315789473684,F1_laliga,2026-05-22 10:28:50.654921
1632,91,3,10,3,0,0,4,12,5,3,12,0,0,D,1.2813157894736842,1.5563157894736843,F1_laliga,2026-05-22 10:28:50.654937
1633,92,3,3,11,1,3,1,20,5,4,17,2,0,h,1.8355263157894737,0.7726315789473684,F1_laliga,2026-05-22 10:28:50.654990
1634,92,3,11,3,0,1,3,3,3,5,9,0,0,D,1.2307894736842107,1.6436842105263159,F1_laliga,2026-05-22 10:28:50.655003
1635,93,3,18,16,1,0,2,11,5,5,11,3,0,a,2.149736842105263,1.0773684210526315,F1_laliga,2026-05-22 10:28:50.655056
1636,93,3,16,18,0,2,0,11,1,6,7,0,0,D,2.030263157894737,0.7278947368421053,F1_laliga,2026-05-22 10:28:50.655069
1637,94,3,18,4,1,1,1,10,6,2,10,2,0,d,2.149736842105263,1.0773684210526315,F1_laliga,2026-05-22 10:28:50.655122
1638,94,3,4,18,0,1,1,8,4,5,7,2,0,D,1.8557894736842104,0.7673684210526316,F1_laliga,2026-05-22 10:28:50.655136
1639,95,3,18,3,1,1,2,16,1,5,15,6,0,h,2.149736842105263,1.0773684210526315,F1_laliga,2026-05-22 10:28:50.655190
1640,95,3,3,18,0,2,1,11,4,2,15,3,0,D,1.8355263157894737,0.7726315789473684,F1_laliga,2026-05-22 10:28:50.655204
1641,96,3,18,17,1,4,0,11,3,4,7,4,0,h,2.149736842105263,1.0773684210526315,F1_laliga,2026-05-22 10:28:50.655258
1642,96,3,17,18,0,0,4,9,3,3,15,3,0,D,1.8,1.0307894736842105,F1_laliga,2026-05-22 10:28:50.655281
1643,97,3,18,20,1,3,3,21,2,1,11,4,0,d,2.149736842105263,1.0773684210526315,F1_laliga,2026-05-22 10:28:50.655341
1644,97,3,20,18,0,3,3,13,3,3,11,0,0,D,1.569736842105263,1.0939473684210526,F1_laliga,2026-05-22 10:28:50.655354
1645,98,3,18,2,1,2,3,11,6,6,12,3,0,h,2.149736842105263,1.0773684210526315,F1_laliga,2026-05-22 10:28:50.655408
1646,98,3,2,18,0,3,2,8,2,7,13,2,0,D,1.6192105263157894,1.0997368421052631,F1_laliga,2026-05-22 10:28:50.655422
1647,99,3,18,19,1,1,1,10,6,5,7,2,0,d,2.149736842105263,1.0773684210526315,F1_laliga,2026-05-22 10:28:50.655506
1648,99,3,19,18,0,1,1,9,2,3,10,0,0,D,1.8597368421052631,1.141315789473684,F1_laliga,2026-05-22 10:28:50.655521
1649,100,3,18,15,1,2,1,13,8,7,9,3,0,h,2.149736842105263,1.0773684210526315,F1_laliga,2026-05-22 10:28:50.655612
1650,100,3,15,18,0,1,2,12,3,2,13,0,0,D,1.6626315789473685,1.3163157894736843,F1_laliga,2026-05-22 10:28:50.655627
1651,101,3,18,13,1,0,0,9,4,6,13,1,0,h,2.149736842105263,1.0773684210526315,F1_laliga,2026-05-22 10:28:50.655690
1652,101,3,13,18,0,0,0,15,3,5,12,2,0,D,1.7534210526315788,1.3757894736842105,F1_laliga,2026-05-22 10:28:50.655706
1653,102,3,18,6,1,0,0,11,5,6,15,3,0,a,2.149736842105263,1.0773684210526315,F1_laliga,2026-05-22 10:28:50.655763
1654,102,3,6,18,0,0,0,6,2,11,7,2,0,D,1.2613157894736842,1.2984210526315791,F1_laliga,2026-05-22 10:28:50.655777
1655,103,3,18,7,1,2,2,11,9,1,13,0,1,h,2.149736842105263,1.0773684210526315,F1_laliga,2026-05-22 10:28:50.655831
1656,103,3,7,18,0,2,2,6,3,10,12,5,0,D,1.7078947368421054,1.4565789473684212,F1_laliga,2026-05-22 10:28:50.655844
1657,104,3,18,14,1,5,0,21,7,4,14,0,0,h,2.149736842105263,1.0773684210526315,F1_laliga,2026-05-22 10:28:50.655898
1658,104,3,14,18,0,0,5,9,2,2,12,1,0,D,1.206842105263158,1.4844736842105262,F1_laliga,2026-05-22 10:28:50.655912
1659,105,3,18,8,1,1,0,19,3,4,10,3,0,h,2.149736842105263,1.0773684210526315,F1_laliga,2026-05-22 10:28:50.655965
1660,105,3,8,18,0,0,1,9,6,5,19,2,0,D,1.4994736842105263,1.013684210526316,F1_laliga,2026-05-22 10:28:50.655979
1661,106,3,18,12,1,1,1,16,3,5,11,1,0,d,2.149736842105263,1.0773684210526315,F1_laliga,2026-05-22 10:28:50.656032
1662,106,3,12,18,0,1,1,9,2,3,15,2,0,D,1.2415789473684211,1.6286842105263157,F1_laliga,2026-05-22 10:28:50.656048
1663,107,3,18,1,1,1,2,13,6,6,24,4,0,h,2.149736842105263,1.0773684210526315,F1_laliga,2026-05-22 10:28:50.656102
1664,107,3,1,18,0,2,1,4,4,8,7,1,0,D,1.6626315789473685,1.569736842105263,F1_laliga,2026-05-22 10:28:50.656116
1665,108,3,18,5,1,1,5,13,1,4,13,2,0,a,2.149736842105263,1.0773684210526315,F1_laliga,2026-05-22 10:28:50.656170
1666,108,3,5,18,0,5,1,13,4,5,14,2,0,D,0.9936842105263157,1.6805263157894736,F1_laliga,2026-05-22 10:28:50.656183
1667,109,3,18,9,1,0,0,14,2,7,11,2,0,d,2.149736842105263,1.0773684210526315,F1_laliga,2026-05-22 10:28:50.656236
1668,109,3,9,18,0,0,0,3,2,3,16,2,0,D,1.3244736842105262,1.5997368421052631,F1_laliga,2026-05-22 10:28:50.656250
1669,110,3,18,10,1,1,1,12,11,7,16,10,0,h,2.149736842105263,1.0773684210526315,F1_laliga,2026-05-22 10:28:50.656310
1670,110,3,10,18,0,1,1,10,4,2,13,2,0,D,1.2813157894736842,1.5563157894736843,F1_laliga,2026-05-22 10:28:50.656324
1671,111,3,18,11,1,2,0,12,5,5,13,3,0,h,2.149736842105263,1.0773684210526315,F1_laliga,2026-05-22 10:28:50.656380
1672,111,3,11,18,0,0,2,9,3,7,4,0,0,D,1.2307894736842107,1.6436842105263159,F1_laliga,2026-05-22 10:28:50.656395
1673,112,3,17,16,1,1,1,19,3,3,12,1,0,d,1.8,1.0307894736842105,F1_laliga,2026-05-22 10:28:50.656449
1674,112,3,16,17,0,1,1,6,2,1,5,6,0,D,2.030263157894737,0.7278947368421053,F1_laliga,2026-05-22 10:28:50.656463
1675,113,3,17,4,1,1,1,15,5,4,10,2,0,a,1.8,1.0307894736842105,F1_laliga,2026-05-22 10:28:50.656517
1676,113,3,4,17,0,1,1,13,1,2,13,1,0,D,1.8557894736842104,0.7673684210526316,F1_laliga,2026-05-22 10:28:50.656531
1677,114,3,17,3,1,1,2,6,3,5,10,3,0,a,1.8,1.0307894736842105,F1_laliga,2026-05-22 10:28:50.656610
1678,114,3,3,17,0,2,1,12,3,6,14,0,0,D,1.8355263157894737,0.7726315789473684,F1_laliga,2026-05-22 10:28:50.656624
1679,115,3,17,18,1,1,1,12,5,5,10,3,0,h,1.8,1.0307894736842105,F1_laliga,2026-05-22 10:28:50.656688
1680,115,3,18,17,0,1,1,9,6,7,6,3,0,D,2.149736842105263,1.0773684210526315,F1_laliga,2026-05-22 10:28:50.656701
1681,116,3,17,20,1,0,1,13,5,7,17,1,0,h,1.8,1.0307894736842105,F1_laliga,2026-05-22 10:28:50.656757
1682,116,3,20,17,0,1,0,5,8,4,11,2,0,D,1.569736842105263,1.0939473684210526,F1_laliga,2026-05-22 10:28:50.656772
1683,117,3,17,2,1,0,1,11,2,5,7,2,0,a,1.8,1.0307894736842105,F1_laliga,2026-05-22 10:28:50.656828
1684,117,3,2,17,0,1,0,14,4,6,14,3,0,D,1.6192105263157894,1.0997368421052631,F1_laliga,2026-05-22 10:28:50.656842
1685,118,3,17,19,1,2,0,9,7,5,14,3,0,h,1.8,1.0307894736842105,F1_laliga,2026-05-22 10:28:50.656896
1686,118,3,19,17,0,0,2,10,3,0,13,3,0,D,1.8597368421052631,1.141315789473684,F1_laliga,2026-05-22 10:28:50.656909
1687,119,3,17,15,1,1,1,17,9,5,15,2,0,h,1.8,1.0307894736842105,F1_laliga,2026-05-22 10:28:50.656963
1688,119,3,15,17,0,1,1,9,3,2,12,1,0,D,1.6626315789473685,1.3163157894736843,F1_laliga,2026-05-22 10:28:50.656976
1689,120,3,17,13,1,0,2,18,3,4,10,1,0,a,1.8,1.0307894736842105,F1_laliga,2026-05-22 10:28:50.657029
1690,120,3,13,17,0,2,0,10,4,5,11,2,0,D,1.7534210526315788,1.3757894736842105,F1_laliga,2026-05-22 10:28:50.657043
1691,121,3,17,6,1,1,1,9,9,5,7,0,0,h,1.8,1.0307894736842105,F1_laliga,2026-05-22 10:28:50.657095
1692,121,3,6,17,0,1,1,18,3,4,8,3,0,D,1.2613157894736842,1.2984210526315791,F1_laliga,2026-05-22 10:28:50.657110
1693,79,3,17,7,1,2,2,12,3,2,16,1,0,d,1.8,1.0307894736842105,F1_laliga,2026-05-22 10:28:50.657163
1694,79,3,7,17,0,2,2,15,7,5,6,2,0,D,1.7078947368421054,1.4565789473684212,F1_laliga,2026-05-22 10:28:50.657177
1695,80,3,17,14,1,0,0,12,2,7,10,4,0,d,1.8,1.0307894736842105,F1_laliga,2026-05-22 10:28:50.657230
1696,80,3,14,17,0,0,0,11,5,7,6,2,0,D,1.206842105263158,1.4844736842105262,F1_laliga,2026-05-22 10:28:50.657243
1697,81,3,17,8,1,1,0,16,3,8,13,1,0,h,1.8,1.0307894736842105,F1_laliga,2026-05-22 10:28:50.657303
1698,81,3,8,17,0,0,1,18,7,5,12,3,0,D,1.4994736842105263,1.013684210526316,F1_laliga,2026-05-22 10:28:50.657317
1699,82,3,17,12,1,0,0,14,5,8,13,2,0,d,1.8,1.0307894736842105,F1_laliga,2026-05-22 10:28:50.657374
1700,82,3,12,17,0,0,0,14,6,1,11,2,0,D,1.2415789473684211,1.6286842105263157,F1_laliga,2026-05-22 10:28:50.657387
1701,83,3,17,1,1,0,0,14,4,6,7,1,0,h,1.8,1.0307894736842105,F1_laliga,2026-05-22 10:28:50.657441
1702,83,3,1,17,0,0,0,10,2,5,11,2,0,D,1.6626315789473685,1.569736842105263,F1_laliga,2026-05-22 10:28:50.657456
1703,84,3,17,5,1,0,1,16,6,4,10,0,0,a,1.8,1.0307894736842105,F1_laliga,2026-05-22 10:28:50.657509
1704,84,3,5,17,0,1,0,13,4,1,11,2,0,D,0.9936842105263157,1.6805263157894736,F1_laliga,2026-05-22 10:28:50.657523
1705,85,3,17,9,1,3,3,11,5,7,11,1,0,d,1.8,1.0307894736842105,F1_laliga,2026-05-22 10:28:50.657598
1706,85,3,9,17,0,3,3,8,6,3,8,1,0,D,1.3244736842105262,1.5997368421052631,F1_laliga,2026-05-22 10:28:50.657613
1707,86,3,17,10,1,0,2,17,3,6,6,5,0,h,1.8,1.0307894736842105,F1_laliga,2026-05-22 10:28:50.657676
1708,86,3,10,17,0,2,0,12,8,3,10,0,0,D,1.2813157894736842,1.5563157894736843,F1_laliga,2026-05-22 10:28:50.657690
1709,87,3,17,11,1,1,1,11,7,3,10,5,0,h,1.8,1.0307894736842105,F1_laliga,2026-05-22 10:28:50.657744
1710,87,3,11,17,0,1,1,7,3,5,8,1,0,D,1.2307894736842107,1.6436842105263159,F1_laliga,2026-05-22 10:28:50.657758
1711,88,3,20,16,1,4,3,14,4,3,6,2,0,h,1.569736842105263,1.0939473684210526,F1_laliga,2026-05-22 10:28:50.657812
1712,88,3,16,20,0,3,4,12,1,1,13,3,0,D,2.030263157894737,0.7278947368421053,F1_laliga,2026-05-22 10:28:50.657826
1713,89,3,20,4,1,1,3,16,4,3,8,2,0,a,1.569736842105263,1.0939473684210526,F1_laliga,2026-05-22 10:28:50.657881
1714,89,3,4,20,0,3,1,11,2,6,14,3,0,D,1.8557894736842104,0.7673684210526316,F1_laliga,2026-05-22 10:28:50.657895
1715,90,3,20,3,1,0,5,15,9,4,10,1,0,a,1.569736842105263,1.0939473684210526,F1_laliga,2026-05-22 10:28:50.657949
1716,90,3,3,20,0,5,0,11,3,1,7,3,0,D,1.8355263157894737,0.7726315789473684,F1_laliga,2026-05-22 10:28:50.657962
1717,91,3,20,18,1,1,0,21,3,6,20,3,0,h,1.569736842105263,1.0939473684210526,F1_laliga,2026-05-22 10:28:50.658015
1718,91,3,18,20,0,0,1,10,2,8,9,2,0,D,2.149736842105263,1.0773684210526315,F1_laliga,2026-05-22 10:28:50.658029
1719,92,3,20,17,1,1,1,11,6,8,17,2,0,d,1.569736842105263,1.0939473684210526,F1_laliga,2026-05-22 10:28:50.658081
1720,92,3,17,20,0,1,1,6,1,4,9,3,1,D,1.8,1.0307894736842105,F1_laliga,2026-05-22 10:28:50.658095
1721,93,3,20,2,1,1,2,16,7,8,19,2,0,h,1.569736842105263,1.0939473684210526,F1_laliga,2026-05-22 10:28:50.658147
1722,93,3,2,20,0,2,1,9,4,6,15,3,0,D,1.6192105263157894,1.0997368421052631,F1_laliga,2026-05-22 10:28:50.658162
1723,94,3,20,19,1,1,2,13,6,3,10,1,0,a,1.569736842105263,1.0939473684210526,F1_laliga,2026-05-22 10:28:50.658216
1724,94,3,19,20,0,2,1,10,2,5,13,1,0,D,1.8597368421052631,1.141315789473684,F1_laliga,2026-05-22 10:28:50.658229
1725,95,3,20,15,1,2,3,14,1,4,13,1,0,h,1.569736842105263,1.0939473684210526,F1_laliga,2026-05-22 10:28:50.658286
1726,95,3,15,20,0,3,2,8,8,4,13,0,0,D,1.6626315789473685,1.3163157894736843,F1_laliga,2026-05-22 10:28:50.658300
1727,96,3,20,13,1,0,0,15,2,6,11,6,0,a,1.569736842105263,1.0939473684210526,F1_laliga,2026-05-22 10:28:50.658359
1728,96,3,13,20,0,0,0,8,5,3,7,2,0,D,1.7534210526315788,1.3757894736842105,F1_laliga,2026-05-22 10:28:50.658372
1729,97,3,20,6,1,1,2,17,5,4,12,0,0,h,1.569736842105263,1.0939473684210526,F1_laliga,2026-05-22 10:28:50.658425
1730,97,3,6,20,0,2,1,8,4,4,11,2,0,D,1.2613157894736842,1.2984210526315791,F1_laliga,2026-05-22 10:28:50.658439
1731,98,3,20,7,1,0,0,9,3,6,10,1,1,d,1.569736842105263,1.0939473684210526,F1_laliga,2026-05-22 10:28:50.658494
1732,98,3,7,20,0,0,0,8,1,6,6,4,0,D,1.7078947368421054,1.4565789473684212,F1_laliga,2026-05-22 10:28:50.658509
1733,99,3,20,14,1,4,0,10,5,4,15,1,0,h,1.569736842105263,1.0939473684210526,F1_laliga,2026-05-22 10:28:50.658585
1734,99,3,14,20,0,0,4,14,3,5,16,3,0,D,1.206842105263158,1.4844736842105262,F1_laliga,2026-05-22 10:28:50.658599
1735,100,3,20,8,1,0,2,12,5,6,12,2,0,h,1.569736842105263,1.0939473684210526,F1_laliga,2026-05-22 10:28:50.658665
1736,100,3,8,20,0,2,0,7,4,2,13,2,0,D,1.4994736842105263,1.013684210526316,F1_laliga,2026-05-22 10:28:50.658678
1737,101,3,20,12,1,3,2,17,7,7,14,2,0,h,1.569736842105263,1.0939473684210526,F1_laliga,2026-05-22 10:28:50.658734
1738,101,3,12,20,0,2,3,16,7,4,13,1,0,D,1.2415789473684211,1.6286842105263157,F1_laliga,2026-05-22 10:28:50.658748
1739,102,3,20,1,1,3,1,17,5,0,15,4,0,h,1.569736842105263,1.0939473684210526,F1_laliga,2026-05-22 10:28:50.658803
1740,102,3,1,20,0,1,3,11,1,2,10,1,0,D,1.6626315789473685,1.569736842105263,F1_laliga,2026-05-22 10:28:50.658817
1741,103,3,20,5,1,0,1,9,1,3,12,1,0,h,1.569736842105263,1.0939473684210526,F1_laliga,2026-05-22 10:28:50.658871
1742,103,3,5,20,0,1,0,18,4,1,13,4,0,D,0.9936842105263157,1.6805263157894736,F1_laliga,2026-05-22 10:28:50.658886
1743,104,3,20,9,1,1,1,12,5,5,10,3,0,a,1.569736842105263,1.0939473684210526,F1_laliga,2026-05-22 10:28:50.658941
1744,104,3,9,20,0,1,1,16,3,3,6,0,0,D,1.3244736842105262,1.5997368421052631,F1_laliga,2026-05-22 10:28:50.658955
1745,105,3,20,10,1,0,2,12,4,10,7,0,0,a,1.569736842105263,1.0939473684210526,F1_laliga,2026-05-22 10:28:50.659009
1746,105,3,10,20,0,2,0,8,6,7,15,1,0,D,1.2813157894736842,1.5563157894736843,F1_laliga,2026-05-22 10:28:50.659023
1747,106,3,20,11,1,1,3,13,8,6,13,3,0,a,1.569736842105263,1.0939473684210526,F1_laliga,2026-05-22 10:28:50.659076
1748,106,3,11,20,0,3,1,8,2,6,14,1,0,D,1.2307894736842107,1.6436842105263159,F1_laliga,2026-05-22 10:28:50.659090
1749,107,3,2,16,1,2,2,13,9,7,21,2,0,a,1.6192105263157894,1.0997368421052631,F1_laliga,2026-05-22 10:28:50.659142
1750,107,3,16,2,0,2,2,8,5,2,12,5,0,D,2.030263157894737,0.7278947368421053,F1_laliga,2026-05-22 10:28:50.659155
1751,108,3,2,4,1,2,2,17,5,8,7,2,0,d,1.6192105263157894,1.0997368421052631,F1_laliga,2026-05-22 10:28:50.659249
1752,108,3,4,2,0,2,2,11,3,5,13,1,0,D,1.8557894736842104,0.7673684210526316,F1_laliga,2026-05-22 10:28:50.659270
1753,109,3,2,3,1,3,2,19,2,7,8,1,0,h,1.6192105263157894,1.0997368421052631,F1_laliga,2026-05-22 10:28:50.659343
1754,109,3,3,2,0,2,3,11,2,4,10,0,0,D,1.8355263157894737,0.7726315789473684,F1_laliga,2026-05-22 10:28:50.659357
1755,110,3,2,18,1,0,0,15,7,4,9,2,0,d,1.6192105263157894,1.0997368421052631,F1_laliga,2026-05-22 10:28:50.659415
1756,110,3,18,2,0,0,0,13,3,3,12,1,0,D,2.149736842105263,1.0773684210526315,F1_laliga,2026-05-22 10:28:50.659429
1757,111,3,2,17,1,0,3,9,6,4,9,4,0,a,1.6192105263157894,1.0997368421052631,F1_laliga,2026-05-22 10:28:50.659519
1758,111,3,17,2,0,3,0,12,6,1,12,1,0,D,1.8,1.0307894736842105,F1_laliga,2026-05-22 10:28:50.659535
1759,112,3,2,20,1,5,0,8,4,3,17,0,0,h,1.6192105263157894,1.0997368421052631,F1_laliga,2026-05-22 10:28:50.659622
1760,112,3,20,2,0,0,5,11,3,5,10,3,0,D,1.569736842105263,1.0939473684210526,F1_laliga,2026-05-22 10:28:50.659637
1761,113,3,2,19,1,0,1,11,9,6,12,1,0,a,1.6192105263157894,1.0997368421052631,F1_laliga,2026-05-22 10:28:50.659699
1762,113,3,19,2,0,1,0,11,5,3,15,3,0,D,1.8597368421052631,1.141315789473684,F1_laliga,2026-05-22 10:28:50.659714
1763,114,3,2,15,1,2,2,15,6,3,9,0,0,h,1.6192105263157894,1.0997368421052631,F1_laliga,2026-05-22 10:28:50.659771
1764,114,3,15,2,0,2,2,8,8,4,14,2,0,D,1.6626315789473685,1.3163157894736843,F1_laliga,2026-05-22 10:28:50.659784
1765,115,3,2,13,1,5,0,13,3,10,9,2,0,h,1.6192105263157894,1.0997368421052631,F1_laliga,2026-05-22 10:28:50.659839
1766,115,3,13,2,0,0,5,9,4,3,10,1,0,D,1.7534210526315788,1.3757894736842105,F1_laliga,2026-05-22 10:28:50.659853
1767,116,3,2,6,1,2,0,10,5,8,12,0,0,h,1.6192105263157894,1.0997368421052631,F1_laliga,2026-05-22 10:28:50.659908
1768,116,3,6,2,0,0,2,7,4,6,12,1,0,D,1.2613157894736842,1.2984210526315791,F1_laliga,2026-05-22 10:28:50.659922
1769,117,3,2,7,1,4,0,15,9,7,9,1,0,h,1.6192105263157894,1.0997368421052631,F1_laliga,2026-05-22 10:28:50.659976
1770,117,3,7,2,0,0,4,12,5,2,13,2,0,D,1.7078947368421054,1.4565789473684212,F1_laliga,2026-05-22 10:28:50.659990
1771,118,3,2,14,1,3,0,11,8,5,10,4,0,h,1.6192105263157894,1.0997368421052631,F1_laliga,2026-05-22 10:28:50.660044
1772,118,3,14,2,0,0,3,18,3,3,11,1,0,D,1.206842105263158,1.4844736842105262,F1_laliga,2026-05-22 10:28:50.660059
1773,119,3,2,8,1,2,3,7,5,4,9,2,0,a,1.6192105263157894,1.0997368421052631,F1_laliga,2026-05-22 10:28:50.660113
1774,119,3,8,2,0,3,2,13,1,4,18,8,0,D,1.4994736842105263,1.013684210526316,F1_laliga,2026-05-22 10:28:50.660127
1775,120,3,2,12,1,1,1,16,5,9,13,1,0,a,1.6192105263157894,1.0997368421052631,F1_laliga,2026-05-22 10:28:50.660180
1776,120,3,12,2,0,1,1,12,3,3,21,1,0,D,1.2415789473684211,1.6286842105263157,F1_laliga,2026-05-22 10:28:50.660194
1777,121,3,2,1,1,3,2,11,5,3,16,3,0,a,1.6192105263157894,1.0997368421052631,F1_laliga,2026-05-22 10:28:50.660247
1778,121,3,1,2,0,2,3,13,3,7,9,1,0,D,1.6626315789473685,1.569736842105263,F1_laliga,2026-05-22 10:28:50.660261
1779,79,3,2,5,1,0,4,17,4,7,13,2,0,a,1.6192105263157894,1.0997368421052631,F1_laliga,2026-05-22 10:28:50.660323
1780,79,3,5,2,0,4,0,11,4,7,15,2,0,D,0.9936842105263157,1.6805263157894736,F1_laliga,2026-05-22 10:28:50.660337
1781,80,3,2,9,1,2,4,11,9,4,11,1,0,h,1.6192105263157894,1.0997368421052631,F1_laliga,2026-05-22 10:28:50.660393
1782,80,3,9,2,0,4,2,9,2,1,10,4,0,D,1.3244736842105262,1.5997368421052631,F1_laliga,2026-05-22 10:28:50.660409
1783,81,3,2,10,1,1,1,17,8,5,13,1,0,a,1.6192105263157894,1.0997368421052631,F1_laliga,2026-05-22 10:28:50.660465
1784,81,3,10,2,0,1,1,8,3,3,11,5,0,D,1.2813157894736842,1.5563157894736843,F1_laliga,2026-05-22 10:28:50.660479
1785,82,3,2,11,1,0,0,12,2,12,14,3,0,a,1.6192105263157894,1.0997368421052631,F1_laliga,2026-05-22 10:28:50.660532
1786,82,3,11,2,0,0,0,11,3,5,11,2,0,D,1.2307894736842107,1.6436842105263159,F1_laliga,2026-05-22 10:28:50.660545
1787,83,3,19,16,1,1,1,11,5,1,11,2,0,h,1.8597368421052631,1.141315789473684,F1_laliga,2026-05-22 10:28:50.660631
1788,83,3,16,19,0,1,1,6,5,2,12,2,0,D,2.030263157894737,0.7278947368421053,F1_laliga,2026-05-22 10:28:50.660645
1789,84,3,19,4,1,1,1,16,5,3,10,1,0,d,1.8597368421052631,1.141315789473684,F1_laliga,2026-05-22 10:28:50.660703
1790,84,3,4,19,0,1,1,9,4,4,16,0,0,D,1.8557894736842104,0.7673684210526316,F1_laliga,2026-05-22 10:28:50.660717
1791,85,3,19,3,1,5,0,12,2,8,11,2,0,h,1.8597368421052631,1.141315789473684,F1_laliga,2026-05-22 10:28:50.660772
1792,85,3,3,19,0,0,5,12,7,0,14,1,0,D,1.8355263157894737,0.7726315789473684,F1_laliga,2026-05-22 10:28:50.660788
1793,86,3,19,18,1,3,3,13,8,7,14,0,0,d,1.8597368421052631,1.141315789473684,F1_laliga,2026-05-22 10:28:50.660843
1794,86,3,18,19,0,3,3,6,4,3,8,0,0,D,2.149736842105263,1.0773684210526315,F1_laliga,2026-05-22 10:28:50.660857
1795,87,3,19,17,1,1,2,16,8,4,8,3,0,a,1.8597368421052631,1.141315789473684,F1_laliga,2026-05-22 10:28:50.660936
1796,87,3,17,19,0,2,1,9,7,5,8,0,0,D,1.8,1.0307894736842105,F1_laliga,2026-05-22 10:28:50.660951
1797,88,3,19,20,1,5,1,17,11,5,12,3,2,h,1.8597368421052631,1.141315789473684,F1_laliga,2026-05-22 10:28:50.661009
1798,88,3,20,19,0,1,5,11,3,4,13,4,0,D,1.569736842105263,1.0939473684210526,F1_laliga,2026-05-22 10:28:50.661023
1799,89,3,19,2,1,1,1,12,6,5,15,2,0,d,1.8597368421052631,1.141315789473684,F1_laliga,2026-05-22 10:28:50.661078
1800,89,3,2,19,0,1,1,9,5,4,11,2,0,D,1.6192105263157894,1.0997368421052631,F1_laliga,2026-05-22 10:28:50.661092
1801,90,3,19,15,1,2,0,10,9,5,11,3,0,a,1.8597368421052631,1.141315789473684,F1_laliga,2026-05-22 10:28:50.661145
1802,90,3,15,19,0,0,2,6,3,6,13,3,0,D,1.6626315789473685,1.3163157894736843,F1_laliga,2026-05-22 10:28:50.661162
1803,91,3,19,13,1,0,0,14,7,9,10,1,0,d,1.8597368421052631,1.141315789473684,F1_laliga,2026-05-22 10:28:50.661216
1804,91,3,13,19,0,0,0,8,8,2,13,2,0,D,1.7534210526315788,1.3757894736842105,F1_laliga,2026-05-22 10:28:50.661229
1805,92,3,19,6,1,0,3,21,5,9,14,2,0,a,1.8597368421052631,1.141315789473684,F1_laliga,2026-05-22 10:28:50.661289
1806,92,3,6,19,0,3,0,11,4,6,10,0,0,D,1.2613157894736842,1.2984210526315791,F1_laliga,2026-05-22 10:28:50.661304
1807,93,3,19,7,1,4,0,13,4,1,9,2,0,h,1.8597368421052631,1.141315789473684,F1_laliga,2026-05-22 10:28:50.661363
1808,93,3,7,19,0,0,4,7,7,7,14,1,0,D,1.7078947368421054,1.4565789473684212,F1_laliga,2026-05-22 10:28:50.661376
1809,94,3,19,14,1,0,0,12,4,9,11,1,0,d,1.8597368421052631,1.141315789473684,F1_laliga,2026-05-22 10:28:50.661431
1810,94,3,14,19,0,0,0,12,2,4,13,1,0,D,1.206842105263158,1.4844736842105262,F1_laliga,2026-05-22 10:28:50.661445
1811,95,3,19,8,1,1,1,9,9,6,15,0,0,d,1.8597368421052631,1.141315789473684,F1_laliga,2026-05-22 10:28:50.661500
1812,95,3,8,19,0,1,1,11,3,2,17,2,0,D,1.4994736842105263,1.013684210526316,F1_laliga,2026-05-22 10:28:50.661515
1813,96,3,19,12,1,3,5,5,8,6,11,2,0,a,1.8597368421052631,1.141315789473684,F1_laliga,2026-05-22 10:28:50.661602
1814,96,3,12,19,0,5,3,5,8,8,12,1,0,D,1.2415789473684211,1.6286842105263157,F1_laliga,2026-05-22 10:28:50.661616
1815,97,3,19,1,1,2,2,7,3,1,10,0,0,d,1.8597368421052631,1.141315789473684,F1_laliga,2026-05-22 10:28:50.661680
1816,97,3,1,19,0,2,2,10,6,1,14,3,0,D,1.6626315789473685,1.569736842105263,F1_laliga,2026-05-22 10:28:50.661694
1817,98,3,19,5,1,1,0,12,7,5,14,4,0,h,1.8597368421052631,1.141315789473684,F1_laliga,2026-05-22 10:28:50.661750
1818,98,3,5,19,0,0,1,12,4,1,6,1,0,D,0.9936842105263157,1.6805263157894736,F1_laliga,2026-05-22 10:28:50.661764
1819,99,3,19,9,1,1,1,14,4,11,16,1,0,d,1.8597368421052631,1.141315789473684,F1_laliga,2026-05-22 10:28:50.661819
1820,99,3,9,19,0,1,1,5,6,2,11,0,1,D,1.3244736842105262,1.5997368421052631,F1_laliga,2026-05-22 10:28:50.661832
1821,100,3,19,10,1,1,0,13,6,7,11,1,0,h,1.8597368421052631,1.141315789473684,F1_laliga,2026-05-22 10:28:50.661887
1822,100,3,10,19,0,0,1,7,3,2,16,2,0,D,1.2813157894736842,1.5563157894736843,F1_laliga,2026-05-22 10:28:50.661903
1823,101,3,19,11,1,1,1,8,4,8,15,2,0,d,1.8597368421052631,1.141315789473684,F1_laliga,2026-05-22 10:28:50.661956
1824,101,3,11,19,0,1,1,8,6,6,9,0,1,D,1.2307894736842107,1.6436842105263159,F1_laliga,2026-05-22 10:28:50.661969
1825,102,3,15,16,1,4,2,13,7,4,9,2,0,h,1.6626315789473685,1.3163157894736843,F1_laliga,2026-05-22 10:28:50.662022
1826,102,3,16,15,0,2,4,10,5,3,9,0,0,D,2.030263157894737,0.7278947368421053,F1_laliga,2026-05-22 10:28:50.662035
1827,103,3,15,4,1,3,0,10,5,5,18,3,0,h,1.6626315789473685,1.3163157894736843,F1_laliga,2026-05-22 10:28:50.662087
1828,103,3,4,15,0,0,3,10,4,6,15,1,0,D,1.8557894736842104,0.7673684210526316,F1_laliga,2026-05-22 10:28:50.662101
1829,104,3,15,3,1,1,0,8,3,6,8,3,1,h,1.6626315789473685,1.3163157894736843,F1_laliga,2026-05-22 10:28:50.662154
1830,104,3,3,15,0,0,1,11,6,6,7,2,0,D,1.8355263157894737,0.7726315789473684,F1_laliga,2026-05-22 10:28:50.662168
1831,105,3,15,18,1,4,0,12,5,2,12,2,0,h,1.6626315789473685,1.3163157894736843,F1_laliga,2026-05-22 10:28:50.662221
1832,105,3,18,15,0,0,4,14,6,0,15,2,0,D,2.149736842105263,1.0773684210526315,F1_laliga,2026-05-22 10:28:50.662236
1833,106,3,15,17,1,2,2,15,3,8,17,0,0,h,1.6626315789473685,1.3163157894736843,F1_laliga,2026-05-22 10:28:50.662296
1834,106,3,17,15,0,2,2,9,3,5,8,3,0,D,1.8,1.0307894736842105,F1_laliga,2026-05-22 10:28:50.662311
1835,107,3,15,20,1,2,0,14,2,2,13,2,0,a,1.6626315789473685,1.3163157894736843,F1_laliga,2026-05-22 10:28:50.662368
1836,107,3,20,15,0,0,2,13,6,1,11,2,0,D,1.569736842105263,1.0939473684210526,F1_laliga,2026-05-22 10:28:50.662382
1837,108,3,15,2,1,0,0,14,7,6,13,0,0,d,1.6626315789473685,1.3163157894736843,F1_laliga,2026-05-22 10:28:50.662435
1838,108,3,2,15,0,0,0,12,3,2,8,3,0,D,1.6192105263157894,1.0997368421052631,F1_laliga,2026-05-22 10:28:50.662448
1839,109,3,15,19,1,0,3,8,6,1,14,2,0,a,1.6626315789473685,1.3163157894736843,F1_laliga,2026-05-22 10:28:50.662502
1840,109,3,19,15,0,3,0,8,2,2,12,4,0,D,1.8597368421052631,1.141315789473684,F1_laliga,2026-05-22 10:28:50.662516
1841,110,3,15,13,1,2,3,18,10,7,8,2,0,a,1.6626315789473685,1.3163157894736843,F1_laliga,2026-05-22 10:28:50.662591
1842,110,3,13,15,0,3,2,11,6,2,13,0,0,D,1.7534210526315788,1.3757894736842105,F1_laliga,2026-05-22 10:28:50.662607
1843,111,3,15,6,1,1,1,13,6,6,13,0,0,d,1.6626315789473685,1.3163157894736843,F1_laliga,2026-05-22 10:28:50.662672
1844,111,3,6,15,0,1,1,4,4,8,15,3,0,D,1.2613157894736842,1.2984210526315791,F1_laliga,2026-05-22 10:28:50.662685
1845,112,3,15,7,1,1,1,15,6,7,9,3,0,d,1.6626315789473685,1.3163157894736843,F1_laliga,2026-05-22 10:28:50.662742
1846,112,3,7,15,0,1,1,10,5,3,8,1,0,D,1.7078947368421054,1.4565789473684212,F1_laliga,2026-05-22 10:28:50.662756
1847,113,3,15,14,1,2,2,19,4,6,13,0,0,d,1.6626315789473685,1.3163157894736843,F1_laliga,2026-05-22 10:28:50.662811
1848,113,3,14,15,0,2,2,8,1,5,9,3,0,D,1.206842105263158,1.4844736842105262,F1_laliga,2026-05-22 10:28:50.662824
1849,114,3,15,8,1,5,0,13,4,3,17,1,1,h,1.6626315789473685,1.3163157894736843,F1_laliga,2026-05-22 10:28:50.662880
1850,114,3,8,15,0,0,5,9,6,3,8,2,0,D,1.4994736842105263,1.013684210526316,F1_laliga,2026-05-22 10:28:50.662893
1851,115,3,15,12,1,4,1,17,3,2,12,2,0,h,1.6626315789473685,1.3163157894736843,F1_laliga,2026-05-22 10:28:50.662947
1852,115,3,12,15,0,1,4,8,1,6,8,0,0,D,1.2415789473684211,1.6286842105263157,F1_laliga,2026-05-22 10:28:50.662963
1853,116,3,15,1,1,2,2,8,7,5,10,5,0,a,1.6626315789473685,1.3163157894736843,F1_laliga,2026-05-22 10:28:50.663017
1854,116,3,1,15,0,2,2,10,3,1,14,2,0,D,1.6626315789473685,1.569736842105263,F1_laliga,2026-05-22 10:28:50.663031
1855,117,3,15,5,1,4,1,16,3,8,11,1,0,h,1.6626315789473685,1.3163157894736843,F1_laliga,2026-05-22 10:28:50.663085
1856,117,3,5,15,0,1,4,11,5,2,12,1,0,D,0.9936842105263157,1.6805263157894736,F1_laliga,2026-05-22 10:28:50.663099
1857,118,3,15,9,1,0,2,11,6,2,12,0,0,a,1.6626315789473685,1.3163157894736843,F1_laliga,2026-05-22 10:28:50.663152
1858,118,3,9,15,0,2,0,10,4,5,13,3,0,D,1.3244736842105262,1.5997368421052631,F1_laliga,2026-05-22 10:28:50.663166
1859,119,3,15,10,1,3,1,18,2,9,17,1,0,h,1.6626315789473685,1.3163157894736843,F1_laliga,2026-05-22 10:28:50.663220
1860,119,3,10,15,0,1,3,11,7,6,6,3,0,D,1.2813157894736842,1.5563157894736843,F1_laliga,2026-05-22 10:28:50.663233
1861,120,3,15,11,1,2,2,15,2,2,14,3,0,d,1.6626315789473685,1.3163157894736843,F1_laliga,2026-05-22 10:28:50.663293
1862,120,3,11,15,0,2,2,6,5,4,15,4,0,D,1.2307894736842107,1.6436842105263159,F1_laliga,2026-05-22 10:28:50.663309
1863,121,3,13,16,1,1,0,15,1,5,9,4,0,h,1.7534210526315788,1.3757894736842105,F1_laliga,2026-05-22 10:28:50.663379
1864,121,3,16,13,0,0,1,10,3,5,9,1,0,D,2.030263157894737,0.7278947368421053,F1_laliga,2026-05-22 10:28:50.663402
1865,79,3,13,4,1,1,4,8,4,5,9,2,0,a,1.7534210526315788,1.3757894736842105,F1_laliga,2026-05-22 10:28:50.663495
1866,79,3,4,13,0,4,1,10,5,7,6,2,0,D,1.8557894736842104,0.7673684210526316,F1_laliga,2026-05-22 10:28:50.663510
1867,80,3,13,3,1,2,0,21,6,4,13,6,0,h,1.7534210526315788,1.3757894736842105,F1_laliga,2026-05-22 10:28:50.663600
1868,80,3,3,13,0,0,2,7,5,3,14,3,0,D,1.8355263157894737,0.7726315789473684,F1_laliga,2026-05-22 10:28:50.663616
1869,81,3,13,18,1,4,0,12,5,4,14,3,0,h,1.7534210526315788,1.3757894736842105,F1_laliga,2026-05-22 10:28:50.663684
1870,81,3,18,13,0,0,4,10,3,6,22,4,0,D,2.149736842105263,1.0773684210526315,F1_laliga,2026-05-22 10:28:50.663698
1871,82,3,13,17,1,1,0,13,4,3,7,0,0,h,1.7534210526315788,1.3757894736842105,F1_laliga,2026-05-22 10:28:50.663757
1872,82,3,17,13,0,0,1,12,4,5,13,7,0,D,1.8,1.0307894736842105,F1_laliga,2026-05-22 10:28:50.663773
1873,83,3,13,20,1,0,3,9,8,5,13,2,0,a,1.7534210526315788,1.3757894736842105,F1_laliga,2026-05-22 10:28:50.663829
1874,83,3,20,13,0,3,0,6,3,6,14,1,0,D,1.569736842105263,1.0939473684210526,F1_laliga,2026-05-22 10:28:50.663842
1875,84,3,13,2,1,2,2,13,3,5,10,6,0,d,1.7534210526315788,1.3757894736842105,F1_laliga,2026-05-22 10:28:50.663898
1876,84,3,2,13,0,2,2,9,1,4,13,2,0,D,1.6192105263157894,1.0997368421052631,F1_laliga,2026-05-22 10:28:50.663911
1877,85,3,13,19,1,0,5,12,10,3,12,1,0,a,1.7534210526315788,1.3757894736842105,F1_laliga,2026-05-22 10:28:50.663965
1878,85,3,19,13,0,5,0,8,4,3,10,1,0,D,1.8597368421052631,1.141315789473684,F1_laliga,2026-05-22 10:28:50.663978
1879,86,3,13,15,1,2,0,9,6,4,11,3,0,h,1.7534210526315788,1.3757894736842105,F1_laliga,2026-05-22 10:28:50.664033
1880,86,3,15,13,0,0,2,4,5,7,20,0,0,D,1.6626315789473685,1.3163157894736843,F1_laliga,2026-05-22 10:28:50.664046
1881,87,3,13,6,1,2,2,7,4,11,13,1,0,d,1.7534210526315788,1.3757894736842105,F1_laliga,2026-05-22 10:28:50.664100
1882,87,3,6,13,0,2,2,6,5,6,12,1,0,D,1.2613157894736842,1.2984210526315791,F1_laliga,2026-05-22 10:28:50.664115
1883,88,3,13,7,1,1,2,19,0,1,14,0,0,h,1.7534210526315788,1.3757894736842105,F1_laliga,2026-05-22 10:28:50.664170
1884,88,3,7,13,0,2,1,9,6,4,14,1,0,D,1.7078947368421054,1.4565789473684212,F1_laliga,2026-05-22 10:28:50.664183
1885,89,3,13,14,1,5,0,19,5,5,17,5,0,h,1.7534210526315788,1.3757894736842105,F1_laliga,2026-05-22 10:28:50.664236
1886,89,3,14,13,0,0,5,8,2,4,11,3,0,D,1.206842105263158,1.4844736842105262,F1_laliga,2026-05-22 10:28:50.664249
1887,90,3,13,8,1,2,2,14,4,4,9,2,0,a,1.7534210526315788,1.3757894736842105,F1_laliga,2026-05-22 10:28:50.664309
1888,90,3,8,13,0,2,2,8,4,3,14,0,0,D,1.4994736842105263,1.013684210526316,F1_laliga,2026-05-22 10:28:50.664323
1889,91,3,13,12,1,4,2,13,5,7,16,1,0,h,1.7534210526315788,1.3757894736842105,F1_laliga,2026-05-22 10:28:50.664379
1890,91,3,12,13,0,2,4,9,4,4,13,3,0,D,1.2415789473684211,1.6286842105263157,F1_laliga,2026-05-22 10:28:50.664393
1891,92,3,13,1,1,3,1,10,9,8,17,2,0,h,1.7534210526315788,1.3757894736842105,F1_laliga,2026-05-22 10:28:50.664445
1892,92,3,1,13,0,1,3,12,5,5,9,1,0,D,1.6626315789473685,1.569736842105263,F1_laliga,2026-05-22 10:28:50.664460
1893,93,3,13,5,1,2,2,20,7,3,11,1,0,d,1.7534210526315788,1.3757894736842105,F1_laliga,2026-05-22 10:28:50.664513
1894,93,3,5,13,0,2,2,5,5,3,11,0,0,D,0.9936842105263157,1.6805263157894736,F1_laliga,2026-05-22 10:28:50.664526
1895,94,3,13,9,1,1,1,9,6,9,11,3,0,d,1.7534210526315788,1.3757894736842105,F1_laliga,2026-05-22 10:28:50.664600
1896,94,3,9,13,0,1,1,6,6,7,8,0,0,D,1.3244736842105262,1.5997368421052631,F1_laliga,2026-05-22 10:28:50.664614
1897,95,3,13,10,1,3,0,17,3,4,12,0,0,h,1.7534210526315788,1.3757894736842105,F1_laliga,2026-05-22 10:28:50.664678
1898,95,3,10,13,0,0,3,10,2,2,11,1,0,D,1.2813157894736842,1.5563157894736843,F1_laliga,2026-05-22 10:28:50.664692
1899,96,3,13,11,1,3,0,10,4,7,8,2,0,h,1.7534210526315788,1.3757894736842105,F1_laliga,2026-05-22 10:28:50.664747
1900,96,3,11,13,0,0,3,11,5,5,16,1,0,D,1.2307894736842107,1.6436842105263159,F1_laliga,2026-05-22 10:28:50.664761
1901,97,3,6,16,1,1,3,14,6,8,10,4,0,a,1.2613157894736842,1.2984210526315791,F1_laliga,2026-05-22 10:28:50.664815
1902,97,3,16,6,0,3,1,11,1,2,14,2,0,D,2.030263157894737,0.7278947368421053,F1_laliga,2026-05-22 10:28:50.664831
1903,98,3,6,4,1,1,3,21,3,5,14,1,1,a,1.2613157894736842,1.2984210526315791,F1_laliga,2026-05-22 10:28:50.664884
1904,98,3,4,6,0,3,1,12,0,3,14,5,0,D,1.8557894736842104,0.7673684210526316,F1_laliga,2026-05-22 10:28:50.664898
1905,99,3,6,3,1,2,1,11,7,5,10,0,0,h,1.2613157894736842,1.2984210526315791,F1_laliga,2026-05-22 10:28:50.664952
1906,99,3,3,6,0,1,2,14,7,4,12,1,0,D,1.8355263157894737,0.7726315789473684,F1_laliga,2026-05-22 10:28:50.664966
1907,100,3,6,18,1,1,3,9,5,8,11,0,0,a,1.2613157894736842,1.2984210526315791,F1_laliga,2026-05-22 10:28:50.665019
1908,100,3,18,6,0,3,1,9,5,6,12,1,0,D,2.149736842105263,1.0773684210526315,F1_laliga,2026-05-22 10:28:50.665033
1909,101,3,6,17,1,4,0,8,1,6,14,1,0,h,1.2613157894736842,1.2984210526315791,F1_laliga,2026-05-22 10:28:50.665087
1910,101,3,17,6,0,0,4,11,2,2,8,1,0,D,1.8,1.0307894736842105,F1_laliga,2026-05-22 10:28:50.665101
1911,102,3,6,20,1,0,0,12,6,6,15,1,0,d,1.2613157894736842,1.2984210526315791,F1_laliga,2026-05-22 10:28:50.665153
1912,102,3,20,6,0,0,0,10,3,4,21,1,0,D,1.569736842105263,1.0939473684210526,F1_laliga,2026-05-22 10:28:50.665168
1913,103,3,6,2,1,2,0,18,8,5,13,4,0,h,1.2613157894736842,1.2984210526315791,F1_laliga,2026-05-22 10:28:50.665222
1914,103,3,2,6,0,0,2,8,6,6,12,1,0,D,1.6192105263157894,1.0997368421052631,F1_laliga,2026-05-22 10:28:50.665236
1915,104,3,6,19,1,0,1,10,4,5,11,3,0,a,1.2613157894736842,1.2984210526315791,F1_laliga,2026-05-22 10:28:50.665339
1916,104,3,19,6,0,1,0,13,4,2,9,1,0,D,1.8597368421052631,1.141315789473684,F1_laliga,2026-05-22 10:28:50.665355
1917,105,3,6,15,1,2,3,14,10,6,9,1,0,a,1.2613157894736842,1.2984210526315791,F1_laliga,2026-05-22 10:28:50.665423
1918,105,3,15,6,0,3,2,16,0,3,13,1,0,D,1.6626315789473685,1.3163157894736843,F1_laliga,2026-05-22 10:28:50.665437
1919,106,3,6,13,1,3,5,20,5,3,14,3,0,a,1.2613157894736842,1.2984210526315791,F1_laliga,2026-05-22 10:28:50.665496
1920,106,3,13,6,0,5,3,11,3,5,9,2,0,D,1.7534210526315788,1.3757894736842105,F1_laliga,2026-05-22 10:28:50.665510
1921,107,3,6,7,1,5,0,18,9,6,5,3,0,h,1.2613157894736842,1.2984210526315791,F1_laliga,2026-05-22 10:28:50.665587
1922,107,3,7,6,0,0,5,15,8,5,15,3,0,D,1.7078947368421054,1.4565789473684212,F1_laliga,2026-05-22 10:28:50.665603
1923,108,3,6,14,1,1,3,11,5,7,11,1,0,a,1.2613157894736842,1.2984210526315791,F1_laliga,2026-05-22 10:28:50.665670
1924,108,3,14,6,0,3,1,13,3,3,8,2,0,D,1.206842105263158,1.4844736842105262,F1_laliga,2026-05-22 10:28:50.665684
1925,109,3,6,8,1,1,1,12,5,5,11,4,1,a,1.2613157894736842,1.2984210526315791,F1_laliga,2026-05-22 10:28:50.665740
1926,109,3,8,6,0,1,1,9,2,6,8,0,0,D,1.4994736842105263,1.013684210526316,F1_laliga,2026-05-22 10:28:50.665753
1927,110,3,6,12,1,4,1,20,7,5,9,3,0,h,1.2613157894736842,1.2984210526315791,F1_laliga,2026-05-22 10:28:50.665809
1928,110,3,12,6,0,1,4,14,2,3,13,2,0,D,1.2415789473684211,1.6286842105263157,F1_laliga,2026-05-22 10:28:50.665822
1929,111,3,6,1,1,3,3,17,6,6,13,1,0,d,1.2613157894736842,1.2984210526315791,F1_laliga,2026-05-22 10:28:50.665877
1930,111,3,1,6,0,3,3,12,0,5,13,0,0,D,1.6626315789473685,1.569736842105263,F1_laliga,2026-05-22 10:28:50.665891
1931,112,3,6,5,1,1,1,16,5,4,15,3,0,h,1.2613157894736842,1.2984210526315791,F1_laliga,2026-05-22 10:28:50.665944
1932,112,3,5,6,0,1,1,14,4,5,12,0,0,D,0.9936842105263157,1.6805263157894736,F1_laliga,2026-05-22 10:28:50.665960
1933,113,3,6,9,1,1,1,16,4,5,12,1,0,d,1.2613157894736842,1.2984210526315791,F1_laliga,2026-05-22 10:28:50.666013
1934,113,3,9,6,0,1,1,9,3,2,18,1,0,D,1.3244736842105262,1.5997368421052631,F1_laliga,2026-05-22 10:28:50.666027
1935,114,3,6,10,1,5,1,8,5,7,11,3,0,h,1.2613157894736842,1.2984210526315791,F1_laliga,2026-05-22 10:28:50.666082
1936,114,3,10,6,0,1,5,11,1,6,9,0,0,D,1.2813157894736842,1.5563157894736843,F1_laliga,2026-05-22 10:28:50.666096
1937,115,3,6,11,1,1,1,13,5,2,11,2,0,d,1.2613157894736842,1.2984210526315791,F1_laliga,2026-05-22 10:28:50.666149
1938,115,3,11,6,0,1,1,9,6,4,14,2,0,D,1.2307894736842107,1.6436842105263159,F1_laliga,2026-05-22 10:28:50.666163
1939,116,3,7,16,1,2,1,13,3,6,11,5,0,a,1.7078947368421054,1.4565789473684212,F1_laliga,2026-05-22 10:28:50.666217
1940,116,3,16,7,0,1,2,10,5,4,14,1,0,D,2.030263157894737,0.7278947368421053,F1_laliga,2026-05-22 10:28:50.666231
1941,117,3,7,4,1,3,1,13,6,6,15,5,0,h,1.7078947368421054,1.4565789473684212,F1_laliga,2026-05-22 10:28:50.666289
1942,117,3,4,7,0,1,3,11,8,3,19,3,0,D,1.8557894736842104,0.7673684210526316,F1_laliga,2026-05-22 10:28:50.666305
1943,118,3,7,3,1,1,1,10,4,5,10,2,0,d,1.7078947368421054,1.4565789473684212,F1_laliga,2026-05-22 10:28:50.666364
1944,118,3,3,7,0,1,1,13,1,6,14,2,0,D,1.8355263157894737,0.7726315789473684,F1_laliga,2026-05-22 10:28:50.666378
1945,119,3,7,18,1,2,0,19,3,5,7,2,0,h,1.7078947368421054,1.4565789473684212,F1_laliga,2026-05-22 10:28:50.666432
1946,119,3,18,7,0,0,2,9,4,5,9,1,0,D,2.149736842105263,1.0773684210526315,F1_laliga,2026-05-22 10:28:50.666446
1947,120,3,7,17,1,3,0,9,5,6,17,1,0,a,1.7078947368421054,1.4565789473684212,F1_laliga,2026-05-22 10:28:50.666500
1948,120,3,17,7,0,0,3,9,2,3,14,0,0,D,1.8,1.0307894736842105,F1_laliga,2026-05-22 10:28:50.666513
1949,121,3,7,20,1,0,1,15,7,3,10,4,0,a,1.7078947368421054,1.4565789473684212,F1_laliga,2026-05-22 10:28:50.666588
1950,121,3,20,7,0,1,0,16,4,5,9,6,0,D,1.569736842105263,1.0939473684210526,F1_laliga,2026-05-22 10:28:50.666602
1951,79,3,7,2,1,0,0,14,4,5,13,1,0,a,1.7078947368421054,1.4565789473684212,F1_laliga,2026-05-22 10:28:50.666668
1952,79,3,2,7,0,0,0,17,5,7,13,2,0,D,1.6192105263157894,1.0997368421052631,F1_laliga,2026-05-22 10:28:50.666683
1953,80,3,7,19,1,1,1,14,3,7,10,3,0,d,1.7078947368421054,1.4565789473684212,F1_laliga,2026-05-22 10:28:50.666742
1954,80,3,19,7,0,1,1,13,3,4,8,4,0,D,1.8597368421052631,1.141315789473684,F1_laliga,2026-05-22 10:28:50.666756
1955,81,3,7,15,1,3,0,8,0,7,9,3,0,h,1.7078947368421054,1.4565789473684212,F1_laliga,2026-05-22 10:28:50.666810
1956,81,3,15,7,0,0,3,9,8,7,14,2,0,D,1.6626315789473685,1.3163157894736843,F1_laliga,2026-05-22 10:28:50.666823
1957,82,3,7,13,1,5,0,17,5,9,13,3,0,h,1.7078947368421054,1.4565789473684212,F1_laliga,2026-05-22 10:28:50.666876
1958,82,3,13,7,0,0,5,6,3,5,8,6,0,D,1.7534210526315788,1.3757894736842105,F1_laliga,2026-05-22 10:28:50.666890
1959,83,3,7,6,1,2,1,15,7,6,9,0,0,h,1.7078947368421054,1.4565789473684212,F1_laliga,2026-05-22 10:28:50.666943
1960,83,3,6,7,0,1,2,6,3,5,9,0,0,D,1.2613157894736842,1.2984210526315791,F1_laliga,2026-05-22 10:28:50.666957
1961,84,3,7,14,1,1,3,9,5,4,12,4,0,a,1.7078947368421054,1.4565789473684212,F1_laliga,2026-05-22 10:28:50.667012
1962,84,3,14,7,0,3,1,4,2,6,13,5,0,D,1.206842105263158,1.4844736842105262,F1_laliga,2026-05-22 10:28:50.667027
1963,85,3,7,8,1,1,1,13,5,3,18,1,0,d,1.7078947368421054,1.4565789473684212,F1_laliga,2026-05-22 10:28:50.667081
1964,85,3,8,7,0,1,1,11,8,5,12,1,0,D,1.4994736842105263,1.013684210526316,F1_laliga,2026-05-22 10:28:50.667095
1965,86,3,7,12,1,1,1,9,0,2,14,4,0,d,1.7078947368421054,1.4565789473684212,F1_laliga,2026-05-22 10:28:50.667147
1966,86,3,12,7,0,1,1,7,6,5,12,2,0,D,1.2415789473684211,1.6286842105263157,F1_laliga,2026-05-22 10:28:50.667160
1967,87,3,7,1,1,2,0,16,8,4,11,1,0,h,1.7078947368421054,1.4565789473684212,F1_laliga,2026-05-22 10:28:50.667214
1968,87,3,1,7,0,0,2,8,3,6,15,5,0,D,1.6626315789473685,1.569736842105263,F1_laliga,2026-05-22 10:28:50.667227
1969,88,3,7,5,1,1,1,15,6,6,10,1,0,d,1.7078947368421054,1.4565789473684212,F1_laliga,2026-05-22 10:28:50.667285
1970,88,3,5,7,0,1,1,15,3,3,15,2,0,D,0.9936842105263157,1.6805263157894736,F1_laliga,2026-05-22 10:28:50.667299
1971,89,3,7,9,1,2,1,17,5,3,17,1,0,h,1.7078947368421054,1.4565789473684212,F1_laliga,2026-05-22 10:28:50.667358
1972,89,3,9,7,0,1,2,8,3,0,13,0,0,D,1.3244736842105262,1.5997368421052631,F1_laliga,2026-05-22 10:28:50.667373
1973,90,3,7,10,1,1,1,7,6,8,13,4,0,d,1.7078947368421054,1.4565789473684212,F1_laliga,2026-05-22 10:28:50.667426
1974,90,3,10,7,0,1,1,6,4,5,12,1,0,D,1.2813157894736842,1.5563157894736843,F1_laliga,2026-05-22 10:28:50.667440
1975,91,3,7,11,1,1,0,13,1,4,9,1,0,h,1.7078947368421054,1.4565789473684212,F1_laliga,2026-05-22 10:28:50.667532
1976,91,3,11,7,0,0,1,11,3,4,19,4,0,D,1.2307894736842107,1.6436842105263159,F1_laliga,2026-05-22 10:28:50.667547
1977,92,3,14,16,1,1,1,15,6,4,11,1,0,a,1.206842105263158,1.4844736842105262,F1_laliga,2026-05-22 10:28:50.667636
1978,92,3,16,14,0,1,1,15,4,6,14,3,0,D,2.030263157894737,0.7278947368421053,F1_laliga,2026-05-22 10:28:50.667650
1979,93,3,14,4,1,2,1,16,6,7,11,5,0,a,1.206842105263158,1.4844736842105262,F1_laliga,2026-05-22 10:28:50.667707
1980,93,3,4,14,0,1,2,12,4,5,8,2,0,D,1.8557894736842104,0.7673684210526316,F1_laliga,2026-05-22 10:28:50.667721
1981,94,3,14,3,1,0,5,12,5,4,16,4,0,a,1.206842105263158,1.4844736842105262,F1_laliga,2026-05-22 10:28:50.667778
1982,94,3,3,14,0,5,0,6,2,6,10,3,1,D,1.8355263157894737,0.7726315789473684,F1_laliga,2026-05-22 10:28:50.667793
1983,95,3,14,18,1,2,2,9,2,5,7,3,0,h,1.206842105263158,1.4844736842105262,F1_laliga,2026-05-22 10:28:50.667849
1984,95,3,18,14,0,2,2,11,3,4,10,2,0,D,2.149736842105263,1.0773684210526315,F1_laliga,2026-05-22 10:28:50.667863
1985,96,3,14,17,1,1,3,7,5,4,11,2,0,h,1.206842105263158,1.4844736842105262,F1_laliga,2026-05-22 10:28:50.667918
1986,96,3,17,14,0,3,1,14,2,3,10,1,0,D,1.8,1.0307894736842105,F1_laliga,2026-05-22 10:28:50.667932
1987,97,3,14,20,1,1,3,6,6,6,16,1,0,a,1.206842105263158,1.4844736842105262,F1_laliga,2026-05-22 10:28:50.667989
1988,97,3,20,14,0,3,1,5,3,4,11,3,0,D,1.569736842105263,1.0939473684210526,F1_laliga,2026-05-22 10:28:50.668002
1989,98,3,14,2,1,2,2,11,4,4,14,2,0,d,1.206842105263158,1.4844736842105262,F1_laliga,2026-05-22 10:28:50.668058
1990,98,3,2,14,0,2,2,16,4,5,16,3,0,D,1.6192105263157894,1.0997368421052631,F1_laliga,2026-05-22 10:28:50.668072
1991,99,3,14,19,1,2,1,16,6,3,12,2,0,a,1.206842105263158,1.4844736842105262,F1_laliga,2026-05-22 10:28:50.668126
1992,99,3,19,14,0,1,2,8,5,4,10,2,0,D,1.8597368421052631,1.141315789473684,F1_laliga,2026-05-22 10:28:50.668141
1993,100,3,14,15,1,1,2,12,3,7,10,2,0,a,1.206842105263158,1.4844736842105262,F1_laliga,2026-05-22 10:28:50.668195
1994,100,3,15,14,0,2,1,7,5,2,6,0,0,D,1.6626315789473685,1.3163157894736843,F1_laliga,2026-05-22 10:28:50.668209
1995,101,3,14,13,1,1,1,12,10,2,14,2,0,d,1.206842105263158,1.4844736842105262,F1_laliga,2026-05-22 10:28:50.668261
1996,101,3,13,14,0,1,1,7,7,4,16,2,0,D,1.7534210526315788,1.3757894736842105,F1_laliga,2026-05-22 10:28:50.668281
1997,102,3,14,6,1,1,0,13,4,4,17,1,0,a,1.206842105263158,1.4844736842105262,F1_laliga,2026-05-22 10:28:50.668339
1998,102,3,6,14,0,0,1,11,2,3,21,4,0,D,1.2613157894736842,1.2984210526315791,F1_laliga,2026-05-22 10:28:50.668353
1999,103,3,14,7,1,2,0,12,3,5,9,2,0,h,1.206842105263158,1.4844736842105262,F1_laliga,2026-05-22 10:28:50.668407
2000,103,3,7,14,0,0,2,5,7,1,16,5,0,D,1.7078947368421054,1.4565789473684212,F1_laliga,2026-05-22 10:28:50.668420
2001,104,3,14,8,1,1,2,8,2,6,8,0,0,a,1.206842105263158,1.4844736842105262,F1_laliga,2026-05-22 10:28:50.668473
2002,104,3,8,14,0,2,1,13,5,4,8,2,0,D,1.4994736842105263,1.013684210526316,F1_laliga,2026-05-22 10:28:50.668488
2003,105,3,14,12,1,0,0,19,8,11,7,5,0,d,1.206842105263158,1.4844736842105262,F1_laliga,2026-05-22 10:28:50.668540
2004,105,3,12,14,0,0,0,13,3,4,10,0,0,D,1.2415789473684211,1.6286842105263157,F1_laliga,2026-05-22 10:28:50.668573
2005,106,3,14,1,1,0,2,11,4,4,5,4,0,a,1.206842105263158,1.4844736842105262,F1_laliga,2026-05-22 10:28:50.668642
2006,106,3,1,14,0,2,0,16,2,1,17,1,0,D,1.6626315789473685,1.569736842105263,F1_laliga,2026-05-22 10:28:50.668656
2007,107,3,14,5,1,3,2,9,6,6,8,2,0,h,1.206842105263158,1.4844736842105262,F1_laliga,2026-05-22 10:28:50.668712
2008,107,3,5,14,0,2,3,10,3,4,10,3,0,D,0.9936842105263157,1.6805263157894736,F1_laliga,2026-05-22 10:28:50.668726
2009,108,3,14,9,1,0,3,14,3,7,7,1,0,a,1.206842105263158,1.4844736842105262,F1_laliga,2026-05-22 10:28:50.668781
2010,108,3,9,14,0,3,0,11,4,3,12,3,0,D,1.3244736842105262,1.5997368421052631,F1_laliga,2026-05-22 10:28:50.668795
2011,109,3,14,10,1,1,1,14,4,6,11,3,0,a,1.206842105263158,1.4844736842105262,F1_laliga,2026-05-22 10:28:50.668848
2012,109,3,10,14,0,1,1,13,1,3,12,0,1,D,1.2813157894736842,1.5563157894736843,F1_laliga,2026-05-22 10:28:50.668864
2013,110,3,14,11,1,0,0,12,4,6,4,2,0,d,1.206842105263158,1.4844736842105262,F1_laliga,2026-05-22 10:28:50.668915
2014,110,3,11,14,0,0,0,11,5,4,12,2,0,D,1.2307894736842107,1.6436842105263159,F1_laliga,2026-05-22 10:28:50.668929
2015,111,3,8,16,1,0,3,17,2,1,10,1,0,a,1.4994736842105263,1.013684210526316,F1_laliga,2026-05-22 10:28:50.668982
2016,111,3,16,8,0,3,0,11,3,8,9,4,0,D,2.030263157894737,0.7278947368421053,F1_laliga,2026-05-22 10:28:50.668995
2017,112,3,8,4,1,2,3,9,4,6,9,2,0,a,1.4994736842105263,1.013684210526316,F1_laliga,2026-05-22 10:28:50.669048
2018,112,3,4,8,0,3,2,6,4,8,8,1,0,D,1.8557894736842104,0.7673684210526316,F1_laliga,2026-05-22 10:28:50.669061
2019,113,3,8,3,1,3,0,14,4,4,9,1,0,h,1.4994736842105263,1.013684210526316,F1_laliga,2026-05-22 10:28:50.669115
2020,113,3,3,8,0,0,3,12,3,7,11,0,1,D,1.8355263157894737,0.7726315789473684,F1_laliga,2026-05-22 10:28:50.669128
2021,114,3,8,18,1,2,1,16,8,6,12,2,0,h,1.4994736842105263,1.013684210526316,F1_laliga,2026-05-22 10:28:50.669180
2022,114,3,18,8,0,1,2,9,6,2,13,2,0,D,2.149736842105263,1.0773684210526315,F1_laliga,2026-05-22 10:28:50.669195
2023,115,3,8,17,1,1,2,13,5,3,10,5,0,h,1.4994736842105263,1.013684210526316,F1_laliga,2026-05-22 10:28:50.669248
2024,115,3,17,8,0,2,1,15,2,7,14,3,0,D,1.8,1.0307894736842105,F1_laliga,2026-05-22 10:28:50.669262
2025,116,3,8,20,1,2,5,13,6,4,14,1,0,h,1.4994736842105263,1.013684210526316,F1_laliga,2026-05-22 10:28:50.669322
2026,116,3,20,8,0,5,2,4,2,4,6,2,0,D,1.569736842105263,1.0939473684210526,F1_laliga,2026-05-22 10:28:50.669336
2027,117,3,8,2,1,1,2,14,4,2,12,1,0,h,1.4994736842105263,1.013684210526316,F1_laliga,2026-05-22 10:28:50.669394
2028,117,3,2,8,0,2,1,12,6,5,9,4,0,D,1.6192105263157894,1.0997368421052631,F1_laliga,2026-05-22 10:28:50.669408
2029,118,3,8,19,1,1,0,12,3,7,18,2,0,h,1.4994736842105263,1.013684210526316,F1_laliga,2026-05-22 10:28:50.669462
2030,118,3,19,8,0,0,1,14,2,4,12,1,0,D,1.8597368421052631,1.141315789473684,F1_laliga,2026-05-22 10:28:50.669475
2031,119,3,8,15,1,3,3,12,7,4,14,1,0,d,1.4994736842105263,1.013684210526316,F1_laliga,2026-05-22 10:28:50.669529
2032,119,3,15,8,0,3,3,8,3,8,17,6,0,D,1.6626315789473685,1.3163157894736843,F1_laliga,2026-05-22 10:28:50.669545
2033,120,3,8,13,1,2,2,13,4,6,11,2,0,d,1.4994736842105263,1.013684210526316,F1_laliga,2026-05-22 10:28:50.669633
2034,120,3,13,8,0,2,2,9,5,3,15,2,0,D,1.7534210526315788,1.3757894736842105,F1_laliga,2026-05-22 10:28:50.669648
2035,121,3,8,6,1,2,2,12,9,7,12,3,0,h,1.4994736842105263,1.013684210526316,F1_laliga,2026-05-22 10:28:50.669707
2036,121,3,6,8,0,2,2,8,5,4,12,4,0,D,1.2613157894736842,1.2984210526315791,F1_laliga,2026-05-22 10:28:50.669721
2037,79,3,8,7,1,1,0,12,5,6,12,3,0,h,1.4994736842105263,1.013684210526316,F1_laliga,2026-05-22 10:28:50.669779
2038,79,3,7,8,0,0,1,6,3,5,9,5,0,D,1.7078947368421054,1.4565789473684212,F1_laliga,2026-05-22 10:28:50.669792
2039,80,3,8,14,1,3,3,6,6,6,10,5,0,d,1.4994736842105263,1.013684210526316,F1_laliga,2026-05-22 10:28:50.669847
2040,80,3,14,8,0,3,3,9,3,7,11,4,0,D,1.206842105263158,1.4844736842105262,F1_laliga,2026-05-22 10:28:50.669861
2041,81,3,8,12,1,0,0,15,5,3,10,3,0,h,1.4994736842105263,1.013684210526316,F1_laliga,2026-05-22 10:28:50.669917
2042,81,3,12,8,0,0,0,14,4,6,16,6,0,D,1.2415789473684211,1.6286842105263157,F1_laliga,2026-05-22 10:28:50.669932
2043,82,3,8,1,1,3,0,9,4,4,10,2,0,h,1.4994736842105263,1.013684210526316,F1_laliga,2026-05-22 10:28:50.669985
2044,82,3,1,8,0,0,3,14,3,7,9,1,0,D,1.6626315789473685,1.569736842105263,F1_laliga,2026-05-22 10:28:50.669999
2045,83,3,8,5,1,1,0,12,10,6,11,1,0,h,1.4994736842105263,1.013684210526316,F1_laliga,2026-05-22 10:28:50.670051
2046,83,3,5,8,0,0,1,5,3,4,14,1,0,D,0.9936842105263157,1.6805263157894736,F1_laliga,2026-05-22 10:28:50.670065
2047,84,3,8,9,1,2,2,19,5,4,11,2,0,d,1.4994736842105263,1.013684210526316,F1_laliga,2026-05-22 10:28:50.670118
2048,84,3,9,8,0,2,2,12,2,1,13,1,0,D,1.3244736842105262,1.5997368421052631,F1_laliga,2026-05-22 10:28:50.670132
2049,85,3,8,10,1,1,1,12,8,2,10,2,0,d,1.4994736842105263,1.013684210526316,F1_laliga,2026-05-22 10:28:50.670184
2050,85,3,10,8,0,1,1,11,1,1,14,1,0,D,1.2813157894736842,1.5563157894736843,F1_laliga,2026-05-22 10:28:50.670198
2051,86,3,8,11,1,3,0,12,5,9,9,1,0,h,1.4994736842105263,1.013684210526316,F1_laliga,2026-05-22 10:28:50.670266
2052,86,3,11,8,0,0,3,8,1,1,9,2,0,D,1.2307894736842107,1.6436842105263159,F1_laliga,2026-05-22 10:28:50.670288
2053,87,3,12,16,1,0,0,13,5,4,11,4,0,d,1.2415789473684211,1.6286842105263157,F1_laliga,2026-05-22 10:28:50.670348
2054,87,3,16,12,0,0,0,18,2,3,9,2,0,D,2.030263157894737,0.7278947368421053,F1_laliga,2026-05-22 10:28:50.670362
2055,88,3,12,4,1,0,2,7,8,4,14,3,0,a,1.2415789473684211,1.6286842105263157,F1_laliga,2026-05-22 10:28:50.670416
2056,88,3,4,12,0,2,0,12,3,2,14,4,0,D,1.8557894736842104,0.7673684210526316,F1_laliga,2026-05-22 10:28:50.670429
2057,89,3,12,3,1,1,4,11,7,6,9,0,0,a,1.2415789473684211,1.6286842105263157,F1_laliga,2026-05-22 10:28:50.670483
2058,89,3,3,12,0,4,1,9,1,7,12,2,0,D,1.8355263157894737,0.7726315789473684,F1_laliga,2026-05-22 10:28:50.670497
2059,90,3,12,18,1,1,1,9,10,5,8,3,0,d,1.2415789473684211,1.6286842105263157,F1_laliga,2026-05-22 10:28:50.670567
2060,90,3,18,12,0,1,1,3,5,0,12,1,0,D,2.149736842105263,1.0773684210526315,F1_laliga,2026-05-22 10:28:50.670589
2061,91,3,12,17,1,2,2,16,6,5,10,0,0,d,1.2415789473684211,1.6286842105263157,F1_laliga,2026-05-22 10:28:50.670656
2062,91,3,17,12,0,2,2,11,6,3,16,4,0,D,1.8,1.0307894736842105,F1_laliga,2026-05-22 10:28:50.670671
2063,92,3,12,20,1,1,0,9,4,6,12,2,0,h,1.2415789473684211,1.6286842105263157,F1_laliga,2026-05-22 10:28:50.670728
2064,92,3,20,12,0,0,1,5,3,5,14,2,0,D,1.569736842105263,1.0939473684210526,F1_laliga,2026-05-22 10:28:50.670742
2065,93,3,12,2,1,1,0,19,6,5,15,1,0,h,1.2415789473684211,1.6286842105263157,F1_laliga,2026-05-22 10:28:50.670796
2066,93,3,2,12,0,0,1,3,4,3,9,3,0,D,1.6192105263157894,1.0997368421052631,F1_laliga,2026-05-22 10:28:50.670810
2067,94,3,12,19,1,1,1,12,5,3,4,2,0,d,1.2415789473684211,1.6286842105263157,F1_laliga,2026-05-22 10:28:50.670867
2068,94,3,19,12,0,1,1,14,2,6,11,2,0,D,1.8597368421052631,1.141315789473684,F1_laliga,2026-05-22 10:28:50.670881
2069,95,3,12,15,1,3,2,13,4,3,12,0,0,h,1.2415789473684211,1.6286842105263157,F1_laliga,2026-05-22 10:28:50.670936
2070,95,3,15,12,0,2,3,15,6,3,13,2,0,D,1.6626315789473685,1.3163157894736843,F1_laliga,2026-05-22 10:28:50.670950
2071,96,3,12,13,1,0,0,16,5,2,12,4,0,d,1.2415789473684211,1.6286842105263157,F1_laliga,2026-05-22 10:28:50.671027
2072,96,3,13,12,0,0,0,9,5,4,17,2,0,D,1.7534210526315788,1.3757894736842105,F1_laliga,2026-05-22 10:28:50.671051
2073,97,3,12,6,1,2,2,8,4,2,19,2,0,d,1.2415789473684211,1.6286842105263157,F1_laliga,2026-05-22 10:28:50.671111
2074,97,3,6,12,0,2,2,11,2,4,21,0,0,D,1.2613157894736842,1.2984210526315791,F1_laliga,2026-05-22 10:28:50.671124
2075,98,3,12,7,1,0,1,17,4,5,17,5,0,a,1.2415789473684211,1.6286842105263157,F1_laliga,2026-05-22 10:28:50.671180
2076,98,3,7,12,0,1,0,13,4,7,14,1,0,D,1.7078947368421054,1.4565789473684212,F1_laliga,2026-05-22 10:28:50.671193
2077,99,3,12,14,1,0,0,19,8,10,10,2,0,d,1.2415789473684211,1.6286842105263157,F1_laliga,2026-05-22 10:28:50.671247
2078,99,3,14,12,0,0,0,3,4,1,8,3,0,D,1.206842105263158,1.4844736842105262,F1_laliga,2026-05-22 10:28:50.671261
2079,100,3,12,8,1,2,2,12,7,6,10,1,0,d,1.2415789473684211,1.6286842105263157,F1_laliga,2026-05-22 10:28:50.671323
2080,100,3,8,12,0,2,2,10,3,2,12,2,0,D,1.4994736842105263,1.013684210526316,F1_laliga,2026-05-22 10:28:50.671337
2081,101,3,12,1,1,1,2,13,5,1,13,1,0,a,1.2415789473684211,1.6286842105263157,F1_laliga,2026-05-22 10:28:50.671471
2082,101,3,1,12,0,2,1,12,1,5,10,2,0,D,1.6626315789473685,1.569736842105263,F1_laliga,2026-05-22 10:28:50.671493
2083,102,3,12,5,1,0,0,13,5,5,12,1,0,d,1.2415789473684211,1.6286842105263157,F1_laliga,2026-05-22 10:28:50.671600
2084,102,3,5,12,0,0,0,3,6,3,15,1,0,D,0.9936842105263157,1.6805263157894736,F1_laliga,2026-05-22 10:28:50.671615
2085,103,3,12,9,1,2,2,13,2,6,17,1,0,h,1.2415789473684211,1.6286842105263157,F1_laliga,2026-05-22 10:28:50.671680
2086,103,3,9,12,0,2,2,7,4,3,14,2,0,D,1.3244736842105262,1.5997368421052631,F1_laliga,2026-05-22 10:28:50.671694
2087,104,3,12,10,1,2,1,12,1,5,9,3,0,h,1.2415789473684211,1.6286842105263157,F1_laliga,2026-05-22 10:28:50.671753
2088,104,3,10,12,0,1,2,17,6,3,9,1,0,D,1.2813157894736842,1.5563157894736843,F1_laliga,2026-05-22 10:28:50.671767
2089,105,3,12,11,1,2,3,12,6,9,15,2,0,h,1.2415789473684211,1.6286842105263157,F1_laliga,2026-05-22 10:28:50.671823
2090,105,3,11,12,0,3,2,9,3,3,11,5,1,D,1.2307894736842107,1.6436842105263159,F1_laliga,2026-05-22 10:28:50.671837
2091,106,3,1,16,1,2,1,12,3,5,12,0,1,h,1.6626315789473685,1.569736842105263,F1_laliga,2026-05-22 10:28:50.671891
2092,106,3,16,1,0,1,2,8,3,2,13,1,1,D,2.030263157894737,0.7278947368421053,F1_laliga,2026-05-22 10:28:50.671906
2093,107,3,1,4,1,2,2,12,4,7,14,0,0,d,1.6626315789473685,1.569736842105263,F1_laliga,2026-05-22 10:28:50.671960
2094,107,3,4,1,0,2,2,8,4,2,13,1,0,D,1.8557894736842104,0.7673684210526316,F1_laliga,2026-05-22 10:28:50.671974
2095,108,3,1,3,1,1,1,14,6,4,11,2,0,h,1.6626315789473685,1.569736842105263,F1_laliga,2026-05-22 10:28:50.672027
2096,108,3,3,1,0,1,1,10,4,1,13,3,0,D,1.8355263157894737,0.7726315789473684,F1_laliga,2026-05-22 10:28:50.672041
2097,109,3,1,18,1,5,0,12,6,5,17,2,0,h,1.6626315789473685,1.569736842105263,F1_laliga,2026-05-22 10:28:50.672095
2098,109,3,18,1,0,0,5,7,6,4,15,1,0,D,2.149736842105263,1.0773684210526315,F1_laliga,2026-05-22 10:28:50.672108
2099,110,3,1,17,1,5,1,12,2,7,17,0,0,h,1.6626315789473685,1.569736842105263,F1_laliga,2026-05-22 10:28:50.672161
2100,110,3,17,1,0,1,5,8,5,10,9,1,0,D,1.8,1.0307894736842105,F1_laliga,2026-05-22 10:28:50.672174
2101,111,3,1,20,1,1,1,14,4,4,13,1,0,h,1.6626315789473685,1.569736842105263,F1_laliga,2026-05-22 10:28:50.672227
2102,111,3,20,1,0,1,1,13,6,6,20,1,0,D,1.569736842105263,1.0939473684210526,F1_laliga,2026-05-22 10:28:50.672243
2103,112,3,1,2,1,0,3,14,7,3,14,2,0,a,1.6626315789473685,1.569736842105263,F1_laliga,2026-05-22 10:28:50.672304
2104,112,3,2,1,0,3,0,7,7,3,12,1,0,D,1.6192105263157894,1.0997368421052631,F1_laliga,2026-05-22 10:28:50.672319
2105,113,3,1,19,1,1,4,13,4,3,12,1,1,a,1.6626315789473685,1.569736842105263,F1_laliga,2026-05-22 10:28:50.672376
2106,113,3,19,1,0,4,1,16,4,6,14,3,0,D,1.8597368421052631,1.141315789473684,F1_laliga,2026-05-22 10:28:50.672390
2107,114,3,1,15,1,0,3,10,1,7,15,2,0,a,1.6626315789473685,1.569736842105263,F1_laliga,2026-05-22 10:28:50.672443
2108,114,3,15,1,0,3,0,16,6,3,14,5,0,D,1.6626315789473685,1.3163157894736843,F1_laliga,2026-05-22 10:28:50.672457
2109,115,3,1,13,1,1,0,14,0,6,9,1,0,h,1.6626315789473685,1.569736842105263,F1_laliga,2026-05-22 10:28:50.672510
2110,115,3,13,1,0,0,1,14,4,2,15,2,0,D,1.7534210526315788,1.3757894736842105,F1_laliga,2026-05-22 10:28:50.672524
2111,116,3,1,6,1,1,1,10,5,2,18,3,0,d,1.6626315789473685,1.569736842105263,F1_laliga,2026-05-22 10:28:50.672599
2112,116,3,6,1,0,1,1,16,0,4,16,2,0,D,1.2613157894736842,1.2984210526315791,F1_laliga,2026-05-22 10:28:50.672615
2113,117,3,1,7,1,3,3,13,10,3,16,2,0,d,1.6626315789473685,1.569736842105263,F1_laliga,2026-05-22 10:28:50.672679
2114,117,3,7,1,0,3,3,12,2,3,19,3,0,D,1.7078947368421054,1.4565789473684212,F1_laliga,2026-05-22 10:28:50.672693
2115,118,3,1,14,1,5,3,19,7,7,11,3,0,h,1.6626315789473685,1.569736842105263,F1_laliga,2026-05-22 10:28:50.672748
2116,118,3,14,1,0,3,5,5,2,4,14,4,0,D,1.206842105263158,1.4844736842105262,F1_laliga,2026-05-22 10:28:50.672761
2117,119,3,1,8,1,1,0,9,7,4,13,4,0,h,1.6626315789473685,1.569736842105263,F1_laliga,2026-05-22 10:28:50.672815
2118,119,3,8,1,0,0,1,8,4,5,10,2,0,D,1.4994736842105263,1.013684210526316,F1_laliga,2026-05-22 10:28:50.672828
2119,120,3,1,12,1,4,0,11,4,5,12,4,0,h,1.6626315789473685,1.569736842105263,F1_laliga,2026-05-22 10:28:50.672881
2120,120,3,12,1,0,0,4,8,4,1,11,0,0,D,1.2415789473684211,1.6286842105263157,F1_laliga,2026-05-22 10:28:50.672895
2121,121,3,1,5,1,0,2,11,4,5,14,0,0,h,1.6626315789473685,1.569736842105263,F1_laliga,2026-05-22 10:28:50.672949
2122,121,3,5,1,0,2,0,13,7,3,12,1,0,D,0.9936842105263157,1.6805263157894736,F1_laliga,2026-05-22 10:28:50.672964
2123,79,3,1,9,1,2,1,18,9,11,9,4,0,h,1.6626315789473685,1.569736842105263,F1_laliga,2026-05-22 10:28:50.673018
2124,79,3,9,1,0,1,2,7,2,5,10,3,1,D,1.3244736842105262,1.5997368421052631,F1_laliga,2026-05-22 10:28:50.673032
2125,80,3,1,10,1,3,1,14,9,1,15,2,1,h,1.6626315789473685,1.569736842105263,F1_laliga,2026-05-22 10:28:50.673085
2126,80,3,10,1,0,1,3,12,4,2,11,3,0,D,1.2813157894736842,1.5563157894736843,F1_laliga,2026-05-22 10:28:50.673098
2127,81,3,1,11,1,0,0,15,8,6,14,3,0,d,1.6626315789473685,1.569736842105263,F1_laliga,2026-05-22 10:28:50.673150
2128,81,3,11,1,0,0,0,11,3,3,9,3,0,D,1.2307894736842107,1.6436842105263159,F1_laliga,2026-05-22 10:28:50.673164
2129,82,3,5,16,1,1,0,15,10,4,16,2,0,h,0.9936842105263157,1.6805263157894736,F1_laliga,2026-05-22 10:28:50.673217
2130,82,3,16,5,0,0,1,7,7,3,9,1,0,D,2.030263157894737,0.7278947368421053,F1_laliga,2026-05-22 10:28:50.673231
2131,83,3,5,4,1,4,1,7,5,4,19,1,0,h,0.9936842105263157,1.6805263157894736,F1_laliga,2026-05-22 10:28:50.673291
2132,83,3,4,5,0,1,4,9,2,12,14,0,0,D,1.8557894736842104,0.7673684210526316,F1_laliga,2026-05-22 10:28:50.673306
2133,84,3,5,3,1,2,0,9,2,8,15,0,0,h,0.9936842105263157,1.6805263157894736,F1_laliga,2026-05-22 10:28:50.673366
2134,84,3,3,5,0,0,2,7,0,2,16,1,0,D,1.8355263157894737,0.7726315789473684,F1_laliga,2026-05-22 10:28:50.673379
2135,85,3,5,18,1,3,0,15,4,3,12,2,0,h,0.9936842105263157,1.6805263157894736,F1_laliga,2026-05-22 10:28:50.673433
2136,85,3,18,5,0,0,3,6,6,1,13,2,0,D,2.149736842105263,1.0773684210526315,F1_laliga,2026-05-22 10:28:50.673452
2137,86,3,5,17,1,4,4,15,6,4,14,1,0,d,0.9936842105263157,1.6805263157894736,F1_laliga,2026-05-22 10:28:50.673525
2138,86,3,17,5,0,4,4,6,3,4,13,5,0,D,1.8,1.0307894736842105,F1_laliga,2026-05-22 10:28:50.673539
2139,87,3,5,20,1,0,0,13,5,2,10,2,0,d,0.9936842105263157,1.6805263157894736,F1_laliga,2026-05-22 10:28:50.673629
2140,87,3,20,5,0,0,0,14,2,5,12,2,0,D,1.569736842105263,1.0939473684210526,F1_laliga,2026-05-22 10:28:50.673644
2141,88,3,5,2,1,1,4,10,3,6,17,1,0,a,0.9936842105263157,1.6805263157894736,F1_laliga,2026-05-22 10:28:50.673705
2142,88,3,2,5,0,4,1,10,4,4,6,2,0,D,1.6192105263157894,1.0997368421052631,F1_laliga,2026-05-22 10:28:50.673721
2143,89,3,5,19,1,0,0,9,6,2,17,0,0,h,0.9936842105263157,1.6805263157894736,F1_laliga,2026-05-22 10:28:50.673778
2144,89,3,19,5,0,0,0,12,4,5,11,3,0,D,1.8597368421052631,1.141315789473684,F1_laliga,2026-05-22 10:28:50.673791
2145,90,3,5,15,1,0,2,13,6,4,17,1,0,a,0.9936842105263157,1.6805263157894736,F1_laliga,2026-05-22 10:28:50.673845
2146,90,3,15,5,0,2,0,11,3,2,16,2,0,D,1.6626315789473685,1.3163157894736843,F1_laliga,2026-05-22 10:28:50.673859
2147,91,3,5,13,1,2,4,12,5,5,9,3,0,a,0.9936842105263157,1.6805263157894736,F1_laliga,2026-05-22 10:28:50.673914
2148,91,3,13,5,0,4,2,2,6,6,14,4,0,D,1.7534210526315788,1.3757894736842105,F1_laliga,2026-05-22 10:28:50.673928
2149,92,3,5,6,1,3,0,16,3,3,12,5,0,h,0.9936842105263157,1.6805263157894736,F1_laliga,2026-05-22 10:28:50.673981
2150,92,3,6,5,0,0,3,5,3,5,11,1,0,D,1.2613157894736842,1.2984210526315791,F1_laliga,2026-05-22 10:28:50.673995
2151,93,3,5,7,1,3,3,12,3,6,16,4,0,d,0.9936842105263157,1.6805263157894736,F1_laliga,2026-05-22 10:28:50.674047
2152,93,3,7,5,0,3,3,16,3,4,13,3,0,D,1.7078947368421054,1.4565789473684212,F1_laliga,2026-05-22 10:28:50.674075
2153,94,3,5,14,1,0,0,13,5,6,8,0,0,h,0.9936842105263157,1.6805263157894736,F1_laliga,2026-05-22 10:28:50.674134
2154,94,3,14,5,0,0,0,18,4,8,9,1,0,D,1.206842105263158,1.4844736842105262,F1_laliga,2026-05-22 10:28:50.674148
2155,95,3,5,8,1,2,2,15,3,3,10,1,0,h,0.9936842105263157,1.6805263157894736,F1_laliga,2026-05-22 10:28:50.674202
2156,95,3,8,5,0,2,2,11,3,3,7,2,0,D,1.4994736842105263,1.013684210526316,F1_laliga,2026-05-22 10:28:50.674215
2157,96,3,5,12,1,2,1,21,5,5,11,1,0,h,0.9936842105263157,1.6805263157894736,F1_laliga,2026-05-22 10:28:50.674267
2158,96,3,12,5,0,1,2,12,8,6,13,3,0,D,1.2415789473684211,1.6286842105263157,F1_laliga,2026-05-22 10:28:50.674286
2159,97,3,5,1,1,1,1,7,8,5,14,2,0,d,0.9936842105263157,1.6805263157894736,F1_laliga,2026-05-22 10:28:50.674345
2160,97,3,1,5,0,1,1,7,7,8,10,3,0,D,1.6626315789473685,1.569736842105263,F1_laliga,2026-05-22 10:28:50.674359
2161,98,3,5,9,1,3,1,18,7,3,11,0,0,a,0.9936842105263157,1.6805263157894736,F1_laliga,2026-05-22 10:28:50.674412
2162,98,3,9,5,0,1,3,7,4,2,10,3,0,D,1.3244736842105262,1.5997368421052631,F1_laliga,2026-05-22 10:28:50.674427
2163,99,3,5,10,1,0,4,10,5,7,13,1,0,a,0.9936842105263157,1.6805263157894736,F1_laliga,2026-05-22 10:28:50.674481
2164,99,3,10,5,0,4,0,12,7,7,15,2,0,D,1.2813157894736842,1.5563157894736843,F1_laliga,2026-05-22 10:28:50.674495
2165,100,3,5,11,1,3,0,19,3,1,9,0,0,h,0.9936842105263157,1.6805263157894736,F1_laliga,2026-05-22 10:28:50.674550
2166,100,3,11,5,0,0,3,13,1,4,9,1,0,D,1.2307894736842107,1.6436842105263159,F1_laliga,2026-05-22 10:28:50.674591
2167,101,3,9,16,1,2,1,12,3,4,10,3,0,h,1.3244736842105262,1.5997368421052631,F1_laliga,2026-05-22 10:28:50.674660
2168,101,3,16,9,0,1,2,8,2,4,12,1,1,D,2.030263157894737,0.7278947368421053,F1_laliga,2026-05-22 10:28:50.674674
2169,102,3,9,4,1,4,0,8,2,4,7,2,0,h,1.3244736842105262,1.5997368421052631,F1_laliga,2026-05-22 10:28:50.674739
2170,102,3,4,9,0,0,4,4,6,6,11,3,0,D,1.8557894736842104,0.7673684210526316,F1_laliga,2026-05-22 10:28:50.674752
2171,103,3,9,3,1,1,1,8,2,5,17,2,0,h,1.3244736842105262,1.5997368421052631,F1_laliga,2026-05-22 10:28:50.674807
2172,103,3,3,9,0,1,1,9,6,2,7,1,0,D,1.8355263157894737,0.7726315789473684,F1_laliga,2026-05-22 10:28:50.674823
2173,104,3,9,18,1,0,0,9,6,3,12,0,0,d,1.3244736842105262,1.5997368421052631,F1_laliga,2026-05-22 10:28:50.674877
2174,104,3,18,9,0,0,0,10,2,5,9,2,0,D,2.149736842105263,1.0773684210526315,F1_laliga,2026-05-22 10:28:50.674891
2175,105,3,9,17,1,3,2,11,4,4,10,2,0,h,1.3244736842105262,1.5997368421052631,F1_laliga,2026-05-22 10:28:50.674945
2176,105,3,17,9,0,2,3,10,8,4,13,2,0,D,1.8,1.0307894736842105,F1_laliga,2026-05-22 10:28:50.674958
2177,106,3,9,20,1,2,1,11,4,2,19,3,0,h,1.3244736842105262,1.5997368421052631,F1_laliga,2026-05-22 10:28:50.675013
2178,106,3,20,9,0,1,2,9,6,2,10,0,0,D,1.569736842105263,1.0939473684210526,F1_laliga,2026-05-22 10:28:50.675027
2179,107,3,9,2,1,0,3,12,5,3,15,2,0,a,1.3244736842105262,1.5997368421052631,F1_laliga,2026-05-22 10:28:50.675081
2180,107,3,2,9,0,3,0,16,4,3,15,1,0,D,1.6192105263157894,1.0997368421052631,F1_laliga,2026-05-22 10:28:50.675095
2181,108,3,9,19,1,0,0,20,1,3,12,0,0,a,1.3244736842105262,1.5997368421052631,F1_laliga,2026-05-22 10:28:50.675148
2182,108,3,19,9,0,0,0,13,3,4,10,1,0,D,1.8597368421052631,1.141315789473684,F1_laliga,2026-05-22 10:28:50.675174
2183,109,3,9,15,1,0,0,14,5,4,10,4,0,d,1.3244736842105262,1.5997368421052631,F1_laliga,2026-05-22 10:28:50.675228
2184,109,3,15,9,0,0,0,12,4,7,5,2,0,D,1.6626315789473685,1.3163157894736843,F1_laliga,2026-05-22 10:28:50.675242
2185,110,3,9,13,1,3,1,19,8,9,12,1,0,h,1.3244736842105262,1.5997368421052631,F1_laliga,2026-05-22 10:28:50.675302
2186,110,3,13,9,0,1,3,11,6,3,12,3,0,D,1.7534210526315788,1.3757894736842105,F1_laliga,2026-05-22 10:28:50.675316
2187,111,3,9,6,1,0,3,15,4,8,10,1,0,a,1.3244736842105262,1.5997368421052631,F1_laliga,2026-05-22 10:28:50.675373
2188,111,3,6,9,0,3,0,12,5,6,12,2,0,D,1.2613157894736842,1.2984210526315791,F1_laliga,2026-05-22 10:28:50.675387
2189,112,3,9,7,1,1,1,7,3,9,7,2,0,d,1.3244736842105262,1.5997368421052631,F1_laliga,2026-05-22 10:28:50.675443
2190,112,3,7,9,0,1,1,15,2,6,10,1,0,D,1.7078947368421054,1.4565789473684212,F1_laliga,2026-05-22 10:28:50.675493
2191,113,3,9,14,1,3,0,11,6,1,9,2,0,h,1.3244736842105262,1.5997368421052631,F1_laliga,2026-05-22 10:28:50.675589
2192,113,3,14,9,0,0,3,4,4,4,9,2,0,D,1.206842105263158,1.4844736842105262,F1_laliga,2026-05-22 10:28:50.675606
2193,114,3,9,8,1,2,1,19,3,7,13,2,0,h,1.3244736842105262,1.5997368421052631,F1_laliga,2026-05-22 10:28:50.675674
2194,114,3,8,9,0,1,2,7,2,4,6,2,0,D,1.4994736842105263,1.013684210526316,F1_laliga,2026-05-22 10:28:50.675688
2195,115,3,9,12,1,0,0,13,5,1,10,1,0,d,1.3244736842105262,1.5997368421052631,F1_laliga,2026-05-22 10:28:50.675745
2196,115,3,12,9,0,0,0,4,5,5,11,2,0,D,1.2415789473684211,1.6286842105263157,F1_laliga,2026-05-22 10:28:50.675758
2197,116,3,9,1,1,1,2,11,3,5,7,2,0,a,1.3244736842105262,1.5997368421052631,F1_laliga,2026-05-22 10:28:50.675814
2198,116,3,1,9,0,2,1,3,5,5,11,0,0,D,1.6626315789473685,1.569736842105263,F1_laliga,2026-05-22 10:28:50.675827
2199,117,3,9,5,1,1,5,16,7,4,9,2,0,a,1.3244736842105262,1.5997368421052631,F1_laliga,2026-05-22 10:28:50.675883
2200,117,3,5,9,0,5,1,11,2,1,13,2,0,D,0.9936842105263157,1.6805263157894736,F1_laliga,2026-05-22 10:28:50.675896
2201,118,3,9,10,1,5,1,9,4,2,10,4,0,h,1.3244736842105262,1.5997368421052631,F1_laliga,2026-05-22 10:28:50.675950
2202,118,3,10,9,0,1,5,5,4,4,4,3,0,D,1.2813157894736842,1.5563157894736843,F1_laliga,2026-05-22 10:28:50.675965
2203,119,3,9,11,1,0,2,15,3,6,12,1,1,a,1.3244736842105262,1.5997368421052631,F1_laliga,2026-05-22 10:28:50.676019
2204,119,3,11,9,0,2,0,6,4,4,13,2,1,D,1.2307894736842107,1.6436842105263159,F1_laliga,2026-05-22 10:28:50.676033
2205,120,3,10,16,1,3,3,10,8,7,4,1,0,d,1.2813157894736842,1.5563157894736843,F1_laliga,2026-05-22 10:28:50.676086
2206,120,3,16,10,0,3,3,8,3,1,15,0,0,D,2.030263157894737,0.7278947368421053,F1_laliga,2026-05-22 10:28:50.676100
2207,121,3,10,4,1,0,0,16,2,4,12,2,0,d,1.2813157894736842,1.5563157894736843,F1_laliga,2026-05-22 10:28:50.676153
2208,121,3,4,10,0,0,0,8,5,2,10,1,1,D,1.8557894736842104,0.7673684210526316,F1_laliga,2026-05-22 10:28:50.676167
2209,79,3,10,3,1,4,4,8,8,5,16,1,0,d,1.2813157894736842,1.5563157894736843,F1_laliga,2026-05-22 10:28:50.676219
2210,79,3,3,10,0,4,4,10,2,5,5,2,0,D,1.8355263157894737,0.7726315789473684,F1_laliga,2026-05-22 10:28:50.676232
2211,80,3,10,18,1,2,1,12,3,9,10,1,0,h,1.2813157894736842,1.5563157894736843,F1_laliga,2026-05-22 10:28:50.676290
2212,80,3,18,10,0,1,2,17,4,0,17,0,0,D,2.149736842105263,1.0773684210526315,F1_laliga,2026-05-22 10:28:50.676306
2213,81,3,10,17,1,1,1,6,7,3,14,2,0,d,1.2813157894736842,1.5563157894736843,F1_laliga,2026-05-22 10:28:50.676365
2214,81,3,17,10,0,1,1,13,6,1,6,6,1,D,1.8,1.0307894736842105,F1_laliga,2026-05-22 10:28:50.676379
2215,82,3,10,20,1,4,1,16,11,1,14,2,0,h,1.2813157894736842,1.5563157894736843,F1_laliga,2026-05-22 10:28:50.676433
2216,82,3,20,10,0,1,4,15,0,1,6,4,0,D,1.569736842105263,1.0939473684210526,F1_laliga,2026-05-22 10:28:50.676447
2217,83,3,10,2,1,0,1,16,7,6,11,4,0,a,1.2813157894736842,1.5563157894736843,F1_laliga,2026-05-22 10:28:50.676501
2218,83,3,2,10,0,1,0,10,1,6,8,2,0,D,1.6192105263157894,1.0997368421052631,F1_laliga,2026-05-22 10:28:50.676515
2219,84,3,10,19,1,1,3,11,1,3,14,2,0,a,1.2813157894736842,1.5563157894736843,F1_laliga,2026-05-22 10:28:50.676591
2220,84,3,19,10,0,3,1,12,4,12,7,3,0,D,1.8597368421052631,1.141315789473684,F1_laliga,2026-05-22 10:28:50.676605
2221,85,3,10,15,1,1,4,13,6,3,10,3,0,a,1.2813157894736842,1.5563157894736843,F1_laliga,2026-05-22 10:28:50.676671
2222,85,3,15,10,0,4,1,7,5,0,8,0,0,D,1.6626315789473685,1.3163157894736843,F1_laliga,2026-05-22 10:28:50.676686
2223,86,3,10,13,1,4,1,7,4,5,12,0,0,a,1.2813157894736842,1.5563157894736843,F1_laliga,2026-05-22 10:28:50.676743
2224,86,3,13,10,0,1,4,13,3,6,10,0,0,D,1.7534210526315788,1.3757894736842105,F1_laliga,2026-05-22 10:28:50.676757
2225,87,3,10,6,1,5,1,14,6,9,18,3,0,h,1.2813157894736842,1.5563157894736843,F1_laliga,2026-05-22 10:28:50.676812
2226,87,3,6,10,0,1,5,8,2,6,11,3,0,D,1.2613157894736842,1.2984210526315791,F1_laliga,2026-05-22 10:28:50.676826
2227,88,3,10,7,1,1,1,9,4,5,11,2,0,d,1.2813157894736842,1.5563157894736843,F1_laliga,2026-05-22 10:28:50.676879
2228,88,3,7,10,0,1,1,13,1,4,9,3,0,D,1.7078947368421054,1.4565789473684212,F1_laliga,2026-05-22 10:28:50.676893
2229,89,3,10,14,1,1,2,10,4,6,6,2,0,h,1.2813157894736842,1.5563157894736843,F1_laliga,2026-05-22 10:28:50.676947
2230,89,3,14,10,0,2,1,10,5,0,8,0,0,D,1.206842105263158,1.4844736842105262,F1_laliga,2026-05-22 10:28:50.676961
2231,90,3,10,8,1,0,0,10,5,1,17,2,0,d,1.2813157894736842,1.5563157894736843,F1_laliga,2026-05-22 10:28:50.677016
2232,90,3,8,10,0,0,0,5,4,5,8,3,0,D,1.4994736842105263,1.013684210526316,F1_laliga,2026-05-22 10:28:50.677031
2233,91,3,10,12,1,0,0,13,4,5,12,2,0,h,1.2813157894736842,1.5563157894736843,F1_laliga,2026-05-22 10:28:50.677086
2234,91,3,12,10,0,0,0,10,2,6,9,2,0,D,1.2415789473684211,1.6286842105263157,F1_laliga,2026-05-22 10:28:50.677099
2235,92,3,10,1,1,4,1,14,10,5,9,2,0,h,1.2813157894736842,1.5563157894736843,F1_laliga,2026-05-22 10:28:50.677153
2236,92,3,1,10,0,1,4,17,3,4,12,1,0,D,1.6626315789473685,1.569736842105263,F1_laliga,2026-05-22 10:28:50.677166
2237,93,3,10,5,1,2,0,10,1,4,18,1,0,h,1.2813157894736842,1.5563157894736843,F1_laliga,2026-05-22 10:28:50.677218
2238,93,3,5,10,0,0,2,15,3,5,12,1,0,D,0.9936842105263157,1.6805263157894736,F1_laliga,2026-05-22 10:28:50.677231
2239,94,3,10,9,1,2,2,8,4,4,13,3,0,d,1.2813157894736842,1.5563157894736843,F1_laliga,2026-05-22 10:28:50.677292
2240,94,3,9,10,0,2,2,12,3,7,15,4,0,D,1.3244736842105262,1.5997368421052631,F1_laliga,2026-05-22 10:28:50.677306
2241,95,3,10,11,1,5,2,11,3,6,12,2,1,h,1.2813157894736842,1.5563157894736843,F1_laliga,2026-05-22 10:28:50.677365
2242,95,3,11,10,0,2,5,14,6,10,14,0,0,D,1.2307894736842107,1.6436842105263159,F1_laliga,2026-05-22 10:28:50.677381
2243,96,3,11,16,1,4,1,11,8,7,15,1,0,h,1.2307894736842107,1.6436842105263159,F1_laliga,2026-05-22 10:28:50.677434
2244,96,3,16,11,0,1,4,13,8,3,11,3,0,D,2.030263157894737,0.7278947368421053,F1_laliga,2026-05-22 10:28:50.677448
2245,97,3,11,4,1,1,2,20,3,3,14,1,0,a,1.2307894736842107,1.6436842105263159,F1_laliga,2026-05-22 10:28:50.677572
2246,97,3,4,11,0,2,1,10,4,6,12,5,0,D,1.8557894736842104,0.7673684210526316,F1_laliga,2026-05-22 10:28:50.677592
2247,98,3,11,3,1,1,3,12,5,4,18,4,0,a,1.2307894736842107,1.6436842105263159,F1_laliga,2026-05-22 10:28:50.677660
2248,98,3,3,11,0,3,1,3,6,6,16,0,0,D,1.8355263157894737,0.7726315789473684,F1_laliga,2026-05-22 10:28:50.677673
2249,99,3,11,18,1,1,0,17,4,7,11,4,0,h,1.2307894736842107,1.6436842105263159,F1_laliga,2026-05-22 10:28:50.677745
2250,99,3,18,11,0,0,1,8,1,4,10,1,0,D,2.149736842105263,1.0773684210526315,F1_laliga,2026-05-22 10:28:50.677759
2251,100,3,11,17,1,1,0,13,3,7,16,2,0,h,1.2307894736842107,1.6436842105263159,F1_laliga,2026-05-22 10:28:50.677818
2252,100,3,17,11,0,0,1,12,2,4,11,0,0,D,1.8,1.0307894736842105,F1_laliga,2026-05-22 10:28:50.677833
2253,101,3,11,20,1,0,0,21,5,6,10,1,0,a,1.2307894736842107,1.6436842105263159,F1_laliga,2026-05-22 10:28:50.677889
2254,101,3,20,11,0,0,0,11,3,3,8,4,0,D,1.569736842105263,1.0939473684210526,F1_laliga,2026-05-22 10:28:50.677902
2255,102,3,11,2,1,1,1,7,5,7,14,1,0,a,1.2307894736842107,1.6436842105263159,F1_laliga,2026-05-22 10:28:50.677958
2256,102,3,2,11,0,1,1,12,3,4,18,2,0,D,1.6192105263157894,1.0997368421052631,F1_laliga,2026-05-22 10:28:50.677972
2257,103,3,11,19,1,1,0,14,6,9,8,1,0,h,1.2307894736842107,1.6436842105263159,F1_laliga,2026-05-22 10:28:50.678027
2258,103,3,19,11,0,0,1,9,4,4,11,3,0,D,1.8597368421052631,1.141315789473684,F1_laliga,2026-05-22 10:28:50.678040
2259,104,3,11,15,1,1,1,16,1,6,11,3,0,h,1.2307894736842107,1.6436842105263159,F1_laliga,2026-05-22 10:28:50.678094
2260,104,3,15,11,0,1,1,11,7,3,12,2,0,D,1.6626315789473685,1.3163157894736843,F1_laliga,2026-05-22 10:28:50.678107
2261,105,3,11,13,1,0,1,16,6,5,9,2,0,h,1.2307894736842107,1.6436842105263159,F1_laliga,2026-05-22 10:28:50.678162
2262,105,3,13,11,0,1,0,14,5,2,10,2,0,D,1.7534210526315788,1.3757894736842105,F1_laliga,2026-05-22 10:28:50.678178
2263,106,3,11,6,1,0,0,11,7,5,16,2,0,a,1.2307894736842107,1.6436842105263159,F1_laliga,2026-05-22 10:28:50.678231
2264,106,3,6,11,0,0,0,8,3,6,14,2,0,D,1.2613157894736842,1.2984210526315791,F1_laliga,2026-05-22 10:28:50.678244
2265,107,3,11,7,1,2,3,12,3,5,9,0,0,a,1.2307894736842107,1.6436842105263159,F1_laliga,2026-05-22 10:28:50.678304
2266,107,3,7,11,0,3,2,12,7,1,19,3,0,D,1.7078947368421054,1.4565789473684212,F1_laliga,2026-05-22 10:28:50.678318
2267,108,3,11,14,1,2,5,13,4,6,10,3,0,a,1.2307894736842107,1.6436842105263159,F1_laliga,2026-05-22 10:28:50.678375
2268,108,3,14,11,0,5,2,6,3,6,8,3,0,D,1.206842105263158,1.4844736842105262,F1_laliga,2026-05-22 10:28:50.678389
2269,109,3,11,8,1,1,2,12,7,8,12,1,0,a,1.2307894736842107,1.6436842105263159,F1_laliga,2026-05-22 10:28:50.678445
2270,109,3,8,11,0,2,1,8,8,7,13,2,0,D,1.4994736842105263,1.013684210526316,F1_laliga,2026-05-22 10:28:50.678458
2271,110,3,11,12,1,2,2,13,5,7,18,2,0,d,1.2307894736842107,1.6436842105263159,F1_laliga,2026-05-22 10:28:50.678511
2272,110,3,12,11,0,2,2,11,3,1,13,2,1,D,1.2415789473684211,1.6286842105263157,F1_laliga,2026-05-22 10:28:50.678526
2273,111,3,11,1,1,0,0,18,5,11,13,3,0,h,1.2307894736842107,1.6436842105263159,F1_laliga,2026-05-22 10:28:50.678601
2274,111,3,1,11,0,0,0,6,4,3,8,2,2,D,1.6626315789473685,1.569736842105263,F1_laliga,2026-05-22 10:28:50.678616
2275,112,3,11,5,1,0,2,9,8,5,17,1,0,a,1.2307894736842107,1.6436842105263159,F1_laliga,2026-05-22 10:28:50.678680
2276,112,3,5,11,0,2,0,8,6,2,17,1,0,D,0.9936842105263157,1.6805263157894736,F1_laliga,2026-05-22 10:28:50.678694
2277,113,3,11,9,1,0,0,10,7,6,11,0,0,d,1.2307894736842107,1.6436842105263159,F1_laliga,2026-05-22 10:28:50.678750
2278,113,3,9,11,0,0,0,7,5,4,13,1,0,D,1.3244736842105262,1.5997368421052631,F1_laliga,2026-05-22 10:28:50.678764
2279,114,3,11,10,1,0,2,13,4,7,13,3,0,a,1.2307894736842107,1.6436842105263159,F1_laliga,2026-05-22 10:28:50.678819
2280,114,3,10,11,0,2,0,8,2,4,17,2,0,D,1.2813157894736842,1.5563157894736843,F1_laliga,2026-05-22 10:28:50.678833
2281,122,4,16,4,1,0,0,17,3,1,19,1,0,h,2.0265789473684213,0.981578947368421,F1_laliga,2026-05-22 10:28:50.678887
2282,122,4,4,16,0,0,0,6,3,3,9,3,0,D,1.7426315789473683,0.8447368421052632,F1_laliga,2026-05-22 10:28:50.678902
2283,123,4,16,3,1,0,2,20,12,4,6,3,0,a,2.0265789473684213,0.981578947368421,F1_laliga,2026-05-22 10:28:50.678957
2284,123,4,3,16,0,2,0,9,5,3,7,3,0,D,2.157631578947368,0.7834210526315789,F1_laliga,2026-05-22 10:28:50.678970
2285,124,4,16,18,1,2,2,18,5,6,13,2,0,d,2.0265789473684213,0.981578947368421,F1_laliga,2026-05-22 10:28:50.679024
2286,124,4,18,16,0,2,2,9,4,2,14,0,0,D,2.0071052631578947,0.9215789473684212,F1_laliga,2026-05-22 10:28:50.679037
2287,125,4,16,17,1,1,1,9,1,7,16,3,0,a,2.0265789473684213,0.981578947368421,F1_laliga,2026-05-22 10:28:50.679091
2288,125,4,17,16,0,1,1,8,5,3,10,3,0,D,1.9705263157894735,1.0313157894736842,F1_laliga,2026-05-22 10:28:50.679105
2289,126,4,16,20,1,1,0,14,5,6,6,1,1,h,2.0265789473684213,0.981578947368421,F1_laliga,2026-05-22 10:28:50.679158
2290,126,4,20,16,0,0,1,10,5,5,12,1,0,D,2.031842105263158,1.2807894736842105,F1_laliga,2026-05-22 10:28:50.679171
2291,127,4,16,2,1,2,1,16,3,5,10,0,0,h,2.0265789473684213,0.981578947368421,F1_laliga,2026-05-22 10:28:50.679226
2292,127,4,2,16,0,1,2,7,4,7,7,6,0,D,2.106578947368421,1.2107894736842104,F1_laliga,2026-05-22 10:28:50.679243
2293,128,4,16,19,1,1,5,8,7,5,16,0,0,a,2.0265789473684213,0.981578947368421,F1_laliga,2026-05-22 10:28:50.679303
2294,128,4,19,16,0,5,1,8,3,0,9,2,0,D,1.9644736842105264,1.135,F1_laliga,2026-05-22 10:28:50.679317
2295,129,4,16,15,1,3,3,15,8,4,12,1,1,d,2.0265789473684213,0.981578947368421,F1_laliga,2026-05-22 10:28:50.679378
2296,129,4,15,16,0,3,3,8,6,6,19,2,0,D,1.3752631578947367,1.2618421052631579,F1_laliga,2026-05-22 10:28:50.679391
2297,130,4,16,13,1,1,0,13,5,4,11,2,0,a,2.0265789473684213,0.981578947368421,F1_laliga,2026-05-22 10:28:50.679472
2298,130,4,13,16,0,0,1,8,2,4,12,1,1,D,1.346578947368421,1.1921052631578946,F1_laliga,2026-05-22 10:28:50.679491
2299,131,4,16,6,1,0,4,13,7,10,10,3,0,a,2.0265789473684213,0.981578947368421,F1_laliga,2026-05-22 10:28:50.679581
2300,131,4,6,16,0,4,0,5,2,4,13,2,0,D,1.4097368421052632,1.0686842105263157,F1_laliga,2026-05-22 10:28:50.679597
2301,132,4,16,7,1,2,2,21,6,7,11,1,0,a,2.0265789473684213,0.981578947368421,F1_laliga,2026-05-22 10:28:50.679664
2302,132,4,7,16,0,2,2,5,3,8,14,1,0,D,1.4713157894736841,1.5907894736842105,F1_laliga,2026-05-22 10:28:50.679680
2303,133,4,16,14,1,1,1,15,6,2,17,2,0,d,2.0265789473684213,0.981578947368421,F1_laliga,2026-05-22 10:28:50.679780
2304,133,4,14,16,0,1,1,8,1,1,11,3,0,D,1.358157894736842,1.5186842105263159,F1_laliga,2026-05-22 10:28:50.679795
2305,134,4,16,8,1,0,1,14,2,7,13,1,0,a,2.0265789473684213,0.981578947368421,F1_laliga,2026-05-22 10:28:50.679857
2306,134,4,8,16,0,1,0,11,5,3,16,2,0,D,1.4678947368421054,1.4747368421052631,F1_laliga,2026-05-22 10:28:50.679871
2307,135,4,16,12,1,2,1,18,7,8,7,2,0,h,2.0265789473684213,0.981578947368421,F1_laliga,2026-05-22 10:28:50.679928
2308,135,4,12,16,0,1,2,6,2,3,10,3,0,D,1.5613157894736842,1.6939473684210526,F1_laliga,2026-05-22 10:28:50.679942
2309,136,4,16,1,1,0,2,12,6,6,9,0,0,a,2.0265789473684213,0.981578947368421,F1_laliga,2026-05-22 10:28:50.679998
2310,136,4,1,16,0,2,0,10,4,2,13,3,0,D,1.5668421052631578,1.583421052631579,F1_laliga,2026-05-22 10:28:50.680012
2311,137,4,16,5,1,1,0,19,2,5,12,3,0,h,2.0265789473684213,0.981578947368421,F1_laliga,2026-05-22 10:28:50.680067
2312,137,4,5,16,0,0,1,14,4,6,9,5,0,D,0.7999999999999999,1.5710526315789475,F1_laliga,2026-05-22 10:28:50.680082
2313,138,4,16,9,1,0,2,7,5,3,13,2,0,h,2.0265789473684213,0.981578947368421,F1_laliga,2026-05-22 10:28:50.680138
2314,138,4,9,16,0,2,0,7,4,2,9,1,0,D,0.8792105263157893,1.9592105263157895,F1_laliga,2026-05-22 10:28:50.680151
2315,139,4,16,10,1,1,1,10,3,6,16,7,0,d,2.0265789473684213,0.981578947368421,F1_laliga,2026-05-22 10:28:50.680206
2316,139,4,10,16,0,1,1,9,5,2,11,1,1,D,1.1936842105263157,1.971578947368421,F1_laliga,2026-05-22 10:28:50.680219
2317,140,4,16,11,1,4,0,11,0,3,10,3,0,h,2.0265789473684213,0.981578947368421,F1_laliga,2026-05-22 10:28:50.680278
2318,140,4,11,16,0,0,4,18,7,3,14,2,0,D,1.0342105263157895,1.8510526315789475,F1_laliga,2026-05-22 10:28:50.680292
2319,141,4,4,16,1,1,1,9,4,1,13,3,0,d,1.7426315789473683,0.8447368421052632,F1_laliga,2026-05-22 10:28:50.680351
2320,141,4,16,4,0,1,1,9,3,3,18,3,0,D,2.0265789473684213,0.981578947368421,F1_laliga,2026-05-22 10:28:50.680364
2321,142,4,4,3,1,4,0,16,2,7,10,0,0,h,1.7426315789473683,0.8447368421052632,F1_laliga,2026-05-22 10:28:50.680421
2322,142,4,3,4,0,0,4,8,3,3,15,1,0,D,2.157631578947368,0.7834210526315789,F1_laliga,2026-05-22 10:28:50.680436
2323,143,4,4,18,1,4,0,11,3,2,8,0,0,h,1.7426315789473683,0.8447368421052632,F1_laliga,2026-05-22 10:28:50.680492
2324,143,4,18,4,0,0,4,13,2,3,14,1,0,D,2.0071052631578947,0.9215789473684212,F1_laliga,2026-05-22 10:28:50.680506
2325,144,4,4,17,1,3,3,10,3,4,9,0,0,d,1.7426315789473683,0.8447368421052632,F1_laliga,2026-05-22 10:28:50.680583
2326,144,4,17,4,0,3,3,13,6,5,10,0,0,D,1.9705263157894735,1.0313157894736842,F1_laliga,2026-05-22 10:28:50.680598
2327,145,4,4,20,1,2,0,12,5,6,13,4,0,h,1.7426315789473683,0.8447368421052632,F1_laliga,2026-05-22 10:28:50.680663
2328,145,4,20,4,0,0,2,9,3,4,7,2,0,D,2.031842105263158,1.2807894736842105,F1_laliga,2026-05-22 10:28:50.680677
2329,146,4,4,2,1,4,0,14,6,3,25,1,0,h,1.7426315789473683,0.8447368421052632,F1_laliga,2026-05-22 10:28:50.680735
2330,146,4,2,4,0,0,4,11,2,4,5,2,0,D,2.106578947368421,1.2107894736842104,F1_laliga,2026-05-22 10:28:50.680749
2331,147,4,4,19,1,1,3,13,8,3,10,5,0,a,1.7426315789473683,0.8447368421052632,F1_laliga,2026-05-22 10:28:50.680805
2332,147,4,19,4,0,3,1,9,6,3,9,2,0,D,1.9644736842105264,1.135,F1_laliga,2026-05-22 10:28:50.680820
2333,148,4,4,15,1,2,2,21,5,4,9,3,0,a,1.7426315789473683,0.8447368421052632,F1_laliga,2026-05-22 10:28:50.680876
2334,148,4,15,4,0,2,2,7,8,5,10,1,0,D,1.3752631578947367,1.2618421052631579,F1_laliga,2026-05-22 10:28:50.680889
2335,149,4,4,13,1,1,0,13,4,5,18,1,0,h,1.7426315789473683,0.8447368421052632,F1_laliga,2026-05-22 10:28:50.680944
2336,149,4,13,4,0,0,1,7,2,3,10,1,0,D,1.346578947368421,1.1921052631578946,F1_laliga,2026-05-22 10:28:50.680958
2337,150,4,4,6,1,0,1,17,4,6,13,2,0,h,1.7426315789473683,0.8447368421052632,F1_laliga,2026-05-22 10:28:50.681013
2338,150,4,6,4,0,1,0,12,3,2,11,4,0,D,1.4097368421052632,1.0686842105263157,F1_laliga,2026-05-22 10:28:50.681027
2339,151,4,4,7,1,2,1,13,6,5,9,2,0,h,1.7426315789473683,0.8447368421052632,F1_laliga,2026-05-22 10:28:50.681089
2340,151,4,7,4,0,1,2,8,3,3,9,0,0,D,1.4713157894736841,1.5907894736842105,F1_laliga,2026-05-22 10:28:50.681112
2341,152,4,4,14,1,2,1,17,6,6,14,2,0,h,1.7426315789473683,0.8447368421052632,F1_laliga,2026-05-22 10:28:50.681183
2342,152,4,14,4,0,1,2,9,5,4,14,2,1,D,1.358157894736842,1.5186842105263159,F1_laliga,2026-05-22 10:28:50.681200
2343,153,4,4,8,1,3,0,19,2,5,10,3,0,h,1.7426315789473683,0.8447368421052632,F1_laliga,2026-05-22 10:28:50.681258
2344,153,4,8,4,0,0,3,11,2,4,17,0,0,D,1.4678947368421054,1.4747368421052631,F1_laliga,2026-05-22 10:28:50.681278
2345,154,4,4,12,1,1,0,15,9,2,14,0,0,h,1.7426315789473683,0.8447368421052632,F1_laliga,2026-05-22 10:28:50.681339
2346,154,4,12,4,0,0,1,12,3,7,19,4,0,D,1.5613157894736842,1.6939473684210526,F1_laliga,2026-05-22 10:28:50.681352
2347,155,4,4,1,1,1,1,14,6,3,13,1,1,a,1.7426315789473683,0.8447368421052632,F1_laliga,2026-05-22 10:28:50.681408
2348,155,4,1,4,0,1,1,8,2,2,10,2,0,D,1.5668421052631578,1.583421052631579,F1_laliga,2026-05-22 10:28:50.681421
2349,156,4,4,5,1,1,1,13,8,4,7,2,0,h,1.7426315789473683,0.8447368421052632,F1_laliga,2026-05-22 10:28:50.681475
2350,156,4,5,4,0,1,1,16,6,5,13,1,0,D,0.7999999999999999,1.5710526315789475,F1_laliga,2026-05-22 10:28:50.681489
2351,157,4,4,9,1,1,0,7,2,8,19,1,0,h,1.7426315789473683,0.8447368421052632,F1_laliga,2026-05-22 10:28:50.681547
2352,157,4,9,4,0,0,1,17,5,2,19,5,0,D,0.8792105263157893,1.9592105263157895,F1_laliga,2026-05-22 10:28:50.681591
2353,158,4,4,10,1,1,1,15,6,6,10,1,0,d,1.7426315789473683,0.8447368421052632,F1_laliga,2026-05-22 10:28:50.681661
2354,158,4,10,4,0,1,1,6,3,8,12,4,0,D,1.1936842105263157,1.971578947368421,F1_laliga,2026-05-22 10:28:50.681675
2355,159,4,4,11,1,1,1,9,4,6,9,3,0,h,1.7426315789473683,0.8447368421052632,F1_laliga,2026-05-22 10:28:50.681733
2356,159,4,11,4,0,1,1,15,5,5,16,2,0,D,1.0342105263157895,1.8510526315789475,F1_laliga,2026-05-22 10:28:50.681747
2357,160,4,3,16,1,0,0,14,3,5,11,1,0,d,2.157631578947368,0.7834210526315789,F1_laliga,2026-05-22 10:28:50.681801
2358,160,4,16,3,0,0,0,7,2,2,13,3,0,D,2.0265789473684213,0.981578947368421,F1_laliga,2026-05-22 10:28:50.681815
2359,161,4,3,4,1,3,3,21,7,5,10,4,0,a,2.157631578947368,0.7834210526315789,F1_laliga,2026-05-22 10:28:50.681871
2360,161,4,4,3,0,3,3,12,4,4,11,1,0,D,1.7426315789473683,0.8447368421052632,F1_laliga,2026-05-22 10:28:50.681884
2361,162,4,3,18,1,2,2,16,5,8,8,0,0,d,2.157631578947368,0.7834210526315789,F1_laliga,2026-05-22 10:28:50.681938
2362,162,4,18,3,0,2,2,16,2,2,15,0,0,D,2.0071052631578947,0.9215789473684212,F1_laliga,2026-05-22 10:28:50.681996
2363,163,4,3,17,1,1,2,13,3,6,10,1,0,h,2.157631578947368,0.7834210526315789,F1_laliga,2026-05-22 10:28:50.682066
2364,163,4,17,3,0,2,1,13,7,2,14,0,0,D,1.9705263157894735,1.0313157894736842,F1_laliga,2026-05-22 10:28:50.682080
2365,122,4,3,20,1,0,1,16,4,4,13,1,0,a,2.157631578947368,0.7834210526315789,F1_laliga,2026-05-22 10:28:50.682136
2366,122,4,20,3,0,1,0,9,1,1,5,1,0,D,2.031842105263158,1.2807894736842105,F1_laliga,2026-05-22 10:28:50.682150
2367,123,4,3,2,1,0,2,8,7,4,14,2,0,a,2.157631578947368,0.7834210526315789,F1_laliga,2026-05-22 10:28:50.682206
2368,123,4,2,3,0,2,0,9,5,6,10,1,0,D,2.106578947368421,1.2107894736842104,F1_laliga,2026-05-22 10:28:50.682220
2369,124,4,3,19,1,1,0,10,3,8,13,3,0,h,2.157631578947368,0.7834210526315789,F1_laliga,2026-05-22 10:28:50.682280
2370,124,4,19,3,0,0,1,12,5,4,13,3,0,D,1.9644736842105264,1.135,F1_laliga,2026-05-22 10:28:50.682294
2371,125,4,3,15,1,2,2,18,5,7,12,1,0,d,2.157631578947368,0.7834210526315789,F1_laliga,2026-05-22 10:28:50.682353
2372,125,4,15,3,0,2,2,12,2,3,9,3,0,D,1.3752631578947367,1.2618421052631579,F1_laliga,2026-05-22 10:28:50.682393
2373,126,4,3,13,1,2,0,17,3,7,15,2,0,h,2.157631578947368,0.7834210526315789,F1_laliga,2026-05-22 10:28:50.682462
2374,126,4,13,3,0,0,2,6,1,0,10,0,0,D,1.346578947368421,1.1921052631578946,F1_laliga,2026-05-22 10:28:50.682475
2375,127,4,3,6,1,0,0,17,8,3,14,3,0,d,2.157631578947368,0.7834210526315789,F1_laliga,2026-05-22 10:28:50.682532
2376,127,4,6,3,0,0,0,16,2,7,8,2,0,D,1.4097368421052632,1.0686842105263157,F1_laliga,2026-05-22 10:28:50.682546
2377,128,4,3,7,1,1,1,13,8,7,12,0,0,h,2.157631578947368,0.7834210526315789,F1_laliga,2026-05-22 10:28:50.682631
2378,128,4,7,3,0,1,1,9,6,5,18,2,0,D,1.4713157894736841,1.5907894736842105,F1_laliga,2026-05-22 10:28:50.682647
2379,129,4,3,14,1,2,2,8,5,9,14,3,0,d,2.157631578947368,0.7834210526315789,F1_laliga,2026-05-22 10:28:50.682706
2380,129,4,14,3,0,2,2,9,5,5,8,5,0,D,1.358157894736842,1.5186842105263159,F1_laliga,2026-05-22 10:28:50.682720
2381,130,4,3,8,1,3,1,11,5,2,12,1,0,h,2.157631578947368,0.7834210526315789,F1_laliga,2026-05-22 10:28:50.682776
2382,130,4,8,3,0,1,3,11,1,6,9,3,0,D,1.4678947368421054,1.4747368421052631,F1_laliga,2026-05-22 10:28:50.682819
2383,131,4,3,12,1,2,0,10,3,2,13,3,0,h,2.157631578947368,0.7834210526315789,F1_laliga,2026-05-22 10:28:50.682890
2384,131,4,12,3,0,0,2,7,8,6,14,1,0,D,1.5613157894736842,1.6939473684210526,F1_laliga,2026-05-22 10:28:50.682904
2385,132,4,3,1,1,1,1,8,5,6,16,0,0,d,2.157631578947368,0.7834210526315789,F1_laliga,2026-05-22 10:28:50.682961
2386,132,4,1,3,0,1,1,14,2,2,14,3,0,D,1.5668421052631578,1.583421052631579,F1_laliga,2026-05-22 10:28:50.682975
2387,133,4,3,5,1,2,1,13,4,2,10,1,0,h,2.157631578947368,0.7834210526315789,F1_laliga,2026-05-22 10:28:50.683031
2388,133,4,5,3,0,1,2,15,3,6,18,2,0,D,0.7999999999999999,1.5710526315789475,F1_laliga,2026-05-22 10:28:50.683046
2389,134,4,3,9,1,1,0,8,7,6,11,2,0,h,2.157631578947368,0.7834210526315789,F1_laliga,2026-05-22 10:28:50.683102
2390,134,4,9,3,0,0,1,6,5,4,14,4,0,D,0.8792105263157893,1.9592105263157895,F1_laliga,2026-05-22 10:28:50.683115
2391,135,4,3,10,1,4,1,18,4,2,17,0,0,h,2.157631578947368,0.7834210526315789,F1_laliga,2026-05-22 10:28:50.683171
2392,135,4,10,3,0,1,4,10,1,5,11,3,0,D,1.1936842105263157,1.971578947368421,F1_laliga,2026-05-22 10:28:50.683211
2393,136,4,3,11,1,5,2,12,5,5,8,0,0,h,2.157631578947368,0.7834210526315789,F1_laliga,2026-05-22 10:28:50.683285
2394,136,4,11,3,0,2,5,14,3,5,13,4,0,D,1.0342105263157895,1.8510526315789475,F1_laliga,2026-05-22 10:28:50.683300
2395,137,4,18,16,1,1,0,13,7,5,18,3,0,h,2.0071052631578947,0.9215789473684212,F1_laliga,2026-05-22 10:28:50.683390
2396,137,4,16,18,0,0,1,12,3,3,10,3,0,D,2.0265789473684213,0.981578947368421,F1_laliga,2026-05-22 10:28:50.683405
2397,138,4,18,4,1,1,2,11,0,1,3,4,0,a,2.0071052631578947,0.9215789473684212,F1_laliga,2026-05-22 10:28:50.683504
2398,138,4,4,18,0,2,1,17,4,2,15,4,0,D,1.7426315789473683,0.8447368421052632,F1_laliga,2026-05-22 10:28:50.683519
2399,139,4,18,3,1,1,1,11,4,7,17,5,0,d,2.0071052631578947,0.9215789473684212,F1_laliga,2026-05-22 10:28:50.683683
2400,139,4,3,18,0,1,1,14,5,1,7,2,0,D,2.157631578947368,0.7834210526315789,F1_laliga,2026-05-22 10:28:50.683699
2401,140,4,18,17,1,0,1,14,4,3,14,0,0,h,2.0071052631578947,0.9215789473684212,F1_laliga,2026-05-22 10:28:50.683769
2402,140,4,17,18,0,1,0,13,1,4,15,5,0,D,1.9705263157894735,1.0313157894736842,F1_laliga,2026-05-22 10:28:50.683824
2403,141,4,18,20,1,0,0,12,7,5,13,1,0,d,2.0071052631578947,0.9215789473684212,F1_laliga,2026-05-22 10:28:50.683895
2404,141,4,20,18,0,0,0,10,5,5,16,2,0,D,2.031842105263158,1.2807894736842105,F1_laliga,2026-05-22 10:28:50.683909
2405,142,4,18,2,1,0,0,11,7,6,10,2,0,h,2.0071052631578947,0.9215789473684212,F1_laliga,2026-05-22 10:28:50.683966
2406,142,4,2,18,0,0,0,8,1,7,3,1,0,D,2.106578947368421,1.2107894736842104,F1_laliga,2026-05-22 10:28:50.683980
2407,143,4,18,19,1,2,2,12,4,5,12,4,0,d,2.0071052631578947,0.9215789473684212,F1_laliga,2026-05-22 10:28:50.684035
2408,143,4,19,18,0,2,2,10,4,4,8,3,0,D,1.9644736842105264,1.135,F1_laliga,2026-05-22 10:28:50.684049
2409,144,4,18,15,1,0,2,15,3,3,13,0,0,h,2.0071052631578947,0.9215789473684212,F1_laliga,2026-05-22 10:28:50.684103
2410,144,4,15,18,0,2,0,9,4,4,12,2,0,D,1.3752631578947367,1.2618421052631579,F1_laliga,2026-05-22 10:28:50.684117
2411,145,4,18,13,1,1,1,16,5,3,10,3,0,a,2.0071052631578947,0.9215789473684212,F1_laliga,2026-05-22 10:28:50.684172
2412,145,4,13,18,0,1,1,7,3,4,11,2,0,D,1.346578947368421,1.1921052631578946,F1_laliga,2026-05-22 10:28:50.684213
2413,146,4,18,6,1,5,0,18,10,8,15,2,0,h,2.0071052631578947,0.9215789473684212,F1_laliga,2026-05-22 10:28:50.684287
2414,146,4,6,18,0,0,5,4,4,3,6,1,0,D,1.4097368421052632,1.0686842105263157,F1_laliga,2026-05-22 10:28:50.684301
2415,147,4,18,7,1,3,0,18,5,8,10,3,0,h,2.0071052631578947,0.9215789473684212,F1_laliga,2026-05-22 10:28:50.684363
2416,147,4,7,18,0,0,3,13,3,4,14,3,0,D,1.4713157894736841,1.5907894736842105,F1_laliga,2026-05-22 10:28:50.684376
2417,148,4,18,14,1,2,2,14,3,5,12,2,0,d,2.0071052631578947,0.9215789473684212,F1_laliga,2026-05-22 10:28:50.684433
2418,148,4,14,18,0,2,2,9,6,5,12,4,0,D,1.358157894736842,1.5186842105263159,F1_laliga,2026-05-22 10:28:50.684447
2419,149,4,18,8,1,1,1,11,9,4,8,1,0,d,2.0071052631578947,0.9215789473684212,F1_laliga,2026-05-22 10:28:50.684501
2420,149,4,8,18,0,1,1,8,6,4,10,0,0,D,1.4678947368421054,1.4747368421052631,F1_laliga,2026-05-22 10:28:50.684514
2421,150,4,18,12,1,1,0,13,5,8,8,1,0,h,2.0071052631578947,0.9215789473684212,F1_laliga,2026-05-22 10:28:50.684591
2422,150,4,12,18,0,0,1,12,6,6,15,4,0,D,1.5613157894736842,1.6939473684210526,F1_laliga,2026-05-22 10:28:50.684633
2423,151,4,18,1,1,3,0,11,4,6,10,1,0,h,2.0071052631578947,0.9215789473684212,F1_laliga,2026-05-22 10:28:50.684726
2424,151,4,1,18,0,0,3,8,4,0,14,1,0,D,1.5668421052631578,1.583421052631579,F1_laliga,2026-05-22 10:28:50.684741
2425,152,4,18,5,1,4,1,18,5,3,11,1,0,h,2.0071052631578947,0.9215789473684212,F1_laliga,2026-05-22 10:28:50.684802
2426,152,4,5,18,0,1,4,10,2,3,19,0,0,D,0.7999999999999999,1.5710526315789475,F1_laliga,2026-05-22 10:28:50.684816
2427,153,4,18,9,1,2,0,5,4,4,12,1,0,h,2.0071052631578947,0.9215789473684212,F1_laliga,2026-05-22 10:28:50.684872
2428,153,4,9,18,0,0,2,12,0,3,10,1,0,D,0.8792105263157893,1.9592105263157895,F1_laliga,2026-05-22 10:28:50.684886
2429,154,4,18,10,1,4,1,7,9,7,10,1,0,h,2.0071052631578947,0.9215789473684212,F1_laliga,2026-05-22 10:28:50.684942
2430,154,4,10,18,0,1,4,9,8,2,11,1,0,D,1.1936842105263157,1.971578947368421,F1_laliga,2026-05-22 10:28:50.684956
2431,155,4,18,11,1,2,2,11,3,5,12,3,0,d,2.0071052631578947,0.9215789473684212,F1_laliga,2026-05-22 10:28:50.685011
2432,155,4,11,18,0,2,2,8,6,2,11,2,0,D,1.0342105263157895,1.8510526315789475,F1_laliga,2026-05-22 10:28:50.685050
2433,156,4,17,16,1,0,0,15,5,10,16,4,0,d,1.9705263157894735,1.0313157894736842,F1_laliga,2026-05-22 10:28:50.685118
2434,156,4,16,17,0,0,0,10,4,4,18,1,0,D,2.0265789473684213,0.981578947368421,F1_laliga,2026-05-22 10:28:50.685132
2435,157,4,17,4,1,1,1,20,8,1,10,1,0,d,1.9705263157894735,1.0313157894736842,F1_laliga,2026-05-22 10:28:50.685189
2436,157,4,4,17,0,1,1,12,4,2,6,3,0,D,1.7426315789473683,0.8447368421052632,F1_laliga,2026-05-22 10:28:50.685203
2437,158,4,17,3,1,1,1,13,3,2,17,1,0,h,1.9705263157894735,1.0313157894736842,F1_laliga,2026-05-22 10:28:50.685259
2438,158,4,3,17,0,1,1,8,4,2,10,1,0,D,2.157631578947368,0.7834210526315789,F1_laliga,2026-05-22 10:28:50.685280
2439,159,4,17,18,1,0,0,19,4,3,10,2,0,h,1.9705263157894735,1.0313157894736842,F1_laliga,2026-05-22 10:28:50.685340
2440,159,4,18,17,0,0,0,8,5,5,12,3,0,D,2.0071052631578947,0.9215789473684212,F1_laliga,2026-05-22 10:28:50.685354
2441,160,4,17,20,1,1,1,16,4,4,13,2,1,a,1.9705263157894735,1.0313157894736842,F1_laliga,2026-05-22 10:28:50.685409
2442,160,4,20,17,0,1,1,7,1,2,10,3,0,D,2.031842105263158,1.2807894736842105,F1_laliga,2026-05-22 10:28:50.685452
2443,161,4,17,2,1,1,1,21,3,11,5,1,0,h,1.9705263157894735,1.0313157894736842,F1_laliga,2026-05-22 10:28:50.685521
2444,161,4,2,17,0,1,1,14,5,2,9,3,0,D,2.106578947368421,1.2107894736842104,F1_laliga,2026-05-22 10:28:50.685535
2445,162,4,17,19,1,1,1,10,4,9,16,1,0,h,1.9705263157894735,1.0313157894736842,F1_laliga,2026-05-22 10:28:50.685641
2446,162,4,19,17,0,1,1,12,3,7,8,0,0,D,1.9644736842105264,1.135,F1_laliga,2026-05-22 10:28:50.685656
2447,163,4,17,15,1,3,0,12,4,7,12,1,0,h,1.9705263157894735,1.0313157894736842,F1_laliga,2026-05-22 10:28:50.685718
2448,163,4,15,17,0,0,3,9,5,5,9,0,0,D,1.3752631578947367,1.2618421052631579,F1_laliga,2026-05-22 10:28:50.685732
2449,122,4,17,13,1,1,0,15,6,3,12,1,0,h,1.9705263157894735,1.0313157894736842,F1_laliga,2026-05-22 10:28:50.685822
2450,122,4,13,17,0,0,1,9,1,5,17,1,0,D,1.346578947368421,1.1921052631578946,F1_laliga,2026-05-22 10:28:50.685837
2451,123,4,17,6,1,3,0,12,2,5,11,2,0,h,1.9705263157894735,1.0313157894736842,F1_laliga,2026-05-22 10:28:50.685897
2452,123,4,6,17,0,0,3,9,2,3,7,0,0,D,1.4097368421052632,1.0686842105263157,F1_laliga,2026-05-22 10:28:50.685936
2453,124,4,17,7,1,1,1,10,6,5,14,2,1,a,1.9705263157894735,1.0313157894736842,F1_laliga,2026-05-22 10:28:50.686005
2454,124,4,7,17,0,1,1,17,6,4,18,1,0,D,1.4713157894736841,1.5907894736842105,F1_laliga,2026-05-22 10:28:50.686019
2455,125,4,17,14,1,1,1,13,1,6,7,1,0,d,1.9705263157894735,1.0313157894736842,F1_laliga,2026-05-22 10:28:50.686077
2456,125,4,14,17,0,1,1,15,4,1,12,0,0,D,1.358157894736842,1.5186842105263159,F1_laliga,2026-05-22 10:28:50.686090
2457,126,4,17,8,1,0,0,11,4,7,15,1,0,d,1.9705263157894735,1.0313157894736842,F1_laliga,2026-05-22 10:28:50.686147
2458,126,4,8,17,0,0,0,10,3,1,14,0,0,D,1.4678947368421054,1.4747368421052631,F1_laliga,2026-05-22 10:28:50.686160
2459,127,4,17,12,1,0,3,16,5,3,6,4,0,a,1.9705263157894735,1.0313157894736842,F1_laliga,2026-05-22 10:28:50.686214
2460,127,4,12,17,0,3,0,10,8,7,13,1,0,D,1.5613157894736842,1.6939473684210526,F1_laliga,2026-05-22 10:28:50.686228
2461,128,4,17,1,1,0,0,11,3,6,15,6,0,d,1.9705263157894735,1.0313157894736842,F1_laliga,2026-05-22 10:28:50.686289
2462,128,4,1,17,0,0,0,13,1,4,14,2,0,D,1.5668421052631578,1.583421052631579,F1_laliga,2026-05-22 10:28:50.686329
2463,129,4,17,5,1,3,2,12,5,3,12,0,0,h,1.9705263157894735,1.0313157894736842,F1_laliga,2026-05-22 10:28:50.686396
2464,129,4,5,17,0,2,3,9,3,4,8,1,1,D,0.7999999999999999,1.5710526315789475,F1_laliga,2026-05-22 10:28:50.686410
2465,130,4,17,9,1,0,0,10,3,2,14,0,0,d,1.9705263157894735,1.0313157894736842,F1_laliga,2026-05-22 10:28:50.686468
2466,130,4,9,17,0,0,0,15,4,2,19,4,0,D,0.8792105263157893,1.9592105263157895,F1_laliga,2026-05-22 10:28:50.686481
2467,131,4,17,10,1,1,1,10,5,4,15,1,0,d,1.9705263157894735,1.0313157894736842,F1_laliga,2026-05-22 10:28:50.686537
2468,131,4,10,17,0,1,1,11,8,3,8,3,0,D,1.1936842105263157,1.971578947368421,F1_laliga,2026-05-22 10:28:50.686551
2469,132,4,17,11,1,2,4,17,4,5,4,5,0,h,1.9705263157894735,1.0313157894736842,F1_laliga,2026-05-22 10:28:50.686644
2470,132,4,11,17,0,4,2,11,3,5,11,1,0,D,1.0342105263157895,1.8510526315789475,F1_laliga,2026-05-22 10:28:50.686658
2471,133,4,20,16,1,0,0,14,5,1,11,3,0,a,2.031842105263158,1.2807894736842105,F1_laliga,2026-05-22 10:28:50.686718
2472,133,4,16,20,0,0,0,12,4,2,7,1,0,D,2.0265789473684213,0.981578947368421,F1_laliga,2026-05-22 10:28:50.686757
2473,134,4,20,4,1,3,3,13,5,7,8,1,0,d,2.031842105263158,1.2807894736842105,F1_laliga,2026-05-22 10:28:50.686824
2474,134,4,4,20,0,3,3,13,7,4,10,2,0,D,1.7426315789473683,0.8447368421052632,F1_laliga,2026-05-22 10:28:50.686838
2475,135,4,20,3,1,1,1,12,7,3,14,2,0,d,2.031842105263158,1.2807894736842105,F1_laliga,2026-05-22 10:28:50.686895
2476,135,4,3,20,0,1,1,14,5,1,6,2,0,D,2.157631578947368,0.7834210526315789,F1_laliga,2026-05-22 10:28:50.686908
2477,136,4,20,18,1,0,1,10,0,5,15,2,0,a,2.031842105263158,1.2807894736842105,F1_laliga,2026-05-22 10:28:50.686963
2478,136,4,18,20,0,1,0,6,0,3,14,1,0,D,2.0071052631578947,0.9215789473684212,F1_laliga,2026-05-22 10:28:50.686977
2479,137,4,20,17,1,1,1,10,3,6,9,2,0,d,2.031842105263158,1.2807894736842105,F1_laliga,2026-05-22 10:28:50.687030
2480,137,4,17,20,0,1,1,10,5,3,15,0,0,D,1.9705263157894735,1.0313157894736842,F1_laliga,2026-05-22 10:28:50.687043
2481,138,4,20,2,1,1,1,12,4,10,11,3,0,d,2.031842105263158,1.2807894736842105,F1_laliga,2026-05-22 10:28:50.687098
2482,138,4,2,20,0,1,1,15,6,8,16,0,0,D,2.106578947368421,1.2107894736842104,F1_laliga,2026-05-22 10:28:50.687136
2483,139,4,20,19,1,0,2,16,2,3,11,1,0,a,2.031842105263158,1.2807894736842105,F1_laliga,2026-05-22 10:28:50.687203
2484,139,4,19,20,0,2,0,11,4,3,13,1,0,D,1.9644736842105264,1.135,F1_laliga,2026-05-22 10:28:50.687217
2485,140,4,20,15,1,1,1,15,7,6,13,1,1,h,2.031842105263158,1.2807894736842105,F1_laliga,2026-05-22 10:28:50.687278
2486,140,4,15,20,0,1,1,10,4,4,8,1,0,D,1.3752631578947367,1.2618421052631579,F1_laliga,2026-05-22 10:28:50.687293
2487,141,4,20,13,1,0,1,13,4,5,9,1,0,a,2.031842105263158,1.2807894736842105,F1_laliga,2026-05-22 10:28:50.687385
2488,141,4,13,20,0,1,0,7,5,2,16,1,0,D,1.346578947368421,1.1921052631578946,F1_laliga,2026-05-22 10:28:50.687400
2489,142,4,20,6,1,0,0,13,3,4,13,2,0,d,2.031842105263158,1.2807894736842105,F1_laliga,2026-05-22 10:28:50.687490
2490,142,4,6,20,0,0,0,6,2,5,13,3,0,D,1.4097368421052632,1.0686842105263157,F1_laliga,2026-05-22 10:28:50.687504
2491,143,4,20,7,1,0,0,17,7,3,15,5,0,d,2.031842105263158,1.2807894736842105,F1_laliga,2026-05-22 10:28:50.687596
2492,143,4,7,20,0,0,0,17,6,7,12,1,0,D,1.4713157894736841,1.5907894736842105,F1_laliga,2026-05-22 10:28:50.687639
2493,144,4,20,14,1,2,3,8,10,5,10,8,0,h,2.031842105263158,1.2807894736842105,F1_laliga,2026-05-22 10:28:50.687710
2494,144,4,14,20,0,3,2,9,0,5,15,0,0,D,1.358157894736842,1.5186842105263159,F1_laliga,2026-05-22 10:28:50.687724
2495,145,4,20,8,1,0,0,21,4,4,15,1,0,d,2.031842105263158,1.2807894736842105,F1_laliga,2026-05-22 10:28:50.687812
2496,145,4,8,20,0,0,0,8,1,6,8,5,0,D,1.4678947368421054,1.4747368421052631,F1_laliga,2026-05-22 10:28:50.687827
2497,146,4,20,12,1,1,1,13,6,5,12,0,0,h,2.031842105263158,1.2807894736842105,F1_laliga,2026-05-22 10:28:50.687890
2498,146,4,12,20,0,1,1,17,2,6,15,2,0,D,1.5613157894736842,1.6939473684210526,F1_laliga,2026-05-22 10:28:50.687903
2499,147,4,20,1,1,2,1,12,7,9,8,2,0,h,2.031842105263158,1.2807894736842105,F1_laliga,2026-05-22 10:28:50.687960
2500,147,4,1,20,0,1,2,10,2,4,12,0,0,D,1.5668421052631578,1.583421052631579,F1_laliga,2026-05-22 10:28:50.687973
2501,148,4,20,5,1,0,4,16,3,5,11,2,0,a,2.031842105263158,1.2807894736842105,F1_laliga,2026-05-22 10:28:50.688029
2502,148,4,5,20,0,4,0,7,1,6,7,0,0,D,0.7999999999999999,1.5710526315789475,F1_laliga,2026-05-22 10:28:50.688068
2503,149,4,20,9,1,2,4,10,2,11,8,2,0,a,2.031842105263158,1.2807894736842105,F1_laliga,2026-05-22 10:28:50.688137
2504,149,4,9,20,0,4,2,5,7,6,15,2,1,D,0.8792105263157893,1.9592105263157895,F1_laliga,2026-05-22 10:28:50.688152
2505,150,4,20,10,1,3,1,15,6,6,13,0,0,h,2.031842105263158,1.2807894736842105,F1_laliga,2026-05-22 10:28:50.688209
2506,150,4,10,20,0,1,3,10,4,2,10,2,0,D,1.1936842105263157,1.971578947368421,F1_laliga,2026-05-22 10:28:50.688223
2507,151,4,20,11,1,0,0,16,4,2,12,1,0,h,2.031842105263158,1.2807894736842105,F1_laliga,2026-05-22 10:28:50.688284
2508,151,4,11,20,0,0,0,9,1,4,7,3,0,D,1.0342105263157895,1.8510526315789475,F1_laliga,2026-05-22 10:28:50.688298
2509,152,4,2,16,1,3,0,10,4,6,12,1,0,h,2.106578947368421,1.2107894736842104,F1_laliga,2026-05-22 10:28:50.688359
2510,152,4,16,2,0,0,3,4,6,6,17,1,0,D,2.0265789473684213,0.981578947368421,F1_laliga,2026-05-22 10:28:50.688372
2511,153,4,2,4,1,3,2,12,8,7,13,3,0,h,2.106578947368421,1.2107894736842104,F1_laliga,2026-05-22 10:28:50.688426
2512,153,4,4,2,0,2,3,16,2,4,13,0,0,D,1.7426315789473683,0.8447368421052632,F1_laliga,2026-05-22 10:28:50.688463
2513,154,4,2,3,1,3,0,12,4,2,10,2,1,h,2.106578947368421,1.2107894736842104,F1_laliga,2026-05-22 10:28:50.688530
2514,154,4,3,2,0,0,3,12,3,4,10,2,0,D,2.157631578947368,0.7834210526315789,F1_laliga,2026-05-22 10:28:50.688544
2515,155,4,2,18,1,0,0,12,3,6,12,4,0,h,2.106578947368421,1.2107894736842104,F1_laliga,2026-05-22 10:28:50.688629
2516,155,4,18,2,0,0,0,7,5,4,5,1,0,D,2.0071052631578947,0.9215789473684212,F1_laliga,2026-05-22 10:28:50.688644
2517,156,4,2,17,1,1,0,14,4,5,11,2,1,a,2.106578947368421,1.2107894736842104,F1_laliga,2026-05-22 10:28:50.688704
2518,156,4,17,2,0,0,1,13,7,4,14,4,0,D,1.9705263157894735,1.0313157894736842,F1_laliga,2026-05-22 10:28:50.688718
2519,157,4,2,20,1,2,1,13,7,6,19,1,0,h,2.106578947368421,1.2107894736842104,F1_laliga,2026-05-22 10:28:50.688774
2520,157,4,20,2,0,1,2,7,2,5,15,3,0,D,2.031842105263158,1.2807894736842105,F1_laliga,2026-05-22 10:28:50.688787
2521,158,4,2,19,1,2,1,11,6,8,11,2,0,h,2.106578947368421,1.2107894736842104,F1_laliga,2026-05-22 10:28:50.688842
2522,158,4,19,2,0,1,2,2,3,3,12,4,0,D,1.9644736842105264,1.135,F1_laliga,2026-05-22 10:28:50.688885
2523,159,4,2,15,1,3,0,14,4,6,13,1,0,h,2.106578947368421,1.2107894736842104,F1_laliga,2026-05-22 10:28:50.688957
2524,159,4,15,2,0,0,3,7,3,5,9,3,1,D,1.3752631578947367,1.2618421052631579,F1_laliga,2026-05-22 10:28:50.688971
2525,160,4,2,13,1,5,0,17,5,6,13,0,0,h,2.106578947368421,1.2107894736842104,F1_laliga,2026-05-22 10:28:50.689029
2526,160,4,13,2,0,0,5,8,4,7,9,1,0,D,1.346578947368421,1.1921052631578946,F1_laliga,2026-05-22 10:28:50.689043
2527,161,4,2,6,1,0,0,15,7,6,10,1,0,d,2.106578947368421,1.2107894736842104,F1_laliga,2026-05-22 10:28:50.689100
2528,161,4,6,2,0,0,0,5,2,2,12,3,0,D,1.4097368421052632,1.0686842105263157,F1_laliga,2026-05-22 10:28:50.689114
2529,162,4,2,7,1,3,3,14,4,2,9,3,0,d,2.106578947368421,1.2107894736842104,F1_laliga,2026-05-22 10:28:50.689170
2530,162,4,7,2,0,3,3,12,7,3,10,0,0,D,1.4713157894736841,1.5907894736842105,F1_laliga,2026-05-22 10:28:50.689183
2531,163,4,2,14,1,0,1,10,7,6,19,1,0,h,2.106578947368421,1.2107894736842104,F1_laliga,2026-05-22 10:28:50.689237
2532,163,4,14,2,0,1,0,14,4,3,14,1,0,D,1.358157894736842,1.5186842105263159,F1_laliga,2026-05-22 10:28:50.689284
2533,122,4,2,8,1,0,2,9,3,3,5,2,0,a,2.106578947368421,1.2107894736842104,F1_laliga,2026-05-22 10:28:50.689355
2534,122,4,8,2,0,2,0,14,3,4,9,5,0,D,1.4678947368421054,1.4747368421052631,F1_laliga,2026-05-22 10:28:50.689369
2535,123,4,2,12,1,0,1,19,2,7,7,4,0,h,2.106578947368421,1.2107894736842104,F1_laliga,2026-05-22 10:28:50.689428
2536,123,4,12,2,0,1,0,8,3,3,14,1,0,D,1.5613157894736842,1.6939473684210526,F1_laliga,2026-05-22 10:28:50.689442
2537,124,4,2,1,1,3,2,11,7,3,17,0,0,a,2.106578947368421,1.2107894736842104,F1_laliga,2026-05-22 10:28:50.689498
2538,124,4,1,2,0,2,3,9,5,5,11,4,0,D,1.5668421052631578,1.583421052631579,F1_laliga,2026-05-22 10:28:50.689511
2539,125,4,2,5,1,3,0,15,5,5,12,3,0,h,2.106578947368421,1.2107894736842104,F1_laliga,2026-05-22 10:28:50.689585
2540,125,4,5,2,0,0,3,8,8,3,14,4,0,D,0.7999999999999999,1.5710526315789475,F1_laliga,2026-05-22 10:28:50.689600
2541,126,4,2,9,1,2,0,7,4,4,14,1,0,h,2.106578947368421,1.2107894736842104,F1_laliga,2026-05-22 10:28:50.689664
2542,126,4,9,2,0,0,2,3,4,3,8,0,1,D,0.8792105263157893,1.9592105263157895,F1_laliga,2026-05-22 10:28:50.689746
2543,127,4,2,10,1,4,0,12,3,4,8,1,0,h,2.106578947368421,1.2107894736842104,F1_laliga,2026-05-22 10:28:50.689819
2544,127,4,10,2,0,0,4,11,7,3,11,1,0,D,1.1936842105263157,1.971578947368421,F1_laliga,2026-05-22 10:28:50.689833
2545,128,4,2,11,1,1,0,12,3,6,11,0,0,a,2.106578947368421,1.2107894736842104,F1_laliga,2026-05-22 10:28:50.689891
2546,128,4,11,2,0,0,1,10,3,4,15,2,0,D,1.0342105263157895,1.8510526315789475,F1_laliga,2026-05-22 10:28:50.689905
2547,129,4,19,16,1,2,0,10,5,3,12,1,0,a,1.9644736842105264,1.135,F1_laliga,2026-05-22 10:28:50.689998
2548,129,4,16,19,0,0,2,14,6,1,12,3,0,D,2.0265789473684213,0.981578947368421,F1_laliga,2026-05-22 10:28:50.690014
2549,130,4,19,4,1,5,0,14,6,7,17,2,0,h,1.9644736842105264,1.135,F1_laliga,2026-05-22 10:28:50.690074
2550,130,4,4,19,0,0,5,7,1,3,7,0,0,D,1.7426315789473683,0.8447368421052632,F1_laliga,2026-05-22 10:28:50.690087
2551,131,4,19,3,1,2,2,21,2,3,9,2,1,d,1.9644736842105264,1.135,F1_laliga,2026-05-22 10:28:50.690176
2552,131,4,3,19,0,2,2,18,3,2,9,1,1,D,2.157631578947368,0.7834210526315789,F1_laliga,2026-05-22 10:28:50.690217
2553,132,4,19,18,1,0,2,14,5,3,10,2,0,a,1.9644736842105264,1.135,F1_laliga,2026-05-22 10:28:50.690297
2554,132,4,18,19,0,2,0,15,6,1,15,5,0,D,2.0071052631578947,0.9215789473684212,F1_laliga,2026-05-22 10:28:50.690312
2555,133,4,19,17,1,1,1,15,6,6,6,0,0,d,1.9644736842105264,1.135,F1_laliga,2026-05-22 10:28:50.690374
2556,133,4,17,19,0,1,1,11,1,2,12,4,0,D,1.9705263157894735,1.0313157894736842,F1_laliga,2026-05-22 10:28:50.690388
2557,134,4,19,20,1,0,1,9,3,5,11,0,0,a,1.9644736842105264,1.135,F1_laliga,2026-05-22 10:28:50.690445
2558,134,4,20,19,0,1,0,8,2,5,11,2,0,D,2.031842105263158,1.2807894736842105,F1_laliga,2026-05-22 10:28:50.690458
2559,135,4,19,2,1,1,3,13,6,8,14,1,0,a,1.9644736842105264,1.135,F1_laliga,2026-05-22 10:28:50.690513
2560,135,4,2,19,0,3,1,8,7,5,13,1,0,D,2.106578947368421,1.2107894736842104,F1_laliga,2026-05-22 10:28:50.690526
2561,136,4,19,15,1,3,2,16,9,7,13,1,0,a,1.9644736842105264,1.135,F1_laliga,2026-05-22 10:28:50.690606
2562,136,4,15,19,0,2,3,13,2,3,10,1,0,D,1.3752631578947367,1.2618421052631579,F1_laliga,2026-05-22 10:28:50.690648
2563,137,4,19,13,1,1,1,10,11,4,17,0,0,h,1.9644736842105264,1.135,F1_laliga,2026-05-22 10:28:50.690719
2564,137,4,13,19,0,1,1,8,4,2,8,3,0,D,1.346578947368421,1.1921052631578946,F1_laliga,2026-05-22 10:28:50.690733
2565,138,4,19,6,1,1,1,17,7,5,10,2,0,d,1.9644736842105264,1.135,F1_laliga,2026-05-22 10:28:50.690791
2566,138,4,6,19,0,1,1,10,5,1,13,3,0,D,1.4097368421052632,1.0686842105263157,F1_laliga,2026-05-22 10:28:50.690804
2567,139,4,19,7,1,1,1,10,8,5,5,0,0,d,1.9644736842105264,1.135,F1_laliga,2026-05-22 10:28:50.690860
2568,139,4,7,19,0,1,1,8,2,5,11,2,0,D,1.4713157894736841,1.5907894736842105,F1_laliga,2026-05-22 10:28:50.690873
2569,140,4,19,14,1,0,0,14,5,4,17,1,0,d,1.9644736842105264,1.135,F1_laliga,2026-05-22 10:28:50.690928
2570,140,4,14,19,0,0,0,8,6,3,16,1,0,D,1.358157894736842,1.5186842105263159,F1_laliga,2026-05-22 10:28:50.690942
2571,141,4,19,8,1,1,1,16,5,6,14,2,0,d,1.9644736842105264,1.135,F1_laliga,2026-05-22 10:28:50.690998
2572,141,4,8,19,0,1,1,5,3,0,18,1,0,D,1.4678947368421054,1.4747368421052631,F1_laliga,2026-05-22 10:28:50.691038
2573,142,4,19,12,1,1,1,20,2,7,21,2,0,d,1.9644736842105264,1.135,F1_laliga,2026-05-22 10:28:50.691106
2574,142,4,12,19,0,1,1,10,8,3,14,2,0,D,1.5613157894736842,1.6939473684210526,F1_laliga,2026-05-22 10:28:50.691120
2575,143,4,19,1,1,2,2,17,4,10,14,4,0,d,1.9644736842105264,1.135,F1_laliga,2026-05-22 10:28:50.691177
2576,143,4,1,19,0,2,2,6,4,4,14,1,0,D,1.5668421052631578,1.583421052631579,F1_laliga,2026-05-22 10:28:50.691199
2577,144,4,19,5,1,2,0,14,4,0,14,3,0,h,1.9644736842105264,1.135,F1_laliga,2026-05-22 10:28:50.691323
2578,144,4,5,19,0,0,2,14,1,4,10,4,0,D,0.7999999999999999,1.5710526315789475,F1_laliga,2026-05-22 10:28:50.691339
2579,145,4,19,9,1,1,2,15,4,5,10,1,0,h,1.9644736842105264,1.135,F1_laliga,2026-05-22 10:28:50.691404
2580,145,4,9,19,0,2,1,11,3,3,17,3,0,D,0.8792105263157893,1.9592105263157895,F1_laliga,2026-05-22 10:28:50.691419
2581,146,4,19,10,1,2,0,13,4,7,10,3,0,h,1.9644736842105264,1.135,F1_laliga,2026-05-22 10:28:50.691508
2582,146,4,10,19,0,0,2,9,4,2,13,1,0,D,1.1936842105263157,1.971578947368421,F1_laliga,2026-05-22 10:28:50.691581
2583,147,4,19,11,1,1,0,18,4,6,11,2,0,h,1.9644736842105264,1.135,F1_laliga,2026-05-22 10:28:50.691657
2584,147,4,11,19,0,0,1,9,4,3,17,1,0,D,1.0342105263157895,1.8510526315789475,F1_laliga,2026-05-22 10:28:50.691671
2585,148,4,15,16,1,3,1,19,8,4,15,1,0,a,1.3752631578947367,1.2618421052631579,F1_laliga,2026-05-22 10:28:50.691730
2586,148,4,16,15,0,1,3,6,2,2,8,4,0,D,2.0265789473684213,0.981578947368421,F1_laliga,2026-05-22 10:28:50.691744
2587,149,4,15,4,1,2,2,8,6,5,13,5,0,d,1.3752631578947367,1.2618421052631579,F1_laliga,2026-05-22 10:28:50.691800
2588,149,4,4,15,0,2,2,8,5,4,22,2,0,D,1.7426315789473683,0.8447368421052632,F1_laliga,2026-05-22 10:28:50.691814
2589,150,4,15,3,1,1,0,10,5,8,11,1,0,h,1.3752631578947367,1.2618421052631579,F1_laliga,2026-05-22 10:28:50.691869
2590,150,4,3,15,0,0,1,9,5,2,14,3,0,D,2.157631578947368,0.7834210526315789,F1_laliga,2026-05-22 10:28:50.691882
2591,151,4,15,18,1,0,1,8,3,4,13,2,0,a,1.3752631578947367,1.2618421052631579,F1_laliga,2026-05-22 10:28:50.691937
2592,151,4,18,15,0,1,0,8,6,6,10,2,0,D,2.0071052631578947,0.9215789473684212,F1_laliga,2026-05-22 10:28:50.691978
2593,152,4,15,17,1,1,1,11,8,6,11,0,1,a,1.3752631578947367,1.2618421052631579,F1_laliga,2026-05-22 10:28:50.692047
2594,152,4,17,15,0,1,1,6,6,5,12,3,0,D,1.9705263157894735,1.0313157894736842,F1_laliga,2026-05-22 10:28:50.692061
2595,153,4,15,20,1,2,1,9,4,4,5,0,1,h,1.3752631578947367,1.2618421052631579,F1_laliga,2026-05-22 10:28:50.692118
2596,153,4,20,15,0,1,2,10,3,2,17,1,0,D,2.031842105263158,1.2807894736842105,F1_laliga,2026-05-22 10:28:50.692132
2597,154,4,15,2,1,2,1,16,3,7,11,2,0,h,1.3752631578947367,1.2618421052631579,F1_laliga,2026-05-22 10:28:50.692187
2598,154,4,2,15,0,1,2,15,3,7,15,3,0,D,2.106578947368421,1.2107894736842104,F1_laliga,2026-05-22 10:28:50.692201
2599,155,4,15,19,1,2,0,16,8,4,8,1,0,h,1.3752631578947367,1.2618421052631579,F1_laliga,2026-05-22 10:28:50.692291
2600,155,4,19,15,0,0,2,10,5,2,11,2,0,D,1.9644736842105264,1.135,F1_laliga,2026-05-22 10:28:50.692306
2601,156,4,15,13,1,2,0,9,6,0,12,0,0,h,1.3752631578947367,1.2618421052631579,F1_laliga,2026-05-22 10:28:50.692368
2602,156,4,13,15,0,0,2,6,1,2,11,0,0,D,1.346578947368421,1.1921052631578946,F1_laliga,2026-05-22 10:28:50.692407
2603,157,4,15,6,1,1,0,17,4,4,10,2,0,h,1.3752631578947367,1.2618421052631579,F1_laliga,2026-05-22 10:28:50.692477
2604,157,4,6,15,0,0,1,13,4,8,15,0,0,D,1.4097368421052632,1.0686842105263157,F1_laliga,2026-05-22 10:28:50.692491
2605,158,4,15,7,1,1,1,16,7,4,10,3,0,d,1.3752631578947367,1.2618421052631579,F1_laliga,2026-05-22 10:28:50.692548
2606,158,4,7,15,0,1,1,14,7,5,13,2,0,D,1.4713157894736841,1.5907894736842105,F1_laliga,2026-05-22 10:28:50.692582
2607,159,4,15,14,1,1,1,12,2,6,11,1,1,a,1.3752631578947367,1.2618421052631579,F1_laliga,2026-05-22 10:28:50.692649
2608,159,4,14,15,0,1,1,9,5,3,14,3,1,D,1.358157894736842,1.5186842105263159,F1_laliga,2026-05-22 10:28:50.692662
2609,160,4,15,8,1,1,1,18,8,2,10,2,0,a,1.3752631578947367,1.2618421052631579,F1_laliga,2026-05-22 10:28:50.692719
2610,160,4,8,15,0,1,1,13,4,4,15,0,0,D,1.4678947368421054,1.4747368421052631,F1_laliga,2026-05-22 10:28:50.692733
2611,161,4,15,12,1,2,2,17,3,3,12,2,0,h,1.3752631578947367,1.2618421052631579,F1_laliga,2026-05-22 10:28:50.692790
2612,161,4,12,15,0,2,2,7,2,4,9,1,0,D,1.5613157894736842,1.6939473684210526,F1_laliga,2026-05-22 10:28:50.692829
2613,162,4,15,1,1,1,1,18,8,4,17,1,0,h,1.3752631578947367,1.2618421052631579,F1_laliga,2026-05-22 10:28:50.692925
2614,162,4,1,15,0,1,1,4,0,7,9,4,0,D,1.5668421052631578,1.583421052631579,F1_laliga,2026-05-22 10:28:50.692940
2615,163,4,15,5,1,2,2,13,6,6,10,5,0,a,1.3752631578947367,1.2618421052631579,F1_laliga,2026-05-22 10:28:50.693001
2616,163,4,5,15,0,2,2,13,5,4,11,0,0,D,0.7999999999999999,1.5710526315789475,F1_laliga,2026-05-22 10:28:50.693015
2617,122,4,15,9,1,0,0,16,3,3,10,1,0,d,1.3752631578947367,1.2618421052631579,F1_laliga,2026-05-22 10:28:50.693072
2618,122,4,9,15,0,0,0,12,4,6,12,0,0,D,0.8792105263157893,1.9592105263157895,F1_laliga,2026-05-22 10:28:50.693087
2619,123,4,15,10,1,1,1,10,6,2,21,1,0,h,1.3752631578947367,1.2618421052631579,F1_laliga,2026-05-22 10:28:50.693141
2620,123,4,10,15,0,1,1,9,5,6,9,0,1,D,1.1936842105263157,1.971578947368421,F1_laliga,2026-05-22 10:28:50.693154
2621,124,4,15,11,1,1,1,19,8,1,14,2,0,d,1.3752631578947367,1.2618421052631579,F1_laliga,2026-05-22 10:28:50.693208
2622,124,4,11,15,0,1,1,9,4,8,12,3,0,D,1.0342105263157895,1.8510526315789475,F1_laliga,2026-05-22 10:28:50.693250
2623,125,4,13,16,1,1,0,11,5,3,10,1,0,h,1.346578947368421,1.1921052631578946,F1_laliga,2026-05-22 10:28:50.693325
2624,125,4,16,13,0,0,1,12,8,4,13,0,0,D,2.0265789473684213,0.981578947368421,F1_laliga,2026-05-22 10:28:50.693340
2625,126,4,13,4,1,1,0,12,8,6,12,1,0,a,1.346578947368421,1.1921052631578946,F1_laliga,2026-05-22 10:28:50.693400
2626,126,4,4,13,0,0,1,14,4,3,9,2,0,D,1.7426315789473683,0.8447368421052632,F1_laliga,2026-05-22 10:28:50.693414
2627,127,4,13,3,1,3,2,9,2,11,11,3,0,h,1.346578947368421,1.1921052631578946,F1_laliga,2026-05-22 10:28:50.693471
2628,127,4,3,13,0,2,3,11,6,3,15,3,0,D,2.157631578947368,0.7834210526315789,F1_laliga,2026-05-22 10:28:50.693485
2629,128,4,13,18,1,0,0,14,7,5,11,0,0,h,1.346578947368421,1.1921052631578946,F1_laliga,2026-05-22 10:28:50.693539
2630,128,4,18,13,0,0,0,7,2,3,17,2,0,D,2.0071052631578947,0.9215789473684212,F1_laliga,2026-05-22 10:28:50.693569
2631,129,4,13,17,1,2,1,16,4,5,17,2,0,h,1.346578947368421,1.1921052631578946,F1_laliga,2026-05-22 10:28:50.693647
2632,129,4,17,13,0,1,2,16,3,4,12,5,0,D,1.9705263157894735,1.0313157894736842,F1_laliga,2026-05-22 10:28:50.693705
2633,130,4,13,20,1,3,2,14,4,8,9,1,0,h,1.346578947368421,1.1921052631578946,F1_laliga,2026-05-22 10:28:50.693788
2634,130,4,20,13,0,2,3,9,5,4,10,0,0,D,2.031842105263158,1.2807894736842105,F1_laliga,2026-05-22 10:28:50.693802
2635,131,4,13,2,1,3,3,16,7,7,12,3,1,d,1.346578947368421,1.1921052631578946,F1_laliga,2026-05-22 10:28:50.693862
2636,131,4,2,13,0,3,3,12,1,4,16,1,0,D,2.106578947368421,1.2107894736842104,F1_laliga,2026-05-22 10:28:50.693875
2637,132,4,13,19,1,2,2,7,5,7,11,2,0,d,1.346578947368421,1.1921052631578946,F1_laliga,2026-05-22 10:28:50.693931
2638,132,4,19,13,0,2,2,11,5,1,10,2,0,D,1.9644736842105264,1.135,F1_laliga,2026-05-22 10:28:50.693945
2639,133,4,13,15,1,2,0,21,10,4,17,1,0,h,1.346578947368421,1.1921052631578946,F1_laliga,2026-05-22 10:28:50.693999
2640,133,4,15,13,0,0,2,18,3,5,12,1,0,D,1.3752631578947367,1.2618421052631579,F1_laliga,2026-05-22 10:28:50.694013
2641,134,4,13,6,1,0,3,15,5,2,21,3,0,a,1.346578947368421,1.1921052631578946,F1_laliga,2026-05-22 10:28:50.694068
2642,134,4,6,13,0,3,0,8,5,6,19,0,0,D,1.4097368421052632,1.0686842105263157,F1_laliga,2026-05-22 10:28:50.694111
2643,135,4,13,7,1,2,0,9,4,3,22,2,0,h,1.346578947368421,1.1921052631578946,F1_laliga,2026-05-22 10:28:50.694180
2644,135,4,7,13,0,0,2,12,2,4,12,2,0,D,1.4713157894736841,1.5907894736842105,F1_laliga,2026-05-22 10:28:50.694194
2645,136,4,13,14,1,3,1,15,3,4,15,4,0,h,1.346578947368421,1.1921052631578946,F1_laliga,2026-05-22 10:28:50.694252
2646,136,4,14,13,0,1,3,11,6,1,13,0,0,D,1.358157894736842,1.5186842105263159,F1_laliga,2026-05-22 10:28:50.694266
2647,137,4,13,8,1,1,1,11,3,7,15,2,0,d,1.346578947368421,1.1921052631578946,F1_laliga,2026-05-22 10:28:50.694331
2648,137,4,8,13,0,1,1,14,7,7,14,4,0,D,1.4678947368421054,1.4747368421052631,F1_laliga,2026-05-22 10:28:50.694345
2649,138,4,13,12,1,1,1,13,6,2,14,2,0,a,1.346578947368421,1.1921052631578946,F1_laliga,2026-05-22 10:28:50.694435
2650,138,4,12,13,0,1,1,13,7,3,7,2,0,D,1.5613157894736842,1.6939473684210526,F1_laliga,2026-05-22 10:28:50.694450
2651,139,4,13,1,1,1,1,13,3,3,13,1,0,h,1.346578947368421,1.1921052631578946,F1_laliga,2026-05-22 10:28:50.694512
2652,139,4,1,13,0,1,1,10,7,6,13,2,0,D,1.5668421052631578,1.583421052631579,F1_laliga,2026-05-22 10:28:50.694570
2653,140,4,13,5,1,1,1,13,7,6,12,3,0,d,1.346578947368421,1.1921052631578946,F1_laliga,2026-05-22 10:28:50.694646
2654,140,4,5,13,0,1,1,12,2,5,13,1,0,D,0.7999999999999999,1.5710526315789475,F1_laliga,2026-05-22 10:28:50.694660
2655,141,4,13,9,1,1,1,11,4,1,12,2,0,a,1.346578947368421,1.1921052631578946,F1_laliga,2026-05-22 10:28:50.694718
2656,141,4,9,13,0,1,1,9,6,3,9,2,0,D,0.8792105263157893,1.9592105263157895,F1_laliga,2026-05-22 10:28:50.694732
2657,142,4,13,10,1,1,1,16,5,9,4,3,0,h,1.346578947368421,1.1921052631578946,F1_laliga,2026-05-22 10:28:50.694787
2658,142,4,10,13,0,1,1,12,5,4,8,0,0,D,1.1936842105263157,1.971578947368421,F1_laliga,2026-05-22 10:28:50.694801
2659,143,4,13,11,1,1,1,11,4,3,15,1,0,h,1.346578947368421,1.1921052631578946,F1_laliga,2026-05-22 10:28:50.694856
2660,143,4,11,13,0,1,1,9,5,3,11,1,0,D,1.0342105263157895,1.8510526315789475,F1_laliga,2026-05-22 10:28:50.694869
2661,144,4,6,16,1,0,2,16,6,12,18,1,0,a,1.4097368421052632,1.0686842105263157,F1_laliga,2026-05-22 10:28:50.694923
2662,144,4,16,6,0,2,0,11,5,7,9,4,0,D,2.0265789473684213,0.981578947368421,F1_laliga,2026-05-22 10:28:50.694963
2663,145,4,6,4,1,0,2,12,5,5,9,2,0,a,1.4097368421052632,1.0686842105263157,F1_laliga,2026-05-22 10:28:50.695033
2664,145,4,4,6,0,2,0,7,6,1,15,2,0,D,1.7426315789473683,0.8447368421052632,F1_laliga,2026-05-22 10:28:50.695047
2665,146,4,6,3,1,1,0,7,4,7,21,1,0,h,1.4097368421052632,1.0686842105263157,F1_laliga,2026-05-22 10:28:50.695104
2666,146,4,3,6,0,0,1,5,4,3,8,1,0,D,2.157631578947368,0.7834210526315789,F1_laliga,2026-05-22 10:28:50.695118
2667,147,4,6,18,1,1,1,16,8,9,12,0,0,d,1.4097368421052632,1.0686842105263157,F1_laliga,2026-05-22 10:28:50.695172
2668,147,4,18,6,0,1,1,8,5,1,14,0,0,D,2.0071052631578947,0.9215789473684212,F1_laliga,2026-05-22 10:28:50.695186
2669,148,4,6,17,1,3,3,9,2,1,15,3,0,h,1.4097368421052632,1.0686842105263157,F1_laliga,2026-05-22 10:28:50.695257
2670,148,4,17,6,0,3,3,11,5,5,12,0,0,D,1.9705263157894735,1.0313157894736842,F1_laliga,2026-05-22 10:28:50.695275
2671,149,4,6,20,1,0,0,6,6,6,15,0,0,a,1.4097368421052632,1.0686842105263157,F1_laliga,2026-05-22 10:28:50.695338
2672,149,4,20,6,0,0,0,17,3,3,9,1,0,D,2.031842105263158,1.2807894736842105,F1_laliga,2026-05-22 10:28:50.695380
2673,150,4,6,2,1,0,0,12,2,6,5,0,0,d,1.4097368421052632,1.0686842105263157,F1_laliga,2026-05-22 10:28:50.695480
2674,150,4,2,6,0,0,0,10,3,5,13,1,0,D,2.106578947368421,1.2107894736842104,F1_laliga,2026-05-22 10:28:50.695496
2675,151,4,6,19,1,0,0,17,4,2,16,0,0,d,1.4097368421052632,1.0686842105263157,F1_laliga,2026-05-22 10:28:50.695585
2676,151,4,19,6,0,0,0,12,5,2,12,1,0,D,1.9644736842105264,1.135,F1_laliga,2026-05-22 10:28:50.695600
2677,152,4,6,15,1,0,3,11,6,6,18,1,0,a,1.4097368421052632,1.0686842105263157,F1_laliga,2026-05-22 10:28:50.695698
2678,152,4,15,6,0,3,0,7,2,3,9,3,0,D,1.3752631578947367,1.2618421052631579,F1_laliga,2026-05-22 10:28:50.695713
2679,153,4,6,13,1,0,0,7,8,5,20,1,0,d,1.4097368421052632,1.0686842105263157,F1_laliga,2026-05-22 10:28:50.695824
2680,153,4,13,6,0,0,0,17,0,2,12,2,1,D,1.346578947368421,1.1921052631578946,F1_laliga,2026-05-22 10:28:50.695839
2681,154,4,6,7,1,2,0,11,3,7,16,1,0,h,1.4097368421052632,1.0686842105263157,F1_laliga,2026-05-22 10:28:50.695907
2682,154,4,7,6,0,0,2,5,4,7,11,0,0,D,1.4713157894736841,1.5907894736842105,F1_laliga,2026-05-22 10:28:50.695948
2683,155,4,6,14,1,1,1,19,5,5,13,0,0,h,1.4097368421052632,1.0686842105263157,F1_laliga,2026-05-22 10:28:50.696018
2684,155,4,14,6,0,1,1,10,4,6,14,4,0,D,1.358157894736842,1.5186842105263159,F1_laliga,2026-05-22 10:28:50.696032
2685,156,4,6,8,1,0,0,11,3,5,10,1,0,h,1.4097368421052632,1.0686842105263157,F1_laliga,2026-05-22 10:28:50.696090
2686,156,4,8,6,0,0,0,12,2,5,10,2,0,D,1.4678947368421054,1.4747368421052631,F1_laliga,2026-05-22 10:28:50.696104
2687,157,4,6,12,1,0,0,12,5,3,9,5,0,d,1.4097368421052632,1.0686842105263157,F1_laliga,2026-05-22 10:28:50.696160
2688,157,4,12,6,0,0,0,14,6,4,15,2,0,D,1.5613157894736842,1.6939473684210526,F1_laliga,2026-05-22 10:28:50.696174
2689,158,4,6,1,1,1,1,12,7,11,10,0,0,h,1.4097368421052632,1.0686842105263157,F1_laliga,2026-05-22 10:28:50.696229
2690,158,4,1,6,0,1,1,7,7,4,18,0,1,D,1.5668421052631578,1.583421052631579,F1_laliga,2026-05-22 10:28:50.696242
2691,159,4,6,5,1,0,2,12,4,5,13,2,0,a,1.4097368421052632,1.0686842105263157,F1_laliga,2026-05-22 10:28:50.696305
2692,159,4,5,6,0,2,0,11,4,3,14,2,0,D,0.7999999999999999,1.5710526315789475,F1_laliga,2026-05-22 10:28:50.696347
2693,160,4,6,9,1,2,1,21,6,3,6,3,0,h,1.4097368421052632,1.0686842105263157,F1_laliga,2026-05-22 10:28:50.696417
2694,160,4,9,6,0,1,2,8,3,8,14,1,0,D,0.8792105263157893,1.9592105263157895,F1_laliga,2026-05-22 10:28:50.696431
2695,161,4,6,10,1,0,2,15,2,7,14,4,0,a,1.4097368421052632,1.0686842105263157,F1_laliga,2026-05-22 10:28:50.696490
2696,161,4,10,6,0,2,0,16,2,4,18,1,0,D,1.1936842105263157,1.971578947368421,F1_laliga,2026-05-22 10:28:50.696504
2697,162,4,6,11,1,4,4,11,2,8,17,2,0,d,1.4097368421052632,1.0686842105263157,F1_laliga,2026-05-22 10:28:50.696583
2698,162,4,11,6,0,4,4,9,3,1,17,3,0,D,1.0342105263157895,1.8510526315789475,F1_laliga,2026-05-22 10:28:50.696598
2699,163,4,7,16,1,3,1,12,6,4,9,0,1,h,1.4713157894736841,1.5907894736842105,F1_laliga,2026-05-22 10:28:50.696692
2700,163,4,16,7,0,1,3,7,3,3,8,1,0,D,2.0265789473684213,0.981578947368421,F1_laliga,2026-05-22 10:28:50.696707
2701,122,4,7,4,1,2,0,13,4,7,13,3,0,h,1.4713157894736841,1.5907894736842105,F1_laliga,2026-05-22 10:28:50.696768
2702,122,4,4,7,0,0,2,15,6,5,21,0,0,D,1.7426315789473683,0.8447368421052632,F1_laliga,2026-05-22 10:28:50.696807
2703,123,4,7,3,1,1,1,15,4,5,13,1,0,h,1.4713157894736841,1.5907894736842105,F1_laliga,2026-05-22 10:28:50.696901
2704,123,4,3,7,0,1,1,13,1,3,14,0,0,D,2.157631578947368,0.7834210526315789,F1_laliga,2026-05-22 10:28:50.696916
2705,124,4,7,18,1,2,1,10,3,4,15,0,0,h,1.4713157894736841,1.5907894736842105,F1_laliga,2026-05-22 10:28:50.696974
2706,124,4,18,7,0,1,2,11,2,6,13,2,0,D,2.0071052631578947,0.9215789473684212,F1_laliga,2026-05-22 10:28:50.696988
2707,125,4,7,17,1,2,2,18,3,6,6,2,0,h,1.4713157894736841,1.5907894736842105,F1_laliga,2026-05-22 10:28:50.697044
2708,125,4,17,7,0,2,2,18,6,4,11,1,0,D,1.9705263157894735,1.0313157894736842,F1_laliga,2026-05-22 10:28:50.697058
2709,126,4,7,20,1,1,1,13,12,4,18,6,0,h,1.4713157894736841,1.5907894736842105,F1_laliga,2026-05-22 10:28:50.697115
2710,126,4,20,7,0,1,1,11,8,3,18,3,0,D,2.031842105263158,1.2807894736842105,F1_laliga,2026-05-22 10:28:50.697129
2711,127,4,7,2,1,1,1,10,4,3,8,2,1,d,1.4713157894736841,1.5907894736842105,F1_laliga,2026-05-22 10:28:50.697184
2712,127,4,2,7,0,1,1,14,2,1,11,2,0,D,2.106578947368421,1.2107894736842104,F1_laliga,2026-05-22 10:28:50.697224
2713,128,4,7,19,1,0,3,14,7,7,13,1,0,a,1.4713157894736841,1.5907894736842105,F1_laliga,2026-05-22 10:28:50.697299
2714,128,4,19,7,0,3,0,11,2,7,15,0,1,D,1.9644736842105264,1.135,F1_laliga,2026-05-22 10:28:50.697313
2715,129,4,7,15,1,1,1,12,5,2,22,1,0,a,1.4713157894736841,1.5907894736842105,F1_laliga,2026-05-22 10:28:50.697373
2716,129,4,15,7,0,1,1,10,4,3,7,4,0,D,1.3752631578947367,1.2618421052631579,F1_laliga,2026-05-22 10:28:50.697387
2717,130,4,7,13,1,1,0,13,10,4,9,4,0,a,1.4713157894736841,1.5907894736842105,F1_laliga,2026-05-22 10:28:50.697444
2718,130,4,13,7,0,0,1,18,4,3,14,4,0,D,1.346578947368421,1.1921052631578946,F1_laliga,2026-05-22 10:28:50.697458
2719,131,4,7,6,1,1,2,12,3,4,15,3,0,a,1.4713157894736841,1.5907894736842105,F1_laliga,2026-05-22 10:28:50.697513
2720,131,4,6,7,0,2,1,14,6,5,11,3,0,D,1.4097368421052632,1.0686842105263157,F1_laliga,2026-05-22 10:28:50.697526
2721,132,4,7,14,1,1,1,12,4,7,11,0,0,h,1.4713157894736841,1.5907894736842105,F1_laliga,2026-05-22 10:28:50.697607
2722,132,4,14,7,0,1,1,11,3,3,9,4,0,D,1.358157894736842,1.5186842105263159,F1_laliga,2026-05-22 10:28:50.697651
2723,133,4,7,8,1,3,0,11,5,2,8,1,0,h,1.4713157894736841,1.5907894736842105,F1_laliga,2026-05-22 10:28:50.697720
2724,133,4,8,7,0,0,3,7,4,6,13,4,0,D,1.4678947368421054,1.4747368421052631,F1_laliga,2026-05-22 10:28:50.697733
2725,134,4,7,12,1,1,0,12,7,5,14,1,0,h,1.4713157894736841,1.5907894736842105,F1_laliga,2026-05-22 10:28:50.697792
2726,134,4,12,7,0,0,1,11,1,7,15,2,0,D,1.5613157894736842,1.6939473684210526,F1_laliga,2026-05-22 10:28:50.697805
2727,135,4,7,1,1,2,0,8,5,5,12,3,0,h,1.4713157894736841,1.5907894736842105,F1_laliga,2026-05-22 10:28:50.697862
2728,135,4,1,7,0,0,2,6,4,7,13,1,0,D,1.5668421052631578,1.583421052631579,F1_laliga,2026-05-22 10:28:50.697875
2729,136,4,7,5,1,0,0,14,8,7,10,2,0,a,1.4713157894736841,1.5907894736842105,F1_laliga,2026-05-22 10:28:50.697932
2730,136,4,5,7,0,0,0,10,7,3,15,1,0,D,0.7999999999999999,1.5710526315789475,F1_laliga,2026-05-22 10:28:50.697946
2731,137,4,7,9,1,0,3,14,3,4,6,2,0,a,1.4713157894736841,1.5907894736842105,F1_laliga,2026-05-22 10:28:50.698001
2732,137,4,9,7,0,3,0,10,6,4,10,3,1,D,0.8792105263157893,1.9592105263157895,F1_laliga,2026-05-22 10:28:50.698041
2733,138,4,7,10,1,3,3,13,5,3,10,1,0,d,1.4713157894736841,1.5907894736842105,F1_laliga,2026-05-22 10:28:50.698110
2734,138,4,10,7,0,3,3,7,3,6,11,1,0,D,1.1936842105263157,1.971578947368421,F1_laliga,2026-05-22 10:28:50.698124
2735,139,4,7,11,1,4,2,14,3,6,5,1,0,h,1.4713157894736841,1.5907894736842105,F1_laliga,2026-05-22 10:28:50.698184
2736,139,4,11,7,0,2,4,12,8,3,11,2,0,D,1.0342105263157895,1.8510526315789475,F1_laliga,2026-05-22 10:28:50.698197
2737,140,4,14,16,1,1,2,14,4,6,7,4,0,h,1.358157894736842,1.5186842105263159,F1_laliga,2026-05-22 10:28:50.698253
2738,140,4,16,14,0,2,1,7,2,2,13,3,0,D,2.0265789473684213,0.981578947368421,F1_laliga,2026-05-22 10:28:50.698266
2739,141,4,14,4,1,2,1,11,6,2,14,2,0,h,1.358157894736842,1.5186842105263159,F1_laliga,2026-05-22 10:28:50.698329
2740,141,4,4,14,0,1,2,10,3,5,5,1,0,D,1.7426315789473683,0.8447368421052632,F1_laliga,2026-05-22 10:28:50.698343
2741,142,4,14,3,1,1,2,18,6,5,15,2,0,a,1.358157894736842,1.5186842105263159,F1_laliga,2026-05-22 10:28:50.698428
2742,142,4,3,14,0,2,1,4,2,4,14,1,0,D,2.157631578947368,0.7834210526315789,F1_laliga,2026-05-22 10:28:50.698468
2743,143,4,14,18,1,3,2,13,4,8,11,3,0,h,1.358157894736842,1.5186842105263159,F1_laliga,2026-05-22 10:28:50.698540
2744,143,4,18,14,0,2,3,12,4,5,15,3,0,D,2.0071052631578947,0.9215789473684212,F1_laliga,2026-05-22 10:28:50.698575
2745,144,4,14,17,1,2,3,10,5,1,12,3,1,a,1.358157894736842,1.5186842105263159,F1_laliga,2026-05-22 10:28:50.698674
2746,144,4,17,14,0,3,2,8,3,3,26,1,0,D,1.9705263157894735,1.0313157894736842,F1_laliga,2026-05-22 10:28:50.698690
2747,145,4,14,20,1,2,2,16,9,6,11,5,0,d,1.358157894736842,1.5186842105263159,F1_laliga,2026-05-22 10:28:50.698760
2748,145,4,20,14,0,2,2,16,3,4,17,4,0,D,2.031842105263158,1.2807894736842105,F1_laliga,2026-05-22 10:28:50.698774
2749,146,4,14,2,1,2,0,15,4,1,15,2,0,h,1.358157894736842,1.5186842105263159,F1_laliga,2026-05-22 10:28:50.698832
2750,146,4,2,14,0,0,2,9,8,3,8,0,0,D,2.106578947368421,1.2107894736842104,F1_laliga,2026-05-22 10:28:50.698846
2751,147,4,14,19,1,1,1,10,3,2,15,1,0,d,1.358157894736842,1.5186842105263159,F1_laliga,2026-05-22 10:28:50.698947
2752,147,4,19,14,0,1,1,11,4,3,7,4,0,D,1.9644736842105264,1.135,F1_laliga,2026-05-22 10:28:50.698988
2753,148,4,14,15,1,2,2,14,7,6,9,2,0,d,1.358157894736842,1.5186842105263159,F1_laliga,2026-05-22 10:28:50.699061
2754,148,4,15,14,0,2,2,12,4,6,15,1,0,D,1.3752631578947367,1.2618421052631579,F1_laliga,2026-05-22 10:28:50.699076
2755,149,4,14,13,1,4,0,11,6,9,17,2,0,h,1.358157894736842,1.5186842105263159,F1_laliga,2026-05-22 10:28:50.699134
2756,149,4,13,14,0,0,4,15,3,0,11,1,1,D,1.346578947368421,1.1921052631578946,F1_laliga,2026-05-22 10:28:50.699147
2757,150,4,14,6,1,0,2,16,5,4,14,0,0,h,1.358157894736842,1.5186842105263159,F1_laliga,2026-05-22 10:28:50.699203
2758,150,4,6,14,0,2,0,16,3,5,8,4,0,D,1.4097368421052632,1.0686842105263157,F1_laliga,2026-05-22 10:28:50.699216
2759,151,4,14,7,1,0,1,15,2,4,13,1,0,h,1.358157894736842,1.5186842105263159,F1_laliga,2026-05-22 10:28:50.699276
2760,151,4,7,14,0,1,0,9,5,3,11,1,0,D,1.4713157894736841,1.5907894736842105,F1_laliga,2026-05-22 10:28:50.699292
2761,152,4,14,8,1,3,0,14,4,7,18,1,0,h,1.358157894736842,1.5186842105263159,F1_laliga,2026-05-22 10:28:50.699351
2762,152,4,8,14,0,0,3,12,6,4,19,4,0,D,1.4678947368421054,1.4747368421052631,F1_laliga,2026-05-22 10:28:50.699388
2763,153,4,14,12,1,1,0,11,2,6,15,2,0,h,1.358157894736842,1.5186842105263159,F1_laliga,2026-05-22 10:28:50.699497
2764,153,4,12,14,0,0,1,10,4,3,11,1,0,D,1.5613157894736842,1.6939473684210526,F1_laliga,2026-05-22 10:28:50.699512
2765,154,4,14,1,1,0,0,12,6,4,14,6,0,a,1.358157894736842,1.5186842105263159,F1_laliga,2026-05-22 10:28:50.699608
2766,154,4,1,14,0,0,0,7,3,4,13,2,0,D,1.5668421052631578,1.583421052631579,F1_laliga,2026-05-22 10:28:50.699623
2767,155,4,14,5,1,1,2,12,4,6,12,2,0,a,1.358157894736842,1.5186842105263159,F1_laliga,2026-05-22 10:28:50.699689
2768,155,4,5,14,0,2,1,9,3,5,15,1,0,D,0.7999999999999999,1.5710526315789475,F1_laliga,2026-05-22 10:28:50.699703
2769,156,4,14,9,1,2,2,13,6,4,16,3,0,d,1.358157894736842,1.5186842105263159,F1_laliga,2026-05-22 10:28:50.699762
2770,156,4,9,14,0,2,2,7,3,5,12,1,0,D,0.8792105263157893,1.9592105263157895,F1_laliga,2026-05-22 10:28:50.699776
2771,157,4,14,10,1,0,1,13,6,6,14,1,0,a,1.358157894736842,1.5186842105263159,F1_laliga,2026-05-22 10:28:50.699832
2772,157,4,10,14,0,1,0,10,7,2,5,1,0,D,1.1936842105263157,1.971578947368421,F1_laliga,2026-05-22 10:28:50.699873
2773,158,4,14,11,1,2,1,11,5,10,15,1,0,a,1.358157894736842,1.5186842105263159,F1_laliga,2026-05-22 10:28:50.699943
2774,158,4,11,14,0,1,2,14,3,2,15,1,0,D,1.0342105263157895,1.8510526315789475,F1_laliga,2026-05-22 10:28:50.699957
2775,159,4,8,16,1,1,1,11,10,5,9,2,0,h,1.4678947368421054,1.4747368421052631,F1_laliga,2026-05-22 10:28:50.700014
2776,159,4,16,8,0,1,1,9,4,7,10,6,0,D,2.0265789473684213,0.981578947368421,F1_laliga,2026-05-22 10:28:50.700028
2777,160,4,8,4,1,0,0,10,6,3,11,0,0,a,1.4678947368421054,1.4747368421052631,F1_laliga,2026-05-22 10:28:50.700083
2778,160,4,4,8,0,0,0,15,3,2,16,4,0,D,1.7426315789473683,0.8447368421052632,F1_laliga,2026-05-22 10:28:50.700097
2779,161,4,8,3,1,3,3,15,10,6,17,1,0,d,1.4678947368421054,1.4747368421052631,F1_laliga,2026-05-22 10:28:50.700152
2780,161,4,3,8,0,3,3,11,5,8,11,1,0,D,2.157631578947368,0.7834210526315789,F1_laliga,2026-05-22 10:28:50.700165
2781,162,4,8,18,1,0,2,12,8,7,8,2,0,a,1.4678947368421054,1.4747368421052631,F1_laliga,2026-05-22 10:28:50.700219
2782,162,4,18,8,0,2,0,6,3,5,10,1,0,D,2.0071052631578947,0.9215789473684212,F1_laliga,2026-05-22 10:28:50.700257
2783,163,4,8,17,1,2,3,5,7,2,9,5,0,a,1.4678947368421054,1.4747368421052631,F1_laliga,2026-05-22 10:28:50.700332
2784,163,4,17,8,0,3,2,10,1,0,8,1,0,D,1.9705263157894735,1.0313157894736842,F1_laliga,2026-05-22 10:28:50.700346
2785,122,4,8,20,1,1,1,19,6,11,11,2,0,d,1.4678947368421054,1.4747368421052631,F1_laliga,2026-05-22 10:28:50.700403
2786,122,4,20,8,0,1,1,15,8,5,15,0,0,D,2.031842105263158,1.2807894736842105,F1_laliga,2026-05-22 10:28:50.700417
2787,123,4,8,2,1,0,2,12,4,9,14,3,0,a,1.4678947368421054,1.4747368421052631,F1_laliga,2026-05-22 10:28:50.700473
2788,123,4,2,8,0,2,0,14,8,2,6,4,0,D,2.106578947368421,1.2107894736842104,F1_laliga,2026-05-22 10:28:50.700486
2789,124,4,8,19,1,1,4,17,4,2,15,3,0,a,1.4678947368421054,1.4747368421052631,F1_laliga,2026-05-22 10:28:50.700542
2790,124,4,19,8,0,4,1,9,6,4,8,1,0,D,1.9644736842105264,1.135,F1_laliga,2026-05-22 10:28:50.700577
2791,125,4,8,15,1,0,2,19,2,1,12,1,0,h,1.4678947368421054,1.4747368421052631,F1_laliga,2026-05-22 10:28:50.700645
2792,125,4,15,8,0,2,0,15,2,6,16,4,0,D,1.3752631578947367,1.2618421052631579,F1_laliga,2026-05-22 10:28:50.700689
2793,126,4,8,13,1,3,1,14,5,3,10,2,0,h,1.4678947368421054,1.4747368421052631,F1_laliga,2026-05-22 10:28:50.700759
2794,126,4,13,8,0,1,3,10,3,4,12,2,0,D,1.346578947368421,1.1921052631578946,F1_laliga,2026-05-22 10:28:50.700772
2795,127,4,8,6,1,1,1,16,8,2,11,0,0,d,1.4678947368421054,1.4747368421052631,F1_laliga,2026-05-22 10:28:50.700829
2796,127,4,6,8,0,1,1,12,3,2,5,2,0,D,1.4097368421052632,1.0686842105263157,F1_laliga,2026-05-22 10:28:50.700842
2797,128,4,8,7,1,5,0,9,8,7,15,1,0,h,1.4678947368421054,1.4747368421052631,F1_laliga,2026-05-22 10:28:50.700897
2798,128,4,7,8,0,0,5,9,4,3,11,0,0,D,1.4713157894736841,1.5907894736842105,F1_laliga,2026-05-22 10:28:50.700911
2799,129,4,8,14,1,0,1,14,8,6,8,4,0,h,1.4678947368421054,1.4747368421052631,F1_laliga,2026-05-22 10:28:50.700965
2800,129,4,14,8,0,1,0,12,1,5,11,3,0,D,1.358157894736842,1.5186842105263159,F1_laliga,2026-05-22 10:28:50.700978
2801,130,4,8,12,1,0,0,11,4,6,21,1,0,d,1.4678947368421054,1.4747368421052631,F1_laliga,2026-05-22 10:28:50.701033
2802,130,4,12,8,0,0,0,8,4,6,8,1,0,D,1.5613157894736842,1.6939473684210526,F1_laliga,2026-05-22 10:28:50.701070
2803,131,4,8,1,1,0,1,15,4,2,9,1,0,h,1.4678947368421054,1.4747368421052631,F1_laliga,2026-05-22 10:28:50.701164
2804,131,4,1,8,0,1,0,10,3,4,7,1,0,D,1.5668421052631578,1.583421052631579,F1_laliga,2026-05-22 10:28:50.701178
2805,132,4,8,5,1,0,1,12,2,3,12,2,0,a,1.4678947368421054,1.4747368421052631,F1_laliga,2026-05-22 10:28:50.701275
2806,132,4,5,8,0,1,0,12,6,4,12,1,1,D,0.7999999999999999,1.5710526315789475,F1_laliga,2026-05-22 10:28:50.701298
2807,133,4,8,9,1,3,3,15,7,4,18,2,0,d,1.4678947368421054,1.4747368421052631,F1_laliga,2026-05-22 10:28:50.701382
2808,133,4,9,8,0,3,3,16,4,7,9,0,0,D,0.8792105263157893,1.9592105263157895,F1_laliga,2026-05-22 10:28:50.701396
2809,134,4,8,10,1,0,0,18,6,4,13,1,0,h,1.4678947368421054,1.4747368421052631,F1_laliga,2026-05-22 10:28:50.701456
2810,134,4,10,8,0,0,0,15,3,3,9,1,0,D,1.1936842105263157,1.971578947368421,F1_laliga,2026-05-22 10:28:50.701469
2811,135,4,8,11,1,2,0,15,4,8,19,4,0,h,1.4678947368421054,1.4747368421052631,F1_laliga,2026-05-22 10:28:50.701526
2812,135,4,11,8,0,0,2,11,2,1,16,2,0,D,1.0342105263157895,1.8510526315789475,F1_laliga,2026-05-22 10:28:50.701588
2813,136,4,12,16,1,0,4,10,4,2,12,4,0,h,1.5613157894736842,1.6939473684210526,F1_laliga,2026-05-22 10:28:50.701657
2814,136,4,16,12,0,4,0,5,4,3,13,2,0,D,2.0265789473684213,0.981578947368421,F1_laliga,2026-05-22 10:28:50.701671
2815,137,4,12,4,1,3,0,13,2,5,10,2,0,h,1.5613157894736842,1.6939473684210526,F1_laliga,2026-05-22 10:28:50.701727
2816,137,4,4,12,0,0,3,14,5,4,11,0,0,D,1.7426315789473683,0.8447368421052632,F1_laliga,2026-05-22 10:28:50.701741
2817,138,4,12,3,1,0,1,21,6,5,13,3,0,a,1.5613157894736842,1.6939473684210526,F1_laliga,2026-05-22 10:28:50.701796
2818,138,4,3,12,0,1,0,9,8,2,11,1,0,D,2.157631578947368,0.7834210526315789,F1_laliga,2026-05-22 10:28:50.701810
2819,139,4,12,18,1,3,0,12,6,8,12,1,1,h,1.5613157894736842,1.6939473684210526,F1_laliga,2026-05-22 10:28:50.701919
2820,139,4,18,12,0,0,3,8,8,7,14,4,0,D,2.0071052631578947,0.9215789473684212,F1_laliga,2026-05-22 10:28:50.701935
2821,140,4,12,17,1,0,0,18,2,6,6,5,0,a,1.5613157894736842,1.6939473684210526,F1_laliga,2026-05-22 10:28:50.701997
2822,140,4,17,12,0,0,0,11,2,9,18,3,0,D,1.9705263157894735,1.0313157894736842,F1_laliga,2026-05-22 10:28:50.702040
2823,141,4,12,20,1,0,1,16,1,5,6,2,0,a,1.5613157894736842,1.6939473684210526,F1_laliga,2026-05-22 10:28:50.702110
2824,141,4,20,12,0,1,0,8,4,1,8,3,0,D,2.031842105263158,1.2807894736842105,F1_laliga,2026-05-22 10:28:50.702124
2825,142,4,12,2,1,3,0,11,3,6,13,1,0,h,1.5613157894736842,1.6939473684210526,F1_laliga,2026-05-22 10:28:50.702182
2826,142,4,2,12,0,0,3,11,3,4,12,2,0,D,2.106578947368421,1.2107894736842104,F1_laliga,2026-05-22 10:28:50.702195
2827,143,4,12,19,1,1,3,14,7,6,8,4,0,a,1.5613157894736842,1.6939473684210526,F1_laliga,2026-05-22 10:28:50.702251
2828,143,4,19,12,0,3,1,4,1,3,11,1,0,D,1.9644736842105264,1.135,F1_laliga,2026-05-22 10:28:50.702264
2829,144,4,12,15,1,0,2,12,4,5,10,2,0,a,1.5613157894736842,1.6939473684210526,F1_laliga,2026-05-22 10:28:50.702330
2830,144,4,15,12,0,2,0,10,0,4,16,2,0,D,1.3752631578947367,1.2618421052631579,F1_laliga,2026-05-22 10:28:50.702344
2831,145,4,12,13,1,1,1,14,3,2,11,3,0,a,1.5613157894736842,1.6939473684210526,F1_laliga,2026-05-22 10:28:50.702433
2832,145,4,13,12,0,1,1,14,0,1,13,1,0,D,1.346578947368421,1.1921052631578946,F1_laliga,2026-05-22 10:28:50.702473
2833,146,4,12,6,1,0,0,13,8,6,13,3,0,d,1.5613157894736842,1.6939473684210526,F1_laliga,2026-05-22 10:28:50.702545
2834,146,4,6,12,0,0,0,9,7,1,9,1,0,D,1.4097368421052632,1.0686842105263157,F1_laliga,2026-05-22 10:28:50.702581
2835,147,4,12,7,1,0,3,6,1,4,14,2,0,a,1.5613157894736842,1.6939473684210526,F1_laliga,2026-05-22 10:28:50.702649
2836,147,4,7,12,0,3,0,10,4,2,13,4,0,D,1.4713157894736841,1.5907894736842105,F1_laliga,2026-05-22 10:28:50.702663
2837,148,4,12,14,1,2,2,12,3,3,17,1,0,d,1.5613157894736842,1.6939473684210526,F1_laliga,2026-05-22 10:28:50.702721
2838,148,4,14,12,0,2,2,7,6,3,14,0,0,D,1.358157894736842,1.5186842105263159,F1_laliga,2026-05-22 10:28:50.702735
2839,149,4,12,8,1,2,0,11,5,4,12,3,1,h,1.5613157894736842,1.6939473684210526,F1_laliga,2026-05-22 10:28:50.702790
2840,149,4,8,12,0,0,2,6,4,2,16,4,0,D,1.4678947368421054,1.4747368421052631,F1_laliga,2026-05-22 10:28:50.702805
2841,150,4,12,1,1,5,1,9,5,1,10,2,0,h,1.5613157894736842,1.6939473684210526,F1_laliga,2026-05-22 10:28:50.702859
2842,150,4,1,12,0,1,5,10,6,4,11,1,0,D,1.5668421052631578,1.583421052631579,F1_laliga,2026-05-22 10:28:50.702898
2843,151,4,12,5,1,1,1,15,7,5,16,4,0,h,1.5613157894736842,1.6939473684210526,F1_laliga,2026-05-22 10:28:50.702966
2844,151,4,5,12,0,1,1,12,5,1,11,3,0,D,0.7999999999999999,1.5710526315789475,F1_laliga,2026-05-22 10:28:50.702980
2845,152,4,12,9,1,3,3,19,4,5,15,1,0,d,1.5613157894736842,1.6939473684210526,F1_laliga,2026-05-22 10:28:50.703037
2846,152,4,9,12,0,3,3,11,3,6,17,2,0,D,0.8792105263157893,1.9592105263157895,F1_laliga,2026-05-22 10:28:50.703050
2847,153,4,12,10,1,2,0,9,4,5,13,4,0,h,1.5613157894736842,1.6939473684210526,F1_laliga,2026-05-22 10:28:50.703105
2848,153,4,10,12,0,0,2,10,4,2,14,3,0,D,1.1936842105263157,1.971578947368421,F1_laliga,2026-05-22 10:28:50.703119
2849,154,4,12,11,1,1,2,15,6,6,9,2,0,a,1.5613157894736842,1.6939473684210526,F1_laliga,2026-05-22 10:28:50.703174
2850,154,4,11,12,0,2,1,10,3,5,16,1,0,D,1.0342105263157895,1.8510526315789475,F1_laliga,2026-05-22 10:28:50.703188
2851,155,4,1,16,1,2,1,18,7,1,3,1,0,h,1.5668421052631578,1.583421052631579,F1_laliga,2026-05-22 10:28:50.703241
2852,155,4,16,1,0,1,2,7,2,7,13,2,0,D,2.0265789473684213,0.981578947368421,F1_laliga,2026-05-22 10:28:50.703285
2853,156,4,1,4,1,5,0,11,7,2,24,0,0,h,1.5668421052631578,1.583421052631579,F1_laliga,2026-05-22 10:28:50.703384
2854,156,4,4,1,0,0,5,8,5,0,15,2,0,D,1.7426315789473683,0.8447368421052632,F1_laliga,2026-05-22 10:28:50.703399
2855,157,4,1,3,1,1,1,12,5,7,16,3,0,a,1.5668421052631578,1.583421052631579,F1_laliga,2026-05-22 10:28:50.703495
2856,157,4,3,1,0,1,1,12,8,2,11,1,0,D,2.157631578947368,0.7834210526315789,F1_laliga,2026-05-22 10:28:50.703510
2857,158,4,1,18,1,1,0,21,5,7,12,3,0,h,1.5668421052631578,1.583421052631579,F1_laliga,2026-05-22 10:28:50.703602
2858,158,4,18,1,0,0,1,9,4,8,15,2,0,D,2.0071052631578947,0.9215789473684212,F1_laliga,2026-05-22 10:28:50.703617
2859,159,4,1,17,1,1,1,7,10,3,16,2,0,h,1.5668421052631578,1.583421052631579,F1_laliga,2026-05-22 10:28:50.703691
2860,159,4,17,1,0,1,1,7,4,7,6,0,0,D,1.9705263157894735,1.0313157894736842,F1_laliga,2026-05-22 10:28:50.703705
2861,160,4,1,20,1,3,3,16,8,2,15,0,0,a,1.5668421052631578,1.583421052631579,F1_laliga,2026-05-22 10:28:50.703782
2862,160,4,20,1,0,3,3,12,7,5,12,0,0,D,2.031842105263158,1.2807894736842105,F1_laliga,2026-05-22 10:28:50.703843
2863,161,4,1,2,1,1,1,16,1,6,8,4,0,h,1.5668421052631578,1.583421052631579,F1_laliga,2026-05-22 10:28:50.703924
2864,161,4,2,1,0,1,1,7,2,1,15,3,0,D,2.106578947368421,1.2107894736842104,F1_laliga,2026-05-22 10:28:50.703938
2865,162,4,1,19,1,0,0,11,7,7,9,1,0,d,1.5668421052631578,1.583421052631579,F1_laliga,2026-05-22 10:28:50.703996
2866,162,4,19,1,0,0,0,9,4,3,9,0,0,D,1.9644736842105264,1.135,F1_laliga,2026-05-22 10:28:50.704009
2867,163,4,1,15,1,2,2,6,5,1,8,5,0,d,1.5668421052631578,1.583421052631579,F1_laliga,2026-05-22 10:28:50.704103
2868,163,4,15,1,0,2,2,8,1,2,8,0,0,D,1.3752631578947367,1.2618421052631579,F1_laliga,2026-05-22 10:28:50.704118
2869,122,4,1,13,1,1,2,18,3,3,13,0,0,a,1.5668421052631578,1.583421052631579,F1_laliga,2026-05-22 10:28:50.704179
2870,122,4,13,1,0,2,1,13,1,4,12,1,0,D,1.346578947368421,1.1921052631578946,F1_laliga,2026-05-22 10:28:50.704193
2871,123,4,1,6,1,1,3,12,4,7,7,4,0,a,1.5668421052631578,1.583421052631579,F1_laliga,2026-05-22 10:28:50.704250
2872,123,4,6,1,0,3,1,9,5,7,17,3,0,D,1.4097368421052632,1.0686842105263157,F1_laliga,2026-05-22 10:28:50.704294
2873,124,4,1,7,1,0,0,16,5,4,17,4,0,d,1.5668421052631578,1.583421052631579,F1_laliga,2026-05-22 10:28:50.704363
2874,124,4,7,1,0,0,0,12,2,8,10,1,0,D,1.4713157894736841,1.5907894736842105,F1_laliga,2026-05-22 10:28:50.704377
2875,125,4,1,14,1,3,1,14,3,2,11,6,0,h,1.5668421052631578,1.583421052631579,F1_laliga,2026-05-22 10:28:50.704435
2876,125,4,14,1,0,1,3,7,5,3,12,1,0,D,1.358157894736842,1.5186842105263159,F1_laliga,2026-05-22 10:28:50.704449
2877,126,4,1,8,1,2,1,8,2,5,12,1,0,a,1.5668421052631578,1.583421052631579,F1_laliga,2026-05-22 10:28:50.704505
2878,126,4,8,1,0,1,2,13,3,3,18,4,0,D,1.4678947368421054,1.4747368421052631,F1_laliga,2026-05-22 10:28:50.704519
2879,127,4,1,12,1,1,1,9,5,8,11,3,1,h,1.5668421052631578,1.583421052631579,F1_laliga,2026-05-22 10:28:50.704599
2880,127,4,12,1,0,1,1,4,3,4,14,2,0,D,1.5613157894736842,1.6939473684210526,F1_laliga,2026-05-22 10:28:50.704614
2881,128,4,1,5,1,1,1,9,2,9,12,2,0,d,1.5668421052631578,1.583421052631579,F1_laliga,2026-05-22 10:28:50.704680
2882,128,4,5,1,0,1,1,9,1,2,13,1,0,D,0.7999999999999999,1.5710526315789475,F1_laliga,2026-05-22 10:28:50.704721
2883,129,4,1,9,1,3,3,10,3,6,9,1,0,a,1.5668421052631578,1.583421052631579,F1_laliga,2026-05-22 10:28:50.704792
2884,129,4,9,1,0,3,3,7,5,6,10,2,0,D,0.8792105263157893,1.9592105263157895,F1_laliga,2026-05-22 10:28:50.704805
2885,130,4,1,10,1,2,0,8,4,8,6,1,0,h,1.5668421052631578,1.583421052631579,F1_laliga,2026-05-22 10:28:50.704864
2886,130,4,10,1,0,0,2,13,6,3,15,1,0,D,1.1936842105263157,1.971578947368421,F1_laliga,2026-05-22 10:28:50.704879
2887,131,4,1,11,1,1,1,8,3,2,9,5,1,a,1.5668421052631578,1.583421052631579,F1_laliga,2026-05-22 10:28:50.704937
2888,131,4,11,1,0,1,1,13,5,3,6,1,0,D,1.0342105263157895,1.8510526315789475,F1_laliga,2026-05-22 10:28:50.704950
2889,132,4,5,16,1,1,1,11,3,4,10,3,0,d,0.7999999999999999,1.5710526315789475,F1_laliga,2026-05-22 10:28:50.705006
2890,132,4,16,5,0,1,1,12,5,4,12,2,0,D,2.0265789473684213,0.981578947368421,F1_laliga,2026-05-22 10:28:50.705019
2891,133,4,5,4,1,1,1,13,6,7,12,1,0,d,0.7999999999999999,1.5710526315789475,F1_laliga,2026-05-22 10:28:50.705075
2892,133,4,4,5,0,1,1,12,0,4,13,0,0,D,1.7426315789473683,0.8447368421052632,F1_laliga,2026-05-22 10:28:50.705113
2893,134,4,5,3,1,0,0,15,6,4,7,2,0,h,0.7999999999999999,1.5710526315789475,F1_laliga,2026-05-22 10:28:50.705181
2894,134,4,3,5,0,0,0,10,5,6,9,4,0,D,2.157631578947368,0.7834210526315789,F1_laliga,2026-05-22 10:28:50.705195
2895,135,4,5,18,1,0,5,15,8,5,19,2,0,a,0.7999999999999999,1.5710526315789475,F1_laliga,2026-05-22 10:28:50.705252
2896,135,4,18,5,0,5,0,11,1,3,12,1,0,D,2.0071052631578947,0.9215789473684212,F1_laliga,2026-05-22 10:28:50.705266
2897,136,4,5,17,1,0,3,18,9,4,11,2,0,a,0.7999999999999999,1.5710526315789475,F1_laliga,2026-05-22 10:28:50.705332
2898,136,4,17,5,0,3,0,8,1,1,6,1,0,D,1.9705263157894735,1.0313157894736842,F1_laliga,2026-05-22 10:28:50.705346
2899,137,4,5,20,1,0,1,12,6,4,10,3,1,a,0.7999999999999999,1.5710526315789475,F1_laliga,2026-05-22 10:28:50.705401
2900,137,4,20,5,0,1,0,9,7,5,11,4,0,D,2.031842105263158,1.2807894736842105,F1_laliga,2026-05-22 10:28:50.705415
2901,138,4,5,2,1,2,0,10,4,4,9,4,1,h,0.7999999999999999,1.5710526315789475,F1_laliga,2026-05-22 10:28:50.705470
2902,138,4,2,5,0,0,2,14,6,5,4,0,0,D,2.106578947368421,1.2107894736842104,F1_laliga,2026-05-22 10:28:50.705512
2903,139,4,5,19,1,1,1,18,6,2,10,0,0,a,0.7999999999999999,1.5710526315789475,F1_laliga,2026-05-22 10:28:50.705617
2904,139,4,19,5,0,1,1,13,2,1,13,0,0,D,1.9644736842105264,1.135,F1_laliga,2026-05-22 10:28:50.705632
2905,140,4,5,15,1,0,1,11,7,4,20,2,0,h,0.7999999999999999,1.5710526315789475,F1_laliga,2026-05-22 10:28:50.705695
2906,140,4,15,5,0,1,0,12,4,2,12,0,0,D,1.3752631578947367,1.2618421052631579,F1_laliga,2026-05-22 10:28:50.705709
2907,141,4,5,13,1,3,1,13,6,9,11,1,0,h,0.7999999999999999,1.5710526315789475,F1_laliga,2026-05-22 10:28:50.705767
2908,141,4,13,5,0,1,3,16,3,3,7,1,0,D,1.346578947368421,1.1921052631578946,F1_laliga,2026-05-22 10:28:50.705781
2909,142,4,5,6,1,2,2,18,3,5,7,2,0,d,0.7999999999999999,1.5710526315789475,F1_laliga,2026-05-22 10:28:50.705836
2910,142,4,6,5,0,2,2,10,4,1,10,4,0,D,1.4097368421052632,1.0686842105263157,F1_laliga,2026-05-22 10:28:50.705850
2911,143,4,5,7,1,1,2,15,8,1,13,3,0,a,0.7999999999999999,1.5710526315789475,F1_laliga,2026-05-22 10:28:50.705906
2912,143,4,7,5,0,2,1,8,7,4,19,3,0,D,1.4713157894736841,1.5907894736842105,F1_laliga,2026-05-22 10:28:50.705946
2913,144,4,5,14,1,2,1,15,6,4,9,0,0,h,0.7999999999999999,1.5710526315789475,F1_laliga,2026-05-22 10:28:50.706014
2914,144,4,14,5,0,1,2,13,7,3,14,0,0,D,1.358157894736842,1.5186842105263159,F1_laliga,2026-05-22 10:28:50.706027
2915,145,4,5,8,1,1,0,9,2,5,15,2,0,a,0.7999999999999999,1.5710526315789475,F1_laliga,2026-05-22 10:28:50.706085
2916,145,4,8,5,0,0,1,8,5,4,17,1,0,D,1.4678947368421054,1.4747368421052631,F1_laliga,2026-05-22 10:28:50.706099
2917,146,4,5,12,1,1,1,14,7,2,8,4,0,h,0.7999999999999999,1.5710526315789475,F1_laliga,2026-05-22 10:28:50.706154
2918,146,4,12,5,0,1,1,13,5,3,3,1,1,D,1.5613157894736842,1.6939473684210526,F1_laliga,2026-05-22 10:28:50.706168
2919,147,4,5,1,1,0,0,11,5,6,6,3,0,d,0.7999999999999999,1.5710526315789475,F1_laliga,2026-05-22 10:28:50.706222
2920,147,4,1,5,0,0,0,8,7,3,10,2,0,D,1.5668421052631578,1.583421052631579,F1_laliga,2026-05-22 10:28:50.706235
2921,148,4,5,9,1,0,4,14,5,4,13,0,0,a,0.7999999999999999,1.5710526315789475,F1_laliga,2026-05-22 10:28:50.706295
2922,148,4,9,5,0,4,0,9,5,5,15,1,0,D,0.8792105263157893,1.9592105263157895,F1_laliga,2026-05-22 10:28:50.706335
2923,149,4,5,10,1,0,0,12,5,7,11,1,0,d,0.7999999999999999,1.5710526315789475,F1_laliga,2026-05-22 10:28:50.706405
2924,149,4,10,5,0,0,0,4,3,5,11,1,0,D,1.1936842105263157,1.971578947368421,F1_laliga,2026-05-22 10:28:50.706419
2925,150,4,5,11,1,2,0,12,9,9,12,3,1,h,0.7999999999999999,1.5710526315789475,F1_laliga,2026-05-22 10:28:50.706476
2926,150,4,11,5,0,0,2,10,1,1,11,2,0,D,1.0342105263157895,1.8510526315789475,F1_laliga,2026-05-22 10:28:50.706490
2927,151,4,9,16,1,1,1,15,0,5,9,0,0,d,0.8792105263157893,1.9592105263157895,F1_laliga,2026-05-22 10:28:50.706545
2928,151,4,16,9,0,1,1,4,2,2,11,2,0,D,2.0265789473684213,0.981578947368421,F1_laliga,2026-05-22 10:28:50.706579
2929,152,4,9,4,1,1,4,12,5,8,11,1,0,a,0.8792105263157893,1.9592105263157895,F1_laliga,2026-05-22 10:28:50.706646
2930,152,4,4,9,0,4,1,13,0,4,11,1,0,D,1.7426315789473683,0.8447368421052632,F1_laliga,2026-05-22 10:28:50.706660
2931,153,4,9,3,1,1,1,21,7,6,17,4,0,h,0.8792105263157893,1.9592105263157895,F1_laliga,2026-05-22 10:28:50.706752
2932,153,4,3,9,0,1,1,11,2,5,9,1,0,D,2.157631578947368,0.7834210526315789,F1_laliga,2026-05-22 10:28:50.706795
2933,154,4,9,18,1,2,2,11,7,1,14,1,0,d,0.8792105263157893,1.9592105263157895,F1_laliga,2026-05-22 10:28:50.706866
2934,154,4,18,9,0,2,2,13,1,5,10,1,0,D,2.0071052631578947,0.9215789473684212,F1_laliga,2026-05-22 10:28:50.706880
2935,155,4,9,17,1,0,1,12,2,3,12,1,0,a,0.8792105263157893,1.9592105263157895,F1_laliga,2026-05-22 10:28:50.706938
2936,155,4,17,9,0,1,0,8,3,3,18,1,0,D,1.9705263157894735,1.0313157894736842,F1_laliga,2026-05-22 10:28:50.706951
2937,156,4,9,20,1,0,2,18,6,5,11,0,0,a,0.8792105263157893,1.9592105263157895,F1_laliga,2026-05-22 10:28:50.707006
2938,156,4,20,9,0,2,0,5,4,3,9,2,0,D,2.031842105263158,1.2807894736842105,F1_laliga,2026-05-22 10:28:50.707020
2939,157,4,9,2,1,1,1,18,6,1,15,1,0,d,0.8792105263157893,1.9592105263157895,F1_laliga,2026-05-22 10:28:50.707075
2940,157,4,2,9,0,1,1,14,2,1,8,2,0,D,2.106578947368421,1.2107894736842104,F1_laliga,2026-05-22 10:28:50.707089
2941,158,4,9,19,1,1,3,8,4,5,8,1,0,a,0.8792105263157893,1.9592105263157895,F1_laliga,2026-05-22 10:28:50.707144
2942,158,4,19,9,0,3,1,6,3,4,15,2,0,D,1.9644736842105264,1.135,F1_laliga,2026-05-22 10:28:50.707184
2943,159,4,9,15,1,1,1,15,6,2,10,2,0,h,0.8792105263157893,1.9592105263157895,F1_laliga,2026-05-22 10:28:50.707251
2944,159,4,15,9,0,1,1,7,2,5,19,2,0,D,1.3752631578947367,1.2618421052631579,F1_laliga,2026-05-22 10:28:50.707265
2945,160,4,9,13,1,1,1,12,8,2,8,2,0,d,0.8792105263157893,1.9592105263157895,F1_laliga,2026-05-22 10:28:50.707330
2946,160,4,13,9,0,1,1,11,5,4,14,2,0,D,1.346578947368421,1.1921052631578946,F1_laliga,2026-05-22 10:28:50.707344
2947,161,4,9,6,1,1,0,14,2,3,9,1,0,h,0.8792105263157893,1.9592105263157895,F1_laliga,2026-05-22 10:28:50.707401
2948,161,4,6,9,0,0,1,11,2,5,14,3,0,D,1.4097368421052632,1.0686842105263157,F1_laliga,2026-05-22 10:28:50.707414
2949,162,4,9,7,1,0,0,13,5,6,11,3,0,d,0.8792105263157893,1.9592105263157895,F1_laliga,2026-05-22 10:28:50.707502
2950,162,4,7,9,0,0,0,15,5,8,14,2,0,D,1.4713157894736841,1.5907894736842105,F1_laliga,2026-05-22 10:28:50.707517
2951,163,4,9,14,1,3,3,8,5,4,14,4,0,d,0.8792105263157893,1.9592105263157895,F1_laliga,2026-05-22 10:28:50.707609
2952,163,4,14,9,0,3,3,9,5,4,9,2,0,D,1.358157894736842,1.5186842105263159,F1_laliga,2026-05-22 10:28:50.707653
2953,122,4,9,8,1,1,1,16,6,5,10,3,0,d,0.8792105263157893,1.9592105263157895,F1_laliga,2026-05-22 10:28:50.707723
2954,122,4,8,9,0,1,1,7,6,4,15,1,0,D,1.4678947368421054,1.4747368421052631,F1_laliga,2026-05-22 10:28:50.707738
2955,123,4,9,12,1,1,0,19,4,4,9,5,0,h,0.8792105263157893,1.9592105263157895,F1_laliga,2026-05-22 10:28:50.707825
2956,123,4,12,9,0,0,1,11,8,2,12,1,0,D,1.5613157894736842,1.6939473684210526,F1_laliga,2026-05-22 10:28:50.707840
2957,124,4,9,1,1,2,2,11,6,2,9,2,0,d,0.8792105263157893,1.9592105263157895,F1_laliga,2026-05-22 10:28:50.707901
2958,124,4,1,9,0,2,2,10,2,6,9,2,0,D,1.5668421052631578,1.583421052631579,F1_laliga,2026-05-22 10:28:50.707915
2959,125,4,9,5,1,0,0,19,4,8,12,1,0,a,0.8792105263157893,1.9592105263157895,F1_laliga,2026-05-22 10:28:50.708053
2960,125,4,5,9,0,0,0,9,3,3,16,4,1,D,0.7999999999999999,1.5710526315789475,F1_laliga,2026-05-22 10:28:50.708069
2961,126,4,9,10,1,0,2,14,9,6,14,1,0,a,0.8792105263157893,1.9592105263157895,F1_laliga,2026-05-22 10:28:50.708128
2962,126,4,10,9,0,2,0,15,6,1,15,3,0,D,1.1936842105263157,1.971578947368421,F1_laliga,2026-05-22 10:28:50.708169
2963,127,4,9,11,1,2,1,17,7,8,11,1,1,h,0.8792105263157893,1.9592105263157895,F1_laliga,2026-05-22 10:28:50.708240
2964,127,4,11,9,0,1,2,16,4,2,15,2,0,D,1.0342105263157895,1.8510526315789475,F1_laliga,2026-05-22 10:28:50.708254
2965,128,4,10,16,1,0,0,11,7,4,17,2,0,d,1.1936842105263157,1.971578947368421,F1_laliga,2026-05-22 10:28:50.708323
2966,128,4,16,10,0,0,0,13,2,5,14,3,0,D,2.0265789473684213,0.981578947368421,F1_laliga,2026-05-22 10:28:50.708337
2967,129,4,10,4,1,1,1,21,6,7,7,2,0,h,1.1936842105263157,1.971578947368421,F1_laliga,2026-05-22 10:28:50.708396
2968,129,4,4,10,0,1,1,9,2,5,8,5,1,D,1.7426315789473683,0.8447368421052632,F1_laliga,2026-05-22 10:28:50.708409
2969,130,4,10,3,1,2,2,11,5,1,10,7,0,a,1.1936842105263157,1.971578947368421,F1_laliga,2026-05-22 10:28:50.708464
2970,130,4,3,10,0,2,2,10,3,2,7,2,0,D,2.157631578947368,0.7834210526315789,F1_laliga,2026-05-22 10:28:50.708478
2971,131,4,10,18,1,5,2,10,9,6,13,1,0,h,1.1936842105263157,1.971578947368421,F1_laliga,2026-05-22 10:28:50.708533
2972,131,4,18,10,0,2,5,15,2,6,8,3,0,D,2.0071052631578947,0.9215789473684212,F1_laliga,2026-05-22 10:28:50.708586
2973,132,4,10,17,1,1,0,15,7,3,9,1,0,h,1.1936842105263157,1.971578947368421,F1_laliga,2026-05-22 10:28:50.708657
2974,132,4,17,10,0,0,1,11,6,3,12,1,0,D,1.9705263157894735,1.0313157894736842,F1_laliga,2026-05-22 10:28:50.708671
2975,133,4,10,20,1,3,3,20,1,6,11,2,0,d,1.1936842105263157,1.971578947368421,F1_laliga,2026-05-22 10:28:50.708729
2976,133,4,20,10,0,3,3,5,8,5,10,3,0,D,2.031842105263158,1.2807894736842105,F1_laliga,2026-05-22 10:28:50.708743
2977,134,4,10,2,1,2,2,12,4,7,10,4,0,d,1.1936842105263157,1.971578947368421,F1_laliga,2026-05-22 10:28:50.708799
2978,134,4,2,10,0,2,2,9,8,7,10,4,0,D,2.106578947368421,1.2107894736842104,F1_laliga,2026-05-22 10:28:50.708813
2979,135,4,10,19,1,0,0,14,5,2,12,3,0,d,1.1936842105263157,1.971578947368421,F1_laliga,2026-05-22 10:28:50.708868
2980,135,4,19,10,0,0,0,10,6,2,13,3,0,D,1.9644736842105264,1.135,F1_laliga,2026-05-22 10:28:50.708882
2981,136,4,10,15,1,0,4,8,1,2,16,0,0,a,1.1936842105263157,1.971578947368421,F1_laliga,2026-05-22 10:28:50.708936
2982,136,4,15,10,0,4,0,7,2,4,10,3,0,D,1.3752631578947367,1.2618421052631579,F1_laliga,2026-05-22 10:28:50.708977
2983,137,4,10,13,1,3,1,9,7,3,13,0,0,h,1.1936842105263157,1.971578947368421,F1_laliga,2026-05-22 10:28:50.709046
2984,137,4,13,10,0,1,3,8,2,1,12,3,0,D,1.346578947368421,1.1921052631578946,F1_laliga,2026-05-22 10:28:50.709060
2985,138,4,10,6,1,2,2,11,9,3,17,3,0,d,1.1936842105263157,1.971578947368421,F1_laliga,2026-05-22 10:28:50.709117
2986,138,4,6,10,0,2,2,13,4,5,6,2,0,D,1.4097368421052632,1.0686842105263157,F1_laliga,2026-05-22 10:28:50.709131
2987,139,4,10,7,1,3,0,13,5,4,9,1,0,h,1.1936842105263157,1.971578947368421,F1_laliga,2026-05-22 10:28:50.709187
2988,139,4,7,10,0,0,3,9,2,5,15,1,0,D,1.4713157894736841,1.5907894736842105,F1_laliga,2026-05-22 10:28:50.709201
2989,140,4,10,14,1,1,1,12,4,6,10,4,0,d,1.1936842105263157,1.971578947368421,F1_laliga,2026-05-22 10:28:50.709255
2990,140,4,14,10,0,1,1,12,3,6,14,2,0,D,1.358157894736842,1.5186842105263159,F1_laliga,2026-05-22 10:28:50.709268
2991,141,4,10,8,1,1,1,15,10,6,14,0,0,a,1.1936842105263157,1.971578947368421,F1_laliga,2026-05-22 10:28:50.709334
2992,141,4,8,10,0,1,1,7,2,2,12,4,0,D,1.4678947368421054,1.4747368421052631,F1_laliga,2026-05-22 10:28:50.709372
2993,142,4,10,12,1,1,0,11,7,5,13,3,0,h,1.1936842105263157,1.971578947368421,F1_laliga,2026-05-22 10:28:50.709442
2994,142,4,12,10,0,0,1,9,5,3,16,3,0,D,1.5613157894736842,1.6939473684210526,F1_laliga,2026-05-22 10:28:50.709457
2995,143,4,10,1,1,1,1,13,3,5,6,2,0,d,1.1936842105263157,1.971578947368421,F1_laliga,2026-05-22 10:28:50.709549
2996,143,4,1,10,0,1,1,13,4,7,16,2,0,D,1.5668421052631578,1.583421052631579,F1_laliga,2026-05-22 10:28:50.709586
2997,144,4,10,5,1,1,3,8,4,8,14,2,0,a,1.1936842105263157,1.971578947368421,F1_laliga,2026-05-22 10:28:50.709656
2998,144,4,5,10,0,3,1,9,1,5,12,1,0,D,0.7999999999999999,1.5710526315789475,F1_laliga,2026-05-22 10:28:50.709670
2999,145,4,10,9,1,2,0,9,6,5,16,3,0,h,1.1936842105263157,1.971578947368421,F1_laliga,2026-05-22 10:28:50.709729
3000,145,4,9,10,0,0,2,9,6,3,5,3,0,D,0.8792105263157893,1.9592105263157895,F1_laliga,2026-05-22 10:28:50.709742
3001,146,4,10,11,1,0,0,17,3,3,9,1,0,d,1.1936842105263157,1.971578947368421,F1_laliga,2026-05-22 10:28:50.709800
3002,146,4,11,10,0,0,0,10,2,2,14,2,0,D,1.0342105263157895,1.8510526315789475,F1_laliga,2026-05-22 10:28:50.709839
3003,147,4,11,16,1,0,0,12,2,3,18,1,0,d,1.0342105263157895,1.8510526315789475,F1_laliga,2026-05-22 10:28:50.709907
3004,147,4,16,11,0,0,0,9,3,8,8,2,0,D,2.0265789473684213,0.981578947368421,F1_laliga,2026-05-22 10:28:50.709921
3005,148,4,11,4,1,0,2,13,7,7,18,2,0,a,1.0342105263157895,1.8510526315789475,F1_laliga,2026-05-22 10:28:50.709978
3006,148,4,4,11,0,2,0,9,2,4,7,2,0,D,1.7426315789473683,0.8447368421052632,F1_laliga,2026-05-22 10:28:50.709991
3007,149,4,11,3,1,0,0,8,5,5,14,2,0,h,1.0342105263157895,1.8510526315789475,F1_laliga,2026-05-22 10:28:50.710077
3008,149,4,3,11,0,0,0,11,4,4,16,0,1,D,2.157631578947368,0.7834210526315789,F1_laliga,2026-05-22 10:28:50.710091
3009,150,4,11,18,1,1,0,18,4,6,12,3,0,h,1.0342105263157895,1.8510526315789475,F1_laliga,2026-05-22 10:28:50.710152
3010,150,4,18,11,0,0,1,6,7,3,7,3,0,D,2.0071052631578947,0.9215789473684212,F1_laliga,2026-05-22 10:28:50.710166
3011,151,4,11,17,1,3,0,15,10,5,12,3,0,h,1.0342105263157895,1.8510526315789475,F1_laliga,2026-05-22 10:28:50.710221
3012,151,4,17,11,0,0,3,10,6,3,12,6,0,D,1.9705263157894735,1.0313157894736842,F1_laliga,2026-05-22 10:28:50.710258
3013,152,4,11,20,1,0,2,11,6,6,14,0,0,a,1.0342105263157895,1.8510526315789475,F1_laliga,2026-05-22 10:28:50.710332
3014,152,4,20,11,0,2,0,8,5,9,9,1,0,D,2.031842105263158,1.2807894736842105,F1_laliga,2026-05-22 10:28:50.710347
3015,153,4,11,2,1,3,0,11,2,5,19,4,0,h,1.0342105263157895,1.8510526315789475,F1_laliga,2026-05-22 10:28:50.710404
3016,153,4,2,11,0,0,3,10,7,3,12,3,1,D,2.106578947368421,1.2107894736842104,F1_laliga,2026-05-22 10:28:50.710417
3017,154,4,11,19,1,3,0,21,7,4,7,0,0,h,1.0342105263157895,1.8510526315789475,F1_laliga,2026-05-22 10:28:50.710472
3018,154,4,19,11,0,0,3,5,3,6,7,2,0,D,1.9644736842105264,1.135,F1_laliga,2026-05-22 10:28:50.710486
3019,155,4,11,15,1,1,0,15,5,3,11,1,0,a,1.0342105263157895,1.8510526315789475,F1_laliga,2026-05-22 10:28:50.710541
3020,155,4,15,11,0,0,1,11,8,4,9,3,0,D,1.3752631578947367,1.2618421052631579,F1_laliga,2026-05-22 10:28:50.710573
3021,156,4,11,13,1,1,1,11,6,6,11,3,0,a,1.0342105263157895,1.8510526315789475,F1_laliga,2026-05-22 10:28:50.710643
3022,156,4,13,11,0,1,1,9,2,4,14,4,0,D,1.346578947368421,1.1921052631578946,F1_laliga,2026-05-22 10:28:50.710684
3023,157,4,11,6,1,1,2,12,2,2,8,2,0,h,1.0342105263157895,1.8510526315789475,F1_laliga,2026-05-22 10:28:50.710756
3024,157,4,6,11,0,2,1,3,3,5,19,0,0,D,1.4097368421052632,1.0686842105263157,F1_laliga,2026-05-22 10:28:50.710770
3025,158,4,11,7,1,0,0,16,6,5,19,3,0,d,1.0342105263157895,1.8510526315789475,F1_laliga,2026-05-22 10:28:50.710829
3026,158,4,7,11,0,0,0,18,3,5,13,2,0,D,1.4713157894736841,1.5907894736842105,F1_laliga,2026-05-22 10:28:50.710842
3027,159,4,11,14,1,1,1,15,5,2,11,0,0,d,1.0342105263157895,1.8510526315789475,F1_laliga,2026-05-22 10:28:50.710898
3028,159,4,14,11,0,1,1,17,2,3,10,0,0,D,1.358157894736842,1.5186842105263159,F1_laliga,2026-05-22 10:28:50.710912
3029,160,4,11,8,1,1,0,13,5,4,7,2,0,h,1.0342105263157895,1.8510526315789475,F1_laliga,2026-05-22 10:28:50.710967
3030,160,4,8,11,0,0,1,7,5,3,10,1,0,D,1.4678947368421054,1.4747368421052631,F1_laliga,2026-05-22 10:28:50.710981
3031,161,4,11,12,1,0,0,19,4,5,7,1,0,h,1.0342105263157895,1.8510526315789475,F1_laliga,2026-05-22 10:28:50.711035
3032,161,4,12,11,0,0,0,11,4,4,7,6,0,D,1.5613157894736842,1.6939473684210526,F1_laliga,2026-05-22 10:28:50.711074
3033,162,4,11,1,1,1,1,14,1,3,12,2,0,h,1.0342105263157895,1.8510526315789475,F1_laliga,2026-05-22 10:28:50.711144
3034,162,4,1,11,0,1,1,6,5,3,12,5,0,D,1.5668421052631578,1.583421052631579,F1_laliga,2026-05-22 10:28:50.711158
3035,163,4,11,5,1,3,0,20,5,6,13,3,0,h,1.0342105263157895,1.8510526315789475,F1_laliga,2026-05-22 10:28:50.711216
3036,163,4,5,11,0,0,3,14,2,3,10,1,0,D,0.7999999999999999,1.5710526315789475,F1_laliga,2026-05-22 10:28:50.711230
3037,122,4,11,9,1,2,1,11,4,5,9,2,0,h,1.0342105263157895,1.8510526315789475,F1_laliga,2026-05-22 10:28:50.711291
3038,122,4,9,11,0,1,2,7,5,4,12,1,0,D,0.8792105263157893,1.9592105263157895,F1_laliga,2026-05-22 10:28:50.711305
3039,123,4,11,10,1,0,0,12,7,6,16,2,0,h,1.0342105263157895,1.8510526315789475,F1_laliga,2026-05-22 10:28:50.711366
3040,123,4,10,11,0,0,0,7,3,4,11,3,0,D,1.1936842105263157,1.971578947368421,F1_laliga,2026-05-22 10:28:50.711379
3041,164,5,16,4,1,0,2,12,6,11,8,3,0,a,2.1194736842105266,1.0357894736842106,F1_laliga,2026-05-22 10:28:50.711491
3042,164,5,4,16,0,2,0,12,2,4,9,1,0,D,1.9928947368421053,0.9249999999999999,F1_laliga,2026-05-22 10:28:50.711537
3043,165,5,16,3,1,4,1,16,6,4,7,3,0,a,2.1194736842105266,1.0357894736842106,F1_laliga,2026-05-22 10:28:50.711656
3044,165,5,3,16,0,1,4,16,1,7,10,0,0,D,1.963684210526316,0.71,F1_laliga,2026-05-22 10:28:50.711671
3045,166,5,16,18,1,1,1,14,8,4,20,5,0,d,2.1194736842105266,1.0357894736842106,F1_laliga,2026-05-22 10:28:50.711732
3046,166,5,18,16,0,1,1,12,2,6,16,2,0,D,2.0526315789473686,0.77,F1_laliga,2026-05-22 10:28:50.711746
3047,167,5,16,17,1,1,3,13,4,3,15,2,0,a,2.1194736842105266,1.0357894736842106,F1_laliga,2026-05-22 10:28:50.711802
3048,167,5,17,16,0,3,1,9,3,2,22,1,0,D,2.1294736842105264,1.0363157894736843,F1_laliga,2026-05-22 10:28:50.711817
3049,168,5,16,20,1,1,1,21,5,6,11,3,0,h,2.1194736842105266,1.0357894736842106,F1_laliga,2026-05-22 10:28:50.711871
3050,168,5,20,16,0,1,1,11,2,6,13,0,1,D,2.0476315789473687,0.9468421052631578,F1_laliga,2026-05-22 10:28:50.711885
3051,169,5,16,2,1,2,1,8,5,4,18,4,0,h,2.1194736842105266,1.0357894736842106,F1_laliga,2026-05-22 10:28:50.711940
3052,169,5,2,16,0,1,2,12,3,5,9,4,0,D,1.6063157894736841,1.2528947368421053,F1_laliga,2026-05-22 10:28:50.711985
3053,170,5,16,19,1,5,0,18,8,6,16,1,0,h,2.1194736842105266,1.0357894736842106,F1_laliga,2026-05-22 10:28:50.712054
3054,170,5,19,16,0,0,5,14,4,4,7,2,0,D,1.7289473684210528,1.069736842105263,F1_laliga,2026-05-22 10:28:50.712069
3055,171,5,16,15,1,0,0,10,2,5,16,3,0,a,2.1194736842105266,1.0357894736842106,F1_laliga,2026-05-22 10:28:50.712126
3056,171,5,15,16,0,0,0,13,6,0,12,1,0,D,1.5723684210526316,1.450263157894737,F1_laliga,2026-05-22 10:28:50.712140
3057,172,5,16,13,1,1,0,9,6,2,13,3,0,h,2.1194736842105266,1.0357894736842106,F1_laliga,2026-05-22 10:28:50.712228
3058,172,5,13,16,0,0,1,13,7,7,7,2,0,D,1.6410526315789473,1.3692105263157894,F1_laliga,2026-05-22 10:28:50.712243
3059,173,5,16,6,1,1,1,13,3,6,9,3,0,a,2.1194736842105266,1.0357894736842106,F1_laliga,2026-05-22 10:28:50.712342
3060,173,5,6,16,0,1,1,10,8,3,14,1,0,D,1.1678947368421053,1.336578947368421,F1_laliga,2026-05-22 10:28:50.712357
3061,174,5,16,7,1,1,0,7,6,3,17,1,0,h,2.1194736842105266,1.0357894736842106,F1_laliga,2026-05-22 10:28:50.712419
3062,174,5,7,16,0,0,1,15,8,8,8,2,1,D,1.644736842105263,1.1352631578947368,F1_laliga,2026-05-22 10:28:50.712463
3063,175,5,16,14,1,5,2,18,5,5,7,0,0,h,2.1194736842105266,1.0357894736842106,F1_laliga,2026-05-22 10:28:50.712535
3064,175,5,14,16,0,2,5,11,3,4,9,5,0,D,1.5994736842105264,1.414736842105263,F1_laliga,2026-05-22 10:28:50.712549
3065,176,5,16,8,1,2,1,15,4,2,7,1,0,h,2.1194736842105266,1.0357894736842106,F1_laliga,2026-05-22 10:28:50.712636
3066,176,5,8,16,0,1,2,11,7,6,8,1,0,D,1.4507894736842106,1.4205263157894736,F1_laliga,2026-05-22 10:28:50.712651
3067,177,5,16,12,1,2,0,9,3,8,12,3,0,h,2.1194736842105266,1.0357894736842106,F1_laliga,2026-05-22 10:28:50.712709
3068,177,5,12,16,0,0,2,10,2,3,16,3,0,D,1.041842105263158,1.5213157894736842,F1_laliga,2026-05-22 10:28:50.712722
3069,178,5,16,1,1,2,1,12,5,2,9,1,0,h,2.1194736842105266,1.0357894736842106,F1_laliga,2026-05-22 10:28:50.712779
3070,178,5,1,16,0,1,2,11,6,3,6,2,0,D,1.0926315789473684,1.894736842105263,F1_laliga,2026-05-22 10:28:50.712793
3071,179,5,16,5,1,0,0,12,6,5,10,1,0,d,2.1194736842105266,1.0357894736842106,F1_laliga,2026-05-22 10:28:50.712849
3072,179,5,5,16,0,0,0,7,4,3,9,1,2,D,1.1597368421052632,1.6168421052631579,F1_laliga,2026-05-22 10:28:50.712887
3073,180,5,16,9,1,2,0,10,8,5,11,1,0,h,2.1194736842105266,1.0357894736842106,F1_laliga,2026-05-22 10:28:50.712956
3074,180,5,9,16,0,0,2,18,4,5,13,2,0,D,0.9805263157894736,1.6947368421052633,F1_laliga,2026-05-22 10:28:50.712971
3075,181,5,16,10,1,2,3,10,2,4,13,2,0,h,2.1194736842105266,1.0357894736842106,F1_laliga,2026-05-22 10:28:50.713028
3076,181,5,10,16,0,3,2,11,7,8,18,3,0,D,1.1321052631578947,1.6323684210526317,F1_laliga,2026-05-22 10:28:50.713042
3077,182,5,16,11,1,1,2,11,4,2,19,4,0,a,2.1194736842105266,1.0357894736842106,F1_laliga,2026-05-22 10:28:50.713097
3078,182,5,11,16,0,2,1,5,0,8,15,1,0,D,1.2015789473684209,1.5589473684210526,F1_laliga,2026-05-22 10:28:50.713111
3079,183,5,4,16,1,1,1,9,3,8,11,0,0,d,1.9928947368421053,0.9249999999999999,F1_laliga,2026-05-22 10:28:50.713165
3080,183,5,16,4,0,1,1,8,2,6,8,2,0,D,2.1194736842105266,1.0357894736842106,F1_laliga,2026-05-22 10:28:50.713178
3081,184,5,4,3,1,0,3,10,8,4,8,1,0,a,1.9928947368421053,0.9249999999999999,F1_laliga,2026-05-22 10:28:50.713233
3082,184,5,3,4,0,3,0,12,8,0,5,2,0,D,1.963684210526316,0.71,F1_laliga,2026-05-22 10:28:50.713281
3083,185,5,4,18,1,2,0,11,4,3,12,2,0,h,1.9928947368421053,0.9249999999999999,F1_laliga,2026-05-22 10:28:50.713351
3084,185,5,18,4,0,0,2,4,1,5,14,1,1,D,2.0526315789473686,0.77,F1_laliga,2026-05-22 10:28:50.713365
3085,186,5,4,17,1,3,0,12,3,3,10,1,0,h,1.9928947368421053,0.9249999999999999,F1_laliga,2026-05-22 10:28:50.713422
3086,186,5,17,4,0,0,3,8,3,4,7,0,0,D,2.1294736842105264,1.0363157894736843,F1_laliga,2026-05-22 10:28:50.713435
3087,187,5,4,20,1,2,2,11,4,8,18,3,0,a,1.9928947368421053,0.9249999999999999,F1_laliga,2026-05-22 10:28:50.713529
3088,187,5,20,4,0,2,2,16,2,6,10,4,0,D,2.0476315789473687,0.9468421052631578,F1_laliga,2026-05-22 10:28:50.713543
3089,188,5,4,2,1,0,0,21,6,5,11,2,0,h,1.9928947368421053,0.9249999999999999,F1_laliga,2026-05-22 10:28:50.713632
3090,188,5,2,4,0,0,0,5,4,1,10,4,0,D,1.6063157894736841,1.2528947368421053,F1_laliga,2026-05-22 10:28:50.713647
3091,189,5,4,19,1,0,2,15,5,5,13,3,1,h,1.9928947368421053,0.9249999999999999,F1_laliga,2026-05-22 10:28:50.713707
3092,189,5,19,4,0,2,0,11,3,5,14,5,0,D,1.7289473684210528,1.069736842105263,F1_laliga,2026-05-22 10:28:50.713746
3093,190,5,4,15,1,0,1,12,4,8,16,2,0,h,1.9928947368421053,0.9249999999999999,F1_laliga,2026-05-22 10:28:50.713815
3094,190,5,15,4,0,1,0,11,2,6,13,2,0,D,1.5723684210526316,1.450263157894737,F1_laliga,2026-05-22 10:28:50.713829
3095,191,5,4,13,1,0,3,19,6,6,7,2,0,h,1.9928947368421053,0.9249999999999999,F1_laliga,2026-05-22 10:28:50.713906
3096,191,5,13,4,0,3,0,10,4,1,11,2,0,D,1.6410526315789473,1.3692105263157894,F1_laliga,2026-05-22 10:28:50.713925
3097,192,5,4,6,1,1,0,18,9,4,13,2,0,h,1.9928947368421053,0.9249999999999999,F1_laliga,2026-05-22 10:28:50.713985
3098,192,5,6,4,0,0,1,9,5,2,8,1,0,D,1.1678947368421053,1.336578947368421,F1_laliga,2026-05-22 10:28:50.713998
3099,193,5,4,7,1,1,0,10,4,8,14,1,0,h,1.9928947368421053,0.9249999999999999,F1_laliga,2026-05-22 10:28:50.714115
3100,193,5,7,4,0,0,1,8,1,6,17,2,0,D,1.644736842105263,1.1352631578947368,F1_laliga,2026-05-22 10:28:50.714130
3101,194,5,4,14,1,1,1,13,5,4,8,2,0,d,1.9928947368421053,0.9249999999999999,F1_laliga,2026-05-22 10:28:50.714188
3102,194,5,14,4,0,1,1,11,2,7,15,4,0,D,1.5994736842105264,1.414736842105263,F1_laliga,2026-05-22 10:28:50.714234
3103,195,5,4,8,1,2,0,12,2,7,7,3,0,h,1.9928947368421053,0.9249999999999999,F1_laliga,2026-05-22 10:28:50.714315
3104,195,5,8,4,0,0,2,11,3,6,12,1,0,D,1.4507894736842106,1.4205263157894736,F1_laliga,2026-05-22 10:28:50.714339
3105,196,5,4,12,1,0,0,12,2,10,11,1,0,d,1.9928947368421053,0.9249999999999999,F1_laliga,2026-05-22 10:28:50.714419
3106,196,5,12,4,0,0,0,17,4,3,15,2,0,D,1.041842105263158,1.5213157894736842,F1_laliga,2026-05-22 10:28:50.714432
3107,197,5,4,1,1,4,1,11,10,6,13,1,0,h,1.9928947368421053,0.9249999999999999,F1_laliga,2026-05-22 10:28:50.714526
3108,197,5,1,4,0,1,4,8,4,10,10,6,0,D,1.0926315789473684,1.894736842105263,F1_laliga,2026-05-22 10:28:50.714540
3109,198,5,4,5,1,1,1,16,5,6,10,3,0,h,1.9928947368421053,0.9249999999999999,F1_laliga,2026-05-22 10:28:50.714636
3110,198,5,5,4,0,1,1,10,4,6,10,1,0,D,1.1597368421052632,1.6168421052631579,F1_laliga,2026-05-22 10:28:50.714651
3111,199,5,4,9,1,1,1,13,2,7,10,1,0,d,1.9928947368421053,0.9249999999999999,F1_laliga,2026-05-22 10:28:50.714712
3112,199,5,9,4,0,1,1,6,2,7,15,4,0,D,0.9805263157894736,1.6947368421052633,F1_laliga,2026-05-22 10:28:50.714750
3113,200,5,4,10,1,2,0,7,3,3,15,2,0,h,1.9928947368421053,0.9249999999999999,F1_laliga,2026-05-22 10:28:50.714818
3114,200,5,10,4,0,0,2,10,5,1,11,2,0,D,1.1321052631578947,1.6323684210526317,F1_laliga,2026-05-22 10:28:50.714832
3115,201,5,4,11,1,1,0,11,6,4,10,2,0,h,1.9928947368421053,0.9249999999999999,F1_laliga,2026-05-22 10:28:50.714888
3116,201,5,11,4,0,0,1,9,5,5,16,2,0,D,1.2015789473684209,1.5589473684210526,F1_laliga,2026-05-22 10:28:50.714901
3117,202,5,3,16,1,3,2,13,4,8,15,1,0,h,1.963684210526316,0.71,F1_laliga,2026-05-22 10:28:50.714957
3118,202,5,16,3,0,2,3,14,6,4,13,1,0,D,2.1194736842105266,1.0357894736842106,F1_laliga,2026-05-22 10:28:50.714970
3119,203,5,3,4,1,3,0,11,9,4,14,3,0,h,1.963684210526316,0.71,F1_laliga,2026-05-22 10:28:50.715025
3120,203,5,4,3,0,0,3,6,5,9,18,4,1,D,1.9928947368421053,0.9249999999999999,F1_laliga,2026-05-22 10:28:50.715038
3121,204,5,3,18,1,0,0,20,9,2,11,3,0,d,1.963684210526316,0.71,F1_laliga,2026-05-22 10:28:50.715094
3122,204,5,18,3,0,0,0,9,2,6,17,2,0,D,2.0526315789473686,0.77,F1_laliga,2026-05-22 10:28:50.715131
3123,164,5,3,17,1,3,1,14,2,5,15,3,1,h,1.963684210526316,0.71,F1_laliga,2026-05-22 10:28:50.715226
3124,164,5,17,3,0,1,3,7,6,3,20,1,0,D,2.1294736842105264,1.0363157894736843,F1_laliga,2026-05-22 10:28:50.715241
3125,165,5,3,20,1,3,1,13,6,10,11,1,0,h,1.963684210526316,0.71,F1_laliga,2026-05-22 10:28:50.715308
3126,165,5,20,3,0,1,3,11,4,6,11,4,1,D,2.0476315789473687,0.9468421052631578,F1_laliga,2026-05-22 10:28:50.715322
3127,166,5,3,2,1,1,1,11,4,5,11,2,0,d,1.963684210526316,0.71,F1_laliga,2026-05-22 10:28:50.715381
3128,166,5,2,3,0,1,1,5,6,5,6,1,0,D,1.6063157894736841,1.2528947368421053,F1_laliga,2026-05-22 10:28:50.715396
3129,167,5,3,19,1,2,0,10,4,5,11,1,0,a,1.963684210526316,0.71,F1_laliga,2026-05-22 10:28:50.715481
3130,167,5,19,3,0,0,2,10,4,6,10,0,0,D,1.7289473684210528,1.069736842105263,F1_laliga,2026-05-22 10:28:50.715496
3131,168,5,3,15,1,4,4,20,4,5,20,3,0,d,1.963684210526316,0.71,F1_laliga,2026-05-22 10:28:50.715587
3132,168,5,15,3,0,4,4,13,6,3,9,1,0,D,1.5723684210526316,1.450263157894737,F1_laliga,2026-05-22 10:28:50.715629
3133,169,5,3,13,1,2,1,15,6,4,15,2,0,a,1.963684210526316,0.71,F1_laliga,2026-05-22 10:28:50.715699
3134,169,5,13,3,0,1,2,13,8,5,13,3,0,D,1.6410526315789473,1.3692105263157894,F1_laliga,2026-05-22 10:28:50.715712
3135,170,5,3,6,1,1,1,12,2,2,12,0,0,d,1.963684210526316,0.71,F1_laliga,2026-05-22 10:28:50.715769
3136,170,5,6,3,0,1,1,9,5,1,11,3,0,D,1.1678947368421053,1.336578947368421,F1_laliga,2026-05-22 10:28:50.715783
3137,171,5,3,7,1,0,2,14,4,6,12,3,0,a,1.963684210526316,0.71,F1_laliga,2026-05-22 10:28:50.715838
3138,171,5,7,3,0,2,0,10,3,1,13,4,0,D,1.644736842105263,1.1352631578947368,F1_laliga,2026-05-22 10:28:50.715852
3139,172,5,3,14,1,1,1,11,3,5,10,2,0,d,1.963684210526316,0.71,F1_laliga,2026-05-22 10:28:50.715906
3140,172,5,14,3,0,1,1,5,3,4,11,1,0,D,1.5994736842105264,1.414736842105263,F1_laliga,2026-05-22 10:28:50.715920
3141,173,5,3,8,1,3,0,14,6,6,13,1,0,h,1.963684210526316,0.71,F1_laliga,2026-05-22 10:28:50.715975
3142,173,5,8,3,0,0,3,7,4,6,14,3,0,D,1.4507894736842106,1.4205263157894736,F1_laliga,2026-05-22 10:28:50.716013
3143,174,5,3,12,1,3,1,14,5,8,9,7,0,h,1.963684210526316,0.71,F1_laliga,2026-05-22 10:28:50.716080
3144,174,5,12,3,0,1,3,8,6,4,8,7,0,D,1.041842105263158,1.5213157894736842,F1_laliga,2026-05-22 10:28:50.716094
3145,175,5,3,1,1,1,2,17,2,5,10,3,0,h,1.963684210526316,0.71,F1_laliga,2026-05-22 10:28:50.716151
3146,175,5,1,3,0,2,1,7,4,6,18,1,0,D,1.0926315789473684,1.894736842105263,F1_laliga,2026-05-22 10:28:50.716165
3147,176,5,3,5,1,3,3,12,7,2,13,2,1,h,1.963684210526316,0.71,F1_laliga,2026-05-22 10:28:50.716221
3148,176,5,5,3,0,3,3,14,3,4,15,3,0,D,1.1597368421052632,1.6168421052631579,F1_laliga,2026-05-22 10:28:50.716234
3149,177,5,3,9,1,0,2,15,4,5,12,1,0,a,1.963684210526316,0.71,F1_laliga,2026-05-22 10:28:50.716297
3150,177,5,9,3,0,2,0,7,1,4,3,1,0,D,0.9805263157894736,1.6947368421052633,F1_laliga,2026-05-22 10:28:50.716312
3151,178,5,3,10,1,2,0,19,4,6,14,1,0,h,1.963684210526316,0.71,F1_laliga,2026-05-22 10:28:50.716370
3152,178,5,10,3,0,0,2,9,3,2,10,5,0,D,1.1321052631578947,1.6323684210526317,F1_laliga,2026-05-22 10:28:50.716410
3153,179,5,3,11,1,2,2,14,2,5,12,1,0,h,1.963684210526316,0.71,F1_laliga,2026-05-22 10:28:50.716478
3154,179,5,11,3,0,2,2,6,7,7,12,3,1,D,1.2015789473684209,1.5589473684210526,F1_laliga,2026-05-22 10:28:50.716492
3155,180,5,18,16,1,3,2,13,7,9,12,2,0,h,2.0526315789473686,0.77,F1_laliga,2026-05-22 10:28:50.716548
3156,180,5,16,18,0,2,3,8,4,2,9,0,0,D,2.1194736842105266,1.0357894736842106,F1_laliga,2026-05-22 10:28:50.716583
3157,181,5,18,4,1,1,1,14,0,5,8,3,0,d,2.0526315789473686,0.77,F1_laliga,2026-05-22 10:28:50.716651
3158,181,5,4,18,0,1,1,10,4,4,12,1,0,D,1.9928947368421053,0.9249999999999999,F1_laliga,2026-05-22 10:28:50.716666
3159,182,5,18,3,1,2,2,9,4,6,11,1,0,d,2.0526315789473686,0.77,F1_laliga,2026-05-22 10:28:50.716759
3160,182,5,3,18,0,2,2,8,5,9,10,3,0,D,1.963684210526316,0.71,F1_laliga,2026-05-22 10:28:50.716774
3161,183,5,18,17,1,2,2,12,3,11,10,2,1,a,2.0526315789473686,0.77,F1_laliga,2026-05-22 10:28:50.716835
3162,183,5,17,18,0,2,2,12,4,3,15,2,0,D,2.1294736842105264,1.0363157894736843,F1_laliga,2026-05-22 10:28:50.716875
3163,184,5,18,20,1,2,0,8,3,2,18,2,0,h,2.0526315789473686,0.77,F1_laliga,2026-05-22 10:28:50.716944
3164,184,5,20,18,0,0,2,11,0,1,17,1,0,D,2.0476315789473687,0.9468421052631578,F1_laliga,2026-05-22 10:28:50.716957
3165,185,5,18,2,1,1,2,16,4,3,7,3,0,h,2.0526315789473686,0.77,F1_laliga,2026-05-22 10:28:50.717014
3166,185,5,2,18,0,2,1,8,6,5,12,2,2,D,1.6063157894736841,1.2528947368421053,F1_laliga,2026-05-22 10:28:50.717027
3167,186,5,18,19,1,1,1,12,8,5,14,3,0,d,2.0526315789473686,0.77,F1_laliga,2026-05-22 10:28:50.717082
3168,186,5,19,18,0,1,1,7,5,4,8,2,0,D,1.7289473684210528,1.069736842105263,F1_laliga,2026-05-22 10:28:50.717137
3169,187,5,18,15,1,1,1,14,3,6,10,2,0,d,2.0526315789473686,0.77,F1_laliga,2026-05-22 10:28:50.717208
3170,187,5,15,18,0,1,1,9,3,0,13,2,0,D,1.5723684210526316,1.450263157894737,F1_laliga,2026-05-22 10:28:50.717222
3171,188,5,18,13,1,3,0,9,10,5,10,2,1,h,2.0526315789473686,0.77,F1_laliga,2026-05-22 10:28:50.717286
3172,188,5,13,18,0,0,3,9,4,2,11,7,0,D,1.6410526315789473,1.3692105263157894,F1_laliga,2026-05-22 10:28:50.717328
3173,189,5,18,6,1,1,1,14,3,2,18,0,0,d,2.0526315789473686,0.77,F1_laliga,2026-05-22 10:28:50.717398
3174,189,5,6,18,0,1,1,12,3,3,13,3,0,D,1.1678947368421053,1.336578947368421,F1_laliga,2026-05-22 10:28:50.717413
3175,190,5,18,7,1,1,0,15,4,5,15,4,0,a,2.0526315789473686,0.77,F1_laliga,2026-05-22 10:28:50.717469
3176,190,5,7,18,0,0,1,10,6,7,9,1,0,D,1.644736842105263,1.1352631578947368,F1_laliga,2026-05-22 10:28:50.717483
3177,191,5,18,14,1,0,0,13,3,5,13,2,0,a,2.0526315789473686,0.77,F1_laliga,2026-05-22 10:28:50.717537
3178,191,5,14,18,0,0,0,6,0,2,13,4,0,D,1.5994736842105264,1.414736842105263,F1_laliga,2026-05-22 10:28:50.717550
3179,192,5,18,8,1,5,2,14,3,2,19,0,0,a,2.0526315789473686,0.77,F1_laliga,2026-05-22 10:28:50.717639
3180,192,5,8,18,0,2,5,12,7,3,7,2,0,D,1.4507894736842106,1.4205263157894736,F1_laliga,2026-05-22 10:28:50.717654
3181,193,5,18,12,1,0,0,12,7,7,10,0,0,d,2.0526315789473686,0.77,F1_laliga,2026-05-22 10:28:50.717714
3182,193,5,12,18,0,0,0,10,6,2,3,1,0,D,1.041842105263158,1.5213157894736842,F1_laliga,2026-05-22 10:28:50.717753
3183,194,5,18,1,1,0,0,12,7,3,10,1,0,d,2.0526315789473686,0.77,F1_laliga,2026-05-22 10:28:50.717821
3184,194,5,1,18,0,0,0,7,5,2,11,0,0,D,1.0926315789473684,1.894736842105263,F1_laliga,2026-05-22 10:28:50.717834
3185,195,5,18,5,1,3,1,13,4,3,7,2,0,h,2.0526315789473686,0.77,F1_laliga,2026-05-22 10:28:50.717890
3186,195,5,5,18,0,1,3,10,3,4,13,0,0,D,1.1597368421052632,1.6168421052631579,F1_laliga,2026-05-22 10:28:50.717904
3187,196,5,18,9,1,4,0,11,4,6,19,2,0,h,2.0526315789473686,0.77,F1_laliga,2026-05-22 10:28:50.717994
3188,196,5,9,18,0,0,4,7,7,6,11,0,1,D,0.9805263157894736,1.6947368421052633,F1_laliga,2026-05-22 10:28:50.718009
3189,197,5,18,10,1,0,0,16,4,5,8,2,0,d,2.0526315789473686,0.77,F1_laliga,2026-05-22 10:28:50.718069
3190,197,5,10,18,0,0,0,13,2,5,10,2,0,D,1.1321052631578947,1.6323684210526317,F1_laliga,2026-05-22 10:28:50.718083
3191,198,5,18,11,1,3,1,10,3,5,8,5,0,h,2.0526315789473686,0.77,F1_laliga,2026-05-22 10:28:50.718139
3192,198,5,11,18,0,1,3,8,3,2,15,0,0,D,1.2015789473684209,1.5589473684210526,F1_laliga,2026-05-22 10:28:50.718182
3193,199,5,17,16,1,1,1,14,6,4,7,4,0,d,2.1294736842105264,1.0363157894736843,F1_laliga,2026-05-22 10:28:50.718254
3194,199,5,16,17,0,1,1,9,3,3,12,1,0,D,2.1194736842105266,1.0357894736842106,F1_laliga,2026-05-22 10:28:50.718268
3195,200,5,17,4,1,3,1,21,3,3,12,1,0,h,2.1294736842105264,1.0363157894736843,F1_laliga,2026-05-22 10:28:50.718336
3196,200,5,4,17,0,1,3,8,6,6,11,4,0,D,1.9928947368421053,0.9249999999999999,F1_laliga,2026-05-22 10:28:50.718351
3197,201,5,17,3,1,1,1,10,4,5,13,2,0,h,2.1294736842105264,1.0363157894736843,F1_laliga,2026-05-22 10:28:50.718408
3198,201,5,3,17,0,1,1,13,3,2,13,3,0,D,1.963684210526316,0.71,F1_laliga,2026-05-22 10:28:50.718422
3199,202,5,17,18,1,4,0,11,3,4,17,0,0,h,2.1294736842105264,1.0363157894736843,F1_laliga,2026-05-22 10:28:50.718478
3200,202,5,18,17,0,0,4,3,2,4,12,3,0,D,2.0526315789473686,0.77,F1_laliga,2026-05-22 10:28:50.718491
3201,203,5,17,20,1,0,0,8,7,4,18,5,0,d,2.1294736842105264,1.0363157894736843,F1_laliga,2026-05-22 10:28:50.718547
3202,203,5,20,17,0,0,0,7,4,1,8,1,0,D,2.0476315789473687,0.9468421052631578,F1_laliga,2026-05-22 10:28:50.718606
3203,204,5,17,2,1,1,1,14,6,3,12,2,0,d,2.1294736842105264,1.0363157894736843,F1_laliga,2026-05-22 10:28:50.718675
3204,204,5,2,17,0,1,1,8,3,2,11,4,1,D,1.6063157894736841,1.2528947368421053,F1_laliga,2026-05-22 10:28:50.718689
3205,164,5,17,19,1,3,1,13,2,4,9,0,0,h,2.1294736842105264,1.0363157894736843,F1_laliga,2026-05-22 10:28:50.718746
3206,164,5,19,17,0,1,3,13,5,6,14,2,0,D,1.7289473684210528,1.069736842105263,F1_laliga,2026-05-22 10:28:50.718760
3207,165,5,17,15,1,0,1,9,4,4,9,0,0,h,2.1294736842105264,1.0363157894736843,F1_laliga,2026-05-22 10:28:50.718816
3208,165,5,15,17,0,1,0,6,6,6,15,3,0,D,1.5723684210526316,1.450263157894737,F1_laliga,2026-05-22 10:28:50.718830
3209,166,5,17,13,1,0,2,12,5,4,13,2,0,a,2.1294736842105264,1.0363157894736843,F1_laliga,2026-05-22 10:28:50.718886
3210,166,5,13,17,0,2,0,5,5,5,14,1,0,D,1.6410526315789473,1.3692105263157894,F1_laliga,2026-05-22 10:28:50.718899
3211,167,5,17,6,1,3,1,8,5,7,6,4,0,a,2.1294736842105264,1.0363157894736843,F1_laliga,2026-05-22 10:28:50.718989
3212,167,5,6,17,0,1,3,10,3,4,10,1,0,D,1.1678947368421053,1.336578947368421,F1_laliga,2026-05-22 10:28:50.719031
3213,168,5,17,7,1,1,1,8,7,4,16,2,0,h,2.1294736842105264,1.0363157894736843,F1_laliga,2026-05-22 10:28:50.719123
3214,168,5,7,17,0,1,1,8,8,2,11,0,0,D,1.644736842105263,1.1352631578947368,F1_laliga,2026-05-22 10:28:50.719138
3215,169,5,17,14,1,4,2,13,7,11,10,3,1,h,2.1294736842105264,1.0363157894736843,F1_laliga,2026-05-22 10:28:50.719196
3216,169,5,14,17,0,2,4,9,6,1,11,4,0,D,1.5994736842105264,1.414736842105263,F1_laliga,2026-05-22 10:28:50.719209
3217,170,5,17,8,1,2,0,10,7,7,11,1,0,h,2.1294736842105264,1.0363157894736843,F1_laliga,2026-05-22 10:28:50.719265
3218,170,5,8,17,0,0,2,13,2,7,5,7,0,D,1.4507894736842106,1.4205263157894736,F1_laliga,2026-05-22 10:28:50.719284
3219,171,5,17,12,1,2,0,12,5,8,8,0,0,h,2.1294736842105264,1.0363157894736843,F1_laliga,2026-05-22 10:28:50.719344
3220,171,5,12,17,0,0,2,9,2,1,15,0,0,D,1.041842105263158,1.5213157894736842,F1_laliga,2026-05-22 10:28:50.719358
3221,172,5,17,1,1,0,5,15,12,4,16,1,0,a,2.1294736842105264,1.0363157894736843,F1_laliga,2026-05-22 10:28:50.719413
3222,172,5,1,17,0,5,0,15,7,5,15,0,0,D,1.0926315789473684,1.894736842105263,F1_laliga,2026-05-22 10:28:50.719473
3223,173,5,17,5,1,1,2,19,1,7,6,1,1,h,2.1294736842105264,1.0363157894736843,F1_laliga,2026-05-22 10:28:50.719543
3224,173,5,5,17,0,2,1,7,5,4,13,2,0,D,1.1597368421052632,1.6168421052631579,F1_laliga,2026-05-22 10:28:50.719579
3225,174,5,17,9,1,3,1,12,9,6,12,1,0,h,2.1294736842105264,1.0363157894736843,F1_laliga,2026-05-22 10:28:50.719648
3226,174,5,9,17,0,1,3,8,6,3,8,2,0,D,0.9805263157894736,1.6947368421052633,F1_laliga,2026-05-22 10:28:50.719662
3227,175,5,17,10,1,2,1,15,4,8,11,3,0,h,2.1294736842105264,1.0363157894736843,F1_laliga,2026-05-22 10:28:50.719720
3228,175,5,10,17,0,1,2,11,4,8,15,0,0,D,1.1321052631578947,1.6323684210526317,F1_laliga,2026-05-22 10:28:50.719734
3229,176,5,17,11,1,0,0,10,2,6,8,2,0,a,2.1294736842105264,1.0363157894736843,F1_laliga,2026-05-22 10:28:50.719788
3230,176,5,11,17,0,0,0,16,4,3,9,1,0,D,1.2015789473684209,1.5589473684210526,F1_laliga,2026-05-22 10:28:50.719802
3231,177,5,20,16,1,0,0,5,10,10,15,1,0,d,2.0476315789473687,0.9468421052631578,F1_laliga,2026-05-22 10:28:50.719856
3232,177,5,16,20,0,0,0,10,4,6,12,0,1,D,2.1194736842105266,1.0357894736842106,F1_laliga,2026-05-22 10:28:50.719897
3233,178,5,20,4,1,0,0,11,2,6,9,2,0,a,2.0476315789473687,0.9468421052631578,F1_laliga,2026-05-22 10:28:50.719965
3234,178,5,4,20,0,0,0,6,5,5,15,0,0,D,1.9928947368421053,0.9249999999999999,F1_laliga,2026-05-22 10:28:50.719979
3235,179,5,20,3,1,4,2,15,10,6,7,1,0,h,2.0476315789473687,0.9468421052631578,F1_laliga,2026-05-22 10:28:50.720036
3236,179,5,3,20,0,2,4,11,3,9,11,0,1,D,1.963684210526316,0.71,F1_laliga,2026-05-22 10:28:50.720049
3237,180,5,20,18,1,0,1,11,2,6,13,5,0,h,2.0476315789473687,0.9468421052631578,F1_laliga,2026-05-22 10:28:50.720104
3238,180,5,18,20,0,1,0,10,5,3,12,2,0,D,2.0526315789473686,0.77,F1_laliga,2026-05-22 10:28:50.720117
3239,181,5,20,17,1,0,1,18,10,5,10,3,0,a,2.0476315789473687,0.9468421052631578,F1_laliga,2026-05-22 10:28:50.720205
3240,181,5,17,20,0,1,0,11,4,1,14,1,0,D,2.1294736842105264,1.0363157894736843,F1_laliga,2026-05-22 10:28:50.720229
3241,182,5,20,2,1,1,1,7,9,4,15,2,0,h,2.0476315789473687,0.9468421052631578,F1_laliga,2026-05-22 10:28:50.720303
3242,182,5,2,20,0,1,1,10,2,4,12,1,0,D,1.6063157894736841,1.2528947368421053,F1_laliga,2026-05-22 10:28:50.720344
3243,183,5,20,19,1,0,0,11,10,6,12,2,0,d,2.0476315789473687,0.9468421052631578,F1_laliga,2026-05-22 10:28:50.720413
3244,183,5,19,20,0,0,0,14,7,4,8,1,0,D,1.7289473684210528,1.069736842105263,F1_laliga,2026-05-22 10:28:50.720427
3245,184,5,20,15,1,1,2,13,3,5,10,4,0,a,2.0476315789473687,0.9468421052631578,F1_laliga,2026-05-22 10:28:50.720483
3246,184,5,15,20,0,2,1,18,1,4,15,1,0,D,1.5723684210526316,1.450263157894737,F1_laliga,2026-05-22 10:28:50.720496
3247,185,5,20,13,1,0,0,12,0,6,12,3,0,d,2.0476315789473687,0.9468421052631578,F1_laliga,2026-05-22 10:28:50.720568
3248,185,5,13,20,0,0,0,13,0,6,8,3,0,D,1.6410526315789473,1.3692105263157894,F1_laliga,2026-05-22 10:28:50.720588
3249,186,5,20,6,1,0,0,14,5,6,14,3,0,d,2.0476315789473687,0.9468421052631578,F1_laliga,2026-05-22 10:28:50.720654
3250,186,5,6,20,0,0,0,14,8,1,10,2,1,D,1.1678947368421053,1.336578947368421,F1_laliga,2026-05-22 10:28:50.720668
3251,187,5,20,7,1,5,2,12,7,4,9,1,0,h,2.0476315789473687,0.9468421052631578,F1_laliga,2026-05-22 10:28:50.720760
3252,187,5,7,20,0,2,5,8,4,8,17,2,0,D,1.644736842105263,1.1352631578947368,F1_laliga,2026-05-22 10:28:50.720801
3253,188,5,20,14,1,1,1,11,3,5,11,2,1,h,2.0476315789473687,0.9468421052631578,F1_laliga,2026-05-22 10:28:50.720870
3254,188,5,14,20,0,1,1,17,4,1,10,1,0,D,1.5994736842105264,1.414736842105263,F1_laliga,2026-05-22 10:28:50.720885
3255,189,5,20,8,1,1,1,14,5,5,17,3,0,d,2.0476315789473687,0.9468421052631578,F1_laliga,2026-05-22 10:28:50.720944
3256,189,5,8,20,0,1,1,10,7,5,6,1,0,D,1.4507894736842106,1.4205263157894736,F1_laliga,2026-05-22 10:28:50.720957
3257,190,5,20,12,1,0,0,15,5,3,12,4,0,h,2.0476315789473687,0.9468421052631578,F1_laliga,2026-05-22 10:28:50.721014
3258,190,5,12,20,0,0,0,7,2,3,17,5,0,D,1.041842105263158,1.5213157894736842,F1_laliga,2026-05-22 10:28:50.721028
3259,191,5,20,1,1,1,3,9,3,7,7,4,0,h,2.0476315789473687,0.9468421052631578,F1_laliga,2026-05-22 10:28:50.721083
3260,191,5,1,20,0,3,1,7,2,3,12,2,0,D,1.0926315789473684,1.894736842105263,F1_laliga,2026-05-22 10:28:50.721096
3261,192,5,20,5,1,1,0,18,5,5,9,1,0,h,2.0476315789473687,0.9468421052631578,F1_laliga,2026-05-22 10:28:50.721183
3262,192,5,5,20,0,0,1,5,3,2,13,4,0,D,1.1597368421052632,1.6168421052631579,F1_laliga,2026-05-22 10:28:50.721226
3263,193,5,20,9,1,1,2,13,3,3,14,2,0,h,2.0476315789473687,0.9468421052631578,F1_laliga,2026-05-22 10:28:50.721303
3264,193,5,9,20,0,2,1,6,1,3,12,4,0,D,0.9805263157894736,1.6947368421052633,F1_laliga,2026-05-22 10:28:50.721317
3265,194,5,20,10,1,1,2,14,7,7,12,4,0,a,2.0476315789473687,0.9468421052631578,F1_laliga,2026-05-22 10:28:50.721379
3266,194,5,10,20,0,2,1,6,2,2,15,5,0,D,1.1321052631578947,1.6323684210526317,F1_laliga,2026-05-22 10:28:50.721393
3267,195,5,20,11,1,1,2,10,2,3,8,2,0,h,2.0476315789473687,0.9468421052631578,F1_laliga,2026-05-22 10:28:50.721449
3268,195,5,11,20,0,2,1,7,6,0,13,2,0,D,1.2015789473684209,1.5589473684210526,F1_laliga,2026-05-22 10:28:50.721463
3269,196,5,2,16,1,0,0,18,4,3,16,3,0,d,1.6063157894736841,1.2528947368421053,F1_laliga,2026-05-22 10:28:50.721531
3270,196,5,16,2,0,0,0,13,2,2,12,3,0,D,2.1194736842105266,1.0357894736842106,F1_laliga,2026-05-22 10:28:50.721576
3271,197,5,2,4,1,0,0,12,4,7,14,3,0,d,1.6063157894736841,1.2528947368421053,F1_laliga,2026-05-22 10:28:50.721667
3272,197,5,4,2,0,0,0,8,1,4,13,2,0,D,1.9928947368421053,0.9249999999999999,F1_laliga,2026-05-22 10:28:50.721716
3273,198,5,2,3,1,1,1,17,7,8,15,2,0,d,1.6063157894736841,1.2528947368421053,F1_laliga,2026-05-22 10:28:50.721790
3274,198,5,3,2,0,1,1,5,6,3,11,4,0,D,1.963684210526316,0.71,F1_laliga,2026-05-22 10:28:50.721805
3275,199,5,2,18,1,0,2,13,4,6,13,2,0,a,1.6063157894736841,1.2528947368421053,F1_laliga,2026-05-22 10:28:50.721864
3276,199,5,18,2,0,2,0,12,5,5,11,3,0,D,2.0526315789473686,0.77,F1_laliga,2026-05-22 10:28:50.721877
3277,200,5,2,17,1,2,2,12,3,6,11,1,1,d,1.6063157894736841,1.2528947368421053,F1_laliga,2026-05-22 10:28:50.721934
3278,200,5,17,2,0,2,2,6,3,1,12,4,0,D,2.1294736842105264,1.0363157894736843,F1_laliga,2026-05-22 10:28:50.721947
3279,201,5,2,20,1,2,2,14,6,6,18,2,1,d,1.6063157894736841,1.2528947368421053,F1_laliga,2026-05-22 10:28:50.722002
3280,201,5,20,2,0,2,2,12,4,5,8,0,0,D,2.0476315789473687,0.9468421052631578,F1_laliga,2026-05-22 10:28:50.722015
3281,202,5,2,19,1,0,3,8,10,10,7,3,0,a,1.6063157894736841,1.2528947368421053,F1_laliga,2026-05-22 10:28:50.722070
3282,202,5,19,2,0,3,0,7,1,7,7,4,0,D,1.7289473684210528,1.069736842105263,F1_laliga,2026-05-22 10:28:50.722112
3283,203,5,2,15,1,0,0,15,5,4,15,2,0,d,1.6063157894736841,1.2528947368421053,F1_laliga,2026-05-22 10:28:50.722183
3284,203,5,15,2,0,0,0,10,6,7,10,4,0,D,1.5723684210526316,1.450263157894737,F1_laliga,2026-05-22 10:28:50.722197
3285,204,5,2,13,1,1,1,11,8,2,10,0,0,h,1.6063157894736841,1.2528947368421053,F1_laliga,2026-05-22 10:28:50.722254
3286,204,5,13,2,0,1,1,14,6,7,9,1,0,D,1.6410526315789473,1.3692105263157894,F1_laliga,2026-05-22 10:28:50.722268
3287,164,5,2,6,1,3,0,12,4,9,12,2,0,h,1.6063157894736841,1.2528947368421053,F1_laliga,2026-05-22 10:28:50.722334
3288,164,5,6,2,0,0,3,11,3,5,13,2,0,D,1.1678947368421053,1.336578947368421,F1_laliga,2026-05-22 10:28:50.722348
3289,165,5,2,7,1,1,1,8,3,5,14,4,0,a,1.6063157894736841,1.2528947368421053,F1_laliga,2026-05-22 10:28:50.722405
3290,165,5,7,2,0,1,1,14,3,6,14,3,0,D,1.644736842105263,1.1352631578947368,F1_laliga,2026-05-22 10:28:50.722418
3291,166,5,2,14,1,1,0,9,3,5,9,0,1,h,1.6063157894736841,1.2528947368421053,F1_laliga,2026-05-22 10:28:50.722474
3292,166,5,14,2,0,0,1,3,1,4,19,2,0,D,1.5994736842105264,1.414736842105263,F1_laliga,2026-05-22 10:28:50.722515
3293,167,5,2,8,1,2,2,13,4,3,6,0,0,d,1.6063157894736841,1.2528947368421053,F1_laliga,2026-05-22 10:28:50.722606
3294,167,5,8,2,0,2,2,7,6,2,16,4,0,D,1.4507894736842106,1.4205263157894736,F1_laliga,2026-05-22 10:28:50.722621
3295,168,5,2,12,1,2,3,16,6,4,11,2,0,a,1.6063157894736841,1.2528947368421053,F1_laliga,2026-05-22 10:28:50.722687
3296,168,5,12,2,0,3,2,8,7,5,14,1,0,D,1.041842105263158,1.5213157894736842,F1_laliga,2026-05-22 10:28:50.722700
3297,169,5,2,1,1,2,1,21,4,5,8,1,0,h,1.6063157894736841,1.2528947368421053,F1_laliga,2026-05-22 10:28:50.722758
3298,169,5,1,2,0,1,2,10,5,5,9,1,0,D,1.0926315789473684,1.894736842105263,F1_laliga,2026-05-22 10:28:50.722772
3299,170,5,2,5,1,4,2,16,5,3,15,2,0,h,1.6063157894736841,1.2528947368421053,F1_laliga,2026-05-22 10:28:50.722827
3300,170,5,5,2,0,2,4,9,1,2,8,4,0,D,1.1597368421052632,1.6168421052631579,F1_laliga,2026-05-22 10:28:50.722840
3301,171,5,2,9,1,4,2,17,6,2,13,2,0,h,1.6063157894736841,1.2528947368421053,F1_laliga,2026-05-22 10:28:50.722894
3302,171,5,9,2,0,2,4,11,7,5,8,3,0,D,0.9805263157894736,1.6947368421052633,F1_laliga,2026-05-22 10:28:50.722937
3303,172,5,2,10,1,4,1,11,4,5,13,0,0,h,1.6063157894736841,1.2528947368421053,F1_laliga,2026-05-22 10:28:50.723007
3304,172,5,10,2,0,1,4,10,6,8,6,5,0,D,1.1321052631578947,1.6323684210526317,F1_laliga,2026-05-22 10:28:50.723021
3305,173,5,2,11,1,0,0,15,8,3,10,1,0,d,1.6063157894736841,1.2528947368421053,F1_laliga,2026-05-22 10:28:50.723078
3306,173,5,11,2,0,0,0,11,1,4,18,2,0,D,1.2015789473684209,1.5589473684210526,F1_laliga,2026-05-22 10:28:50.723092
3307,174,5,19,16,1,0,3,17,4,3,14,2,0,a,1.7289473684210528,1.069736842105263,F1_laliga,2026-05-22 10:28:50.723148
3308,174,5,16,19,0,3,0,11,6,6,15,2,0,D,2.1194736842105266,1.0357894736842106,F1_laliga,2026-05-22 10:28:50.723162
3309,175,5,19,4,1,0,2,16,7,3,14,2,0,a,1.7289473684210528,1.069736842105263,F1_laliga,2026-05-22 10:28:50.723217
3310,175,5,4,19,0,2,0,12,1,4,10,3,0,D,1.9928947368421053,0.9249999999999999,F1_laliga,2026-05-22 10:28:50.723231
3311,176,5,19,3,1,1,0,9,7,4,21,1,0,h,1.7289473684210528,1.069736842105263,F1_laliga,2026-05-22 10:28:50.723319
3312,176,5,3,19,0,0,1,9,4,4,12,3,0,D,1.963684210526316,0.71,F1_laliga,2026-05-22 10:28:50.723361
3313,177,5,19,18,1,0,3,14,4,4,5,1,1,a,1.7289473684210528,1.069736842105263,F1_laliga,2026-05-22 10:28:50.723431
3314,177,5,18,19,0,3,0,7,2,2,11,0,0,D,2.0526315789473686,0.77,F1_laliga,2026-05-22 10:28:50.723471
3315,178,5,19,17,1,2,2,12,2,5,12,3,0,d,1.7289473684210528,1.069736842105263,F1_laliga,2026-05-22 10:28:50.723585
3316,178,5,17,19,0,2,2,6,3,4,10,5,0,D,2.1294736842105264,1.0363157894736843,F1_laliga,2026-05-22 10:28:50.723600
3317,179,5,19,20,1,0,1,13,5,4,14,1,1,a,1.7289473684210528,1.069736842105263,F1_laliga,2026-05-22 10:28:50.723670
3318,179,5,20,19,0,1,0,14,5,2,11,1,1,D,2.0476315789473687,0.9468421052631578,F1_laliga,2026-05-22 10:28:50.723683
3319,180,5,19,2,1,1,1,13,4,2,13,0,0,d,1.7289473684210528,1.069736842105263,F1_laliga,2026-05-22 10:28:50.723741
3320,180,5,2,19,0,1,1,12,1,4,6,1,0,D,1.6063157894736841,1.2528947368421053,F1_laliga,2026-05-22 10:28:50.723755
3321,181,5,19,15,1,1,0,11,3,3,17,1,0,h,1.7289473684210528,1.069736842105263,F1_laliga,2026-05-22 10:28:50.723812
3322,181,5,15,19,0,0,1,10,1,3,14,5,0,D,1.5723684210526316,1.450263157894737,F1_laliga,2026-05-22 10:28:50.723855
3323,182,5,19,13,1,0,0,12,4,1,18,0,0,d,1.7289473684210528,1.069736842105263,F1_laliga,2026-05-22 10:28:50.723924
3324,182,5,13,19,0,0,0,7,8,4,7,3,0,D,1.6410526315789473,1.3692105263157894,F1_laliga,2026-05-22 10:28:50.723938
3325,183,5,19,6,1,2,0,8,6,4,11,1,0,h,1.7289473684210528,1.069736842105263,F1_laliga,2026-05-22 10:28:50.724020
3326,183,5,6,19,0,0,2,16,4,2,17,4,0,D,1.1678947368421053,1.336578947368421,F1_laliga,2026-05-22 10:28:50.724035
3327,184,5,19,7,1,1,1,9,3,2,13,1,0,h,1.7289473684210528,1.069736842105263,F1_laliga,2026-05-22 10:28:50.724096
3328,184,5,7,19,0,1,1,9,2,0,15,0,0,D,1.644736842105263,1.1352631578947368,F1_laliga,2026-05-22 10:28:50.724109
3329,185,5,19,14,1,4,4,9,6,5,12,3,0,h,1.7289473684210528,1.069736842105263,F1_laliga,2026-05-22 10:28:50.724165
3330,185,5,14,19,0,4,4,11,1,2,12,2,0,D,1.5994736842105264,1.414736842105263,F1_laliga,2026-05-22 10:28:50.724178
3331,186,5,19,8,1,1,0,13,5,8,13,1,0,h,1.7289473684210528,1.069736842105263,F1_laliga,2026-05-22 10:28:50.724232
3332,186,5,8,19,0,0,1,5,3,11,13,1,0,D,1.4507894736842106,1.4205263157894736,F1_laliga,2026-05-22 10:28:50.724282
3333,187,5,19,12,1,2,0,21,6,5,9,2,0,h,1.7289473684210528,1.069736842105263,F1_laliga,2026-05-22 10:28:50.724352
3334,187,5,12,19,0,0,2,11,3,2,6,6,0,D,1.041842105263158,1.5213157894736842,F1_laliga,2026-05-22 10:28:50.724365
3335,188,5,19,1,1,2,1,14,6,4,14,2,0,h,1.7289473684210528,1.069736842105263,F1_laliga,2026-05-22 10:28:50.724423
3336,188,5,1,19,0,1,2,14,5,5,5,1,1,D,1.0926315789473684,1.894736842105263,F1_laliga,2026-05-22 10:28:50.724437
3337,189,5,19,5,1,0,0,13,5,6,8,2,1,d,1.7289473684210528,1.069736842105263,F1_laliga,2026-05-22 10:28:50.724492
3338,189,5,5,19,0,0,0,13,4,3,13,3,0,D,1.1597368421052632,1.6168421052631579,F1_laliga,2026-05-22 10:28:50.724505
3339,190,5,19,9,1,2,0,14,4,4,7,6,0,h,1.7289473684210528,1.069736842105263,F1_laliga,2026-05-22 10:28:50.724583
3340,190,5,9,19,0,0,2,11,4,6,9,0,0,D,0.9805263157894736,1.6947368421052633,F1_laliga,2026-05-22 10:28:50.724599
3341,191,5,19,10,1,2,0,12,5,6,15,2,0,h,1.7289473684210528,1.069736842105263,F1_laliga,2026-05-22 10:28:50.724695
3342,191,5,10,19,0,0,2,14,2,4,15,1,0,D,1.1321052631578947,1.6323684210526317,F1_laliga,2026-05-22 10:28:50.724735
3343,192,5,19,11,1,1,1,12,3,4,11,2,0,a,1.7289473684210528,1.069736842105263,F1_laliga,2026-05-22 10:28:50.724805
3344,192,5,11,19,0,1,1,12,3,6,9,1,1,D,1.2015789473684209,1.5589473684210526,F1_laliga,2026-05-22 10:28:50.724819
3345,193,5,15,16,1,0,4,10,2,4,8,1,0,a,1.5723684210526316,1.450263157894737,F1_laliga,2026-05-22 10:28:50.724876
3346,193,5,16,15,0,4,0,8,3,5,13,2,0,D,2.1194736842105266,1.0357894736842106,F1_laliga,2026-05-22 10:28:50.724890
3347,194,5,15,4,1,3,3,10,1,5,15,1,0,d,1.5723684210526316,1.450263157894737,F1_laliga,2026-05-22 10:28:50.724947
3348,194,5,4,15,0,3,3,12,2,9,14,0,0,D,1.9928947368421053,0.9249999999999999,F1_laliga,2026-05-22 10:28:50.724962
3349,195,5,15,3,1,2,1,13,4,4,16,3,0,a,1.5723684210526316,1.450263157894737,F1_laliga,2026-05-22 10:28:50.725017
3350,195,5,3,15,0,1,2,8,5,7,9,1,0,D,1.963684210526316,0.71,F1_laliga,2026-05-22 10:28:50.725031
3351,196,5,15,18,1,3,1,15,5,4,13,2,0,h,1.5723684210526316,1.450263157894737,F1_laliga,2026-05-22 10:28:50.725086
3352,196,5,18,15,0,1,3,10,2,6,16,1,0,D,2.0526315789473686,0.77,F1_laliga,2026-05-22 10:28:50.725124
3353,197,5,15,17,1,2,2,11,6,5,10,1,0,a,1.5723684210526316,1.450263157894737,F1_laliga,2026-05-22 10:28:50.725192
3354,197,5,17,15,0,2,2,8,3,6,10,3,1,D,2.1294736842105264,1.0363157894736843,F1_laliga,2026-05-22 10:28:50.725206
3355,198,5,15,20,1,2,0,9,7,5,9,1,0,h,1.5723684210526316,1.450263157894737,F1_laliga,2026-05-22 10:28:50.725263
3356,198,5,20,15,0,0,2,12,4,11,10,3,0,D,2.0476315789473687,0.9468421052631578,F1_laliga,2026-05-22 10:28:50.725282
3357,199,5,15,2,1,2,2,19,4,7,8,0,0,d,1.5723684210526316,1.450263157894737,F1_laliga,2026-05-22 10:28:50.725344
3358,199,5,2,15,0,2,2,14,5,3,10,1,0,D,1.6063157894736841,1.2528947368421053,F1_laliga,2026-05-22 10:28:50.725357
3359,200,5,15,19,1,0,3,13,4,1,11,2,0,h,1.5723684210526316,1.450263157894737,F1_laliga,2026-05-22 10:28:50.725413
3360,200,5,19,15,0,3,0,8,3,3,16,2,0,D,1.7289473684210528,1.069736842105263,F1_laliga,2026-05-22 10:28:50.725426
3361,201,5,15,13,1,4,1,13,4,4,12,3,0,h,1.5723684210526316,1.450263157894737,F1_laliga,2026-05-22 10:28:50.725481
3362,201,5,13,15,0,1,4,18,0,2,12,3,0,D,1.6410526315789473,1.3692105263157894,F1_laliga,2026-05-22 10:28:50.725521
3363,202,5,15,6,1,3,0,20,6,5,9,4,0,h,1.5723684210526316,1.450263157894737,F1_laliga,2026-05-22 10:28:50.725622
3364,202,5,6,15,0,0,3,3,1,4,11,3,0,D,1.1678947368421053,1.336578947368421,F1_laliga,2026-05-22 10:28:50.725638
3365,203,5,15,7,1,2,4,19,4,5,14,0,0,a,1.5723684210526316,1.450263157894737,F1_laliga,2026-05-22 10:28:50.725699
3366,203,5,7,15,0,4,2,11,4,5,12,2,0,D,1.644736842105263,1.1352631578947368,F1_laliga,2026-05-22 10:28:50.725714
3367,204,5,15,14,1,1,2,11,4,4,10,2,0,a,1.5723684210526316,1.450263157894737,F1_laliga,2026-05-22 10:28:50.725771
3368,204,5,14,15,0,2,1,12,5,4,15,3,0,D,1.5994736842105264,1.414736842105263,F1_laliga,2026-05-22 10:28:50.725785
3369,164,5,15,8,1,0,0,8,8,6,14,2,1,a,1.5723684210526316,1.450263157894737,F1_laliga,2026-05-22 10:28:50.725840
3370,164,5,8,15,0,0,0,17,1,3,7,3,0,D,1.4507894736842106,1.4205263157894736,F1_laliga,2026-05-22 10:28:50.725854
3371,165,5,15,12,1,3,1,13,9,6,6,2,0,h,1.5723684210526316,1.450263157894737,F1_laliga,2026-05-22 10:28:50.725909
3372,165,5,12,15,0,1,3,8,6,3,11,7,0,D,1.041842105263158,1.5213157894736842,F1_laliga,2026-05-22 10:28:50.725949
3373,166,5,15,1,1,0,3,15,5,14,7,1,0,a,1.5723684210526316,1.450263157894737,F1_laliga,2026-05-22 10:28:50.726017
3374,166,5,1,15,0,3,0,9,7,4,15,2,1,D,1.0926315789473684,1.894736842105263,F1_laliga,2026-05-22 10:28:50.726030
3375,167,5,15,5,1,4,0,21,5,2,11,0,0,h,1.5723684210526316,1.450263157894737,F1_laliga,2026-05-22 10:28:50.726087
3376,167,5,5,15,0,0,4,9,5,2,8,3,0,D,1.1597368421052632,1.6168421052631579,F1_laliga,2026-05-22 10:28:50.726101
3377,168,5,15,9,1,0,2,14,3,1,10,0,0,a,1.5723684210526316,1.450263157894737,F1_laliga,2026-05-22 10:28:50.726191
3378,168,5,9,15,0,2,0,10,5,2,9,1,0,D,0.9805263157894736,1.6947368421052633,F1_laliga,2026-05-22 10:28:50.726205
3379,169,5,15,10,1,4,1,20,4,4,11,2,0,h,1.5723684210526316,1.450263157894737,F1_laliga,2026-05-22 10:28:50.726316
3380,169,5,10,15,0,1,4,7,1,2,7,1,0,D,1.1321052631578947,1.6323684210526317,F1_laliga,2026-05-22 10:28:50.726332
3381,170,5,15,11,1,0,0,13,3,4,13,5,0,d,1.5723684210526316,1.450263157894737,F1_laliga,2026-05-22 10:28:50.726406
3382,170,5,11,15,0,0,0,15,5,8,18,1,0,D,1.2015789473684209,1.5589473684210526,F1_laliga,2026-05-22 10:28:50.726449
3383,171,5,13,16,1,0,2,13,3,8,6,4,0,a,1.6410526315789473,1.3692105263157894,F1_laliga,2026-05-22 10:28:50.726518
3384,171,5,16,13,0,2,0,4,1,3,15,2,0,D,2.1194736842105266,1.0357894736842106,F1_laliga,2026-05-22 10:28:50.726532
3385,172,5,13,4,1,1,0,14,6,3,13,1,0,h,1.6410526315789473,1.3692105263157894,F1_laliga,2026-05-22 10:28:50.726616
3386,172,5,4,13,0,0,1,7,7,2,14,1,0,D,1.9928947368421053,0.9249999999999999,F1_laliga,2026-05-22 10:28:50.726631
3387,173,5,13,3,1,1,2,8,4,3,9,3,0,h,1.6410526315789473,1.3692105263157894,F1_laliga,2026-05-22 10:28:50.726693
3388,173,5,3,13,0,2,1,6,6,3,11,5,0,D,1.963684210526316,0.71,F1_laliga,2026-05-22 10:28:50.726707
3389,174,5,13,18,1,3,1,16,5,5,3,0,0,h,1.6410526315789473,1.3692105263157894,F1_laliga,2026-05-22 10:28:50.726763
3390,174,5,18,13,0,1,3,10,3,5,17,1,0,D,2.0526315789473686,0.77,F1_laliga,2026-05-22 10:28:50.726776
3391,175,5,13,17,1,0,2,10,5,4,19,2,0,a,1.6410526315789473,1.3692105263157894,F1_laliga,2026-05-22 10:28:50.726833
3392,175,5,17,13,0,2,0,12,2,1,12,0,0,D,2.1294736842105264,1.0363157894736843,F1_laliga,2026-05-22 10:28:50.726874
3393,176,5,13,20,1,2,2,12,7,4,14,2,0,d,1.6410526315789473,1.3692105263157894,F1_laliga,2026-05-22 10:28:50.726943
3394,176,5,20,13,0,2,2,8,2,3,21,0,1,D,2.0476315789473687,0.9468421052631578,F1_laliga,2026-05-22 10:28:50.726957
3395,177,5,13,2,1,0,2,13,3,7,16,2,0,h,1.6410526315789473,1.3692105263157894,F1_laliga,2026-05-22 10:28:50.727014
3396,177,5,2,13,0,2,0,12,7,3,10,3,0,D,1.6063157894736841,1.2528947368421053,F1_laliga,2026-05-22 10:28:50.727027
3397,178,5,13,19,1,0,0,15,3,4,14,1,0,h,1.6410526315789473,1.3692105263157894,F1_laliga,2026-05-22 10:28:50.727083
3398,178,5,19,13,0,0,0,12,5,5,13,2,0,D,1.7289473684210528,1.069736842105263,F1_laliga,2026-05-22 10:28:50.727097
3399,179,5,13,15,1,2,2,16,4,9,10,0,0,d,1.6410526315789473,1.3692105263157894,F1_laliga,2026-05-22 10:28:50.727151
3400,179,5,15,13,0,2,2,7,5,2,16,2,0,D,1.5723684210526316,1.450263157894737,F1_laliga,2026-05-22 10:28:50.727165
3401,180,5,13,6,1,3,0,12,7,6,20,2,0,h,1.6410526315789473,1.3692105263157894,F1_laliga,2026-05-22 10:28:50.727219
3402,180,5,6,13,0,0,3,11,6,4,8,4,0,D,1.1678947368421053,1.336578947368421,F1_laliga,2026-05-22 10:28:50.727258
3403,181,5,13,7,1,2,0,11,3,5,10,4,0,h,1.6410526315789473,1.3692105263157894,F1_laliga,2026-05-22 10:28:50.727331
3404,181,5,7,13,0,0,2,11,5,2,9,2,0,D,1.644736842105263,1.1352631578947368,F1_laliga,2026-05-22 10:28:50.727346
3405,182,5,13,14,1,2,0,17,6,1,14,1,0,h,1.6410526315789473,1.3692105263157894,F1_laliga,2026-05-22 10:28:50.727402
3406,182,5,14,13,0,0,2,9,2,4,11,3,2,D,1.5994736842105264,1.414736842105263,F1_laliga,2026-05-22 10:28:50.727416
3407,183,5,13,8,1,1,0,12,6,3,11,1,1,h,1.6410526315789473,1.3692105263157894,F1_laliga,2026-05-22 10:28:50.727500
3408,183,5,8,13,0,0,1,17,5,4,18,2,0,D,1.4507894736842106,1.4205263157894736,F1_laliga,2026-05-22 10:28:50.727514
3409,184,5,13,12,1,1,1,15,4,6,7,2,0,d,1.6410526315789473,1.3692105263157894,F1_laliga,2026-05-22 10:28:50.727603
3410,184,5,12,13,0,1,1,13,5,4,10,2,1,D,1.041842105263158,1.5213157894736842,F1_laliga,2026-05-22 10:28:50.727618
3411,185,5,13,1,1,0,3,21,6,10,9,1,0,a,1.6410526315789473,1.3692105263157894,F1_laliga,2026-05-22 10:28:50.727682
3412,185,5,1,13,0,3,0,8,4,6,8,5,0,D,1.0926315789473684,1.894736842105263,F1_laliga,2026-05-22 10:28:50.727724
3413,186,5,13,5,1,0,0,19,3,4,19,4,0,d,1.6410526315789473,1.3692105263157894,F1_laliga,2026-05-22 10:28:50.727794
3414,186,5,5,13,0,0,0,18,3,5,4,1,0,D,1.1597368421052632,1.6168421052631579,F1_laliga,2026-05-22 10:28:50.727808
3415,187,5,13,9,1,0,0,12,4,3,12,0,0,a,1.6410526315789473,1.3692105263157894,F1_laliga,2026-05-22 10:28:50.727900
3416,187,5,9,13,0,0,0,15,4,5,14,2,0,D,0.9805263157894736,1.6947368421052633,F1_laliga,2026-05-22 10:28:50.727915
3417,188,5,13,10,1,3,3,11,10,7,11,3,0,d,1.6410526315789473,1.3692105263157894,F1_laliga,2026-05-22 10:28:50.727979
3418,188,5,10,13,0,3,3,7,5,4,16,0,0,D,1.1321052631578947,1.6323684210526317,F1_laliga,2026-05-22 10:28:50.727992
3419,189,5,13,11,1,0,0,13,6,2,16,3,0,h,1.6410526315789473,1.3692105263157894,F1_laliga,2026-05-22 10:28:50.728050
3420,189,5,11,13,0,0,0,4,4,3,16,3,0,D,1.2015789473684209,1.5589473684210526,F1_laliga,2026-05-22 10:28:50.728064
3421,190,5,6,16,1,1,1,9,2,6,18,4,0,d,1.1678947368421053,1.336578947368421,F1_laliga,2026-05-22 10:28:50.728119
3422,190,5,16,6,0,1,1,8,6,4,11,3,0,D,2.1194736842105266,1.0357894736842106,F1_laliga,2026-05-22 10:28:50.728160
3423,191,5,6,4,1,5,0,16,9,6,14,2,0,h,1.1678947368421053,1.336578947368421,F1_laliga,2026-05-22 10:28:50.728231
3424,191,5,4,6,0,0,5,8,4,2,14,1,0,D,1.9928947368421053,0.9249999999999999,F1_laliga,2026-05-22 10:28:50.728245
3425,192,5,6,3,1,3,1,16,4,4,13,1,0,h,1.1678947368421053,1.336578947368421,F1_laliga,2026-05-22 10:28:50.728310
3426,192,5,3,6,0,1,3,9,4,3,7,2,0,D,1.963684210526316,0.71,F1_laliga,2026-05-22 10:28:50.728324
3427,193,5,6,18,1,2,0,11,7,0,11,1,0,h,1.1678947368421053,1.336578947368421,F1_laliga,2026-05-22 10:28:50.728382
3428,193,5,18,6,0,0,2,11,2,1,8,2,0,D,2.0526315789473686,0.77,F1_laliga,2026-05-22 10:28:50.728395
3429,194,5,6,17,1,4,0,16,4,1,7,0,0,h,1.1678947368421053,1.336578947368421,F1_laliga,2026-05-22 10:28:50.728450
3430,194,5,17,6,0,0,4,14,4,5,13,5,0,D,2.1294736842105264,1.0363157894736843,F1_laliga,2026-05-22 10:28:50.728463
3431,195,5,6,20,1,0,0,8,4,3,10,2,1,d,1.1678947368421053,1.336578947368421,F1_laliga,2026-05-22 10:28:50.728519
3432,195,5,20,6,0,0,0,9,3,3,13,1,0,D,2.0476315789473687,0.9468421052631578,F1_laliga,2026-05-22 10:28:50.728574
3433,196,5,6,2,1,0,0,15,6,4,13,2,0,d,1.1678947368421053,1.336578947368421,F1_laliga,2026-05-22 10:28:50.728644
3434,196,5,2,6,0,0,0,9,2,6,7,0,0,D,1.6063157894736841,1.2528947368421053,F1_laliga,2026-05-22 10:28:50.728659
3435,197,5,6,19,1,0,0,21,7,7,9,1,0,d,1.1678947368421053,1.336578947368421,F1_laliga,2026-05-22 10:28:50.728716
3436,197,5,19,6,0,0,0,12,2,3,4,1,0,D,1.7289473684210528,1.069736842105263,F1_laliga,2026-05-22 10:28:50.728730
3437,198,5,6,15,1,3,2,9,5,5,12,0,0,h,1.1678947368421053,1.336578947368421,F1_laliga,2026-05-22 10:28:50.728786
3438,198,5,15,6,0,2,3,10,8,3,17,3,0,D,1.5723684210526316,1.450263157894737,F1_laliga,2026-05-22 10:28:50.728800
3439,199,5,6,13,1,1,1,14,1,5,8,0,0,d,1.1678947368421053,1.336578947368421,F1_laliga,2026-05-22 10:28:50.728854
3440,199,5,13,6,0,1,1,12,4,2,11,1,0,D,1.6410526315789473,1.3692105263157894,F1_laliga,2026-05-22 10:28:50.728867
3441,200,5,6,7,1,1,0,11,2,13,16,2,0,h,1.1678947368421053,1.336578947368421,F1_laliga,2026-05-22 10:28:50.728952
3442,200,5,7,6,0,0,1,8,6,1,5,1,0,D,1.644736842105263,1.1352631578947368,F1_laliga,2026-05-22 10:28:50.728993
3443,201,5,6,14,1,1,1,16,1,11,8,1,0,d,1.1678947368421053,1.336578947368421,F1_laliga,2026-05-22 10:28:50.729063
3444,201,5,14,6,0,1,1,12,3,7,12,4,0,D,1.5994736842105264,1.414736842105263,F1_laliga,2026-05-22 10:28:50.729077
3445,202,5,6,8,1,5,1,11,3,3,11,4,0,h,1.1678947368421053,1.336578947368421,F1_laliga,2026-05-22 10:28:50.729134
3446,202,5,8,6,0,1,5,8,3,4,13,2,0,D,1.4507894736842106,1.4205263157894736,F1_laliga,2026-05-22 10:28:50.729148
3447,203,5,6,12,1,2,2,11,7,4,20,2,0,a,1.1678947368421053,1.336578947368421,F1_laliga,2026-05-22 10:28:50.729204
3448,203,5,12,6,0,2,2,10,3,8,14,0,0,D,1.041842105263158,1.5213157894736842,F1_laliga,2026-05-22 10:28:50.729218
3449,204,5,6,1,1,1,1,21,3,2,9,1,1,d,1.1678947368421053,1.336578947368421,F1_laliga,2026-05-22 10:28:50.729280
3450,204,5,1,6,0,1,1,11,4,2,14,1,0,D,1.0926315789473684,1.894736842105263,F1_laliga,2026-05-22 10:28:50.729294
3451,164,5,6,5,1,0,2,18,6,7,12,3,0,a,1.1678947368421053,1.336578947368421,F1_laliga,2026-05-22 10:28:50.729354
3452,164,5,5,6,0,2,0,12,4,4,6,3,0,D,1.1597368421052632,1.6168421052631579,F1_laliga,2026-05-22 10:28:50.729391
3453,165,5,6,9,1,2,0,19,6,4,17,1,0,h,1.1678947368421053,1.336578947368421,F1_laliga,2026-05-22 10:28:50.729460
3454,165,5,9,6,0,0,2,6,6,4,9,4,0,D,0.9805263157894736,1.6947368421052633,F1_laliga,2026-05-22 10:28:50.729474
3455,166,5,6,10,1,2,2,12,4,10,13,1,0,d,1.1678947368421053,1.336578947368421,F1_laliga,2026-05-22 10:28:50.729531
3456,166,5,10,6,0,2,2,14,3,2,12,0,1,D,1.1321052631578947,1.6323684210526317,F1_laliga,2026-05-22 10:28:50.729544
3457,167,5,6,11,1,3,0,16,9,4,11,0,0,h,1.1678947368421053,1.336578947368421,F1_laliga,2026-05-22 10:28:50.729627
3458,167,5,11,6,0,0,3,9,4,4,20,4,0,D,1.2015789473684209,1.5589473684210526,F1_laliga,2026-05-22 10:28:50.729641
3459,168,5,7,16,1,1,1,14,1,4,14,3,1,d,1.644736842105263,1.1352631578947368,F1_laliga,2026-05-22 10:28:50.729700
3460,168,5,16,7,0,1,1,14,1,7,11,1,0,D,2.1194736842105266,1.0357894736842106,F1_laliga,2026-05-22 10:28:50.729713
3461,169,5,7,4,1,1,2,10,6,5,8,4,0,a,1.644736842105263,1.1352631578947368,F1_laliga,2026-05-22 10:28:50.729769
3462,169,5,4,7,0,2,1,8,3,3,17,0,0,D,1.9928947368421053,0.9249999999999999,F1_laliga,2026-05-22 10:28:50.729809
3463,170,5,7,3,1,2,2,9,9,5,11,1,1,a,1.644736842105263,1.1352631578947368,F1_laliga,2026-05-22 10:28:50.729878
3464,170,5,3,7,0,2,2,14,4,8,14,0,0,D,1.963684210526316,0.71,F1_laliga,2026-05-22 10:28:50.729892
3465,171,5,7,18,1,4,0,9,6,6,15,2,0,h,1.644736842105263,1.1352631578947368,F1_laliga,2026-05-22 10:28:50.729981
3466,171,5,18,7,0,0,4,14,2,7,9,2,0,D,2.0526315789473686,0.77,F1_laliga,2026-05-22 10:28:50.729996
3467,172,5,7,17,1,1,1,17,5,5,8,1,0,h,1.644736842105263,1.1352631578947368,F1_laliga,2026-05-22 10:28:50.730058
3468,172,5,17,7,0,1,1,10,6,3,6,6,0,D,2.1294736842105264,1.0363157894736843,F1_laliga,2026-05-22 10:28:50.730071
3469,173,5,7,20,1,0,5,15,3,5,9,0,0,a,1.644736842105263,1.1352631578947368,F1_laliga,2026-05-22 10:28:50.730163
3470,173,5,20,7,0,5,0,7,6,2,14,2,1,D,2.0476315789473687,0.9468421052631578,F1_laliga,2026-05-22 10:28:50.730178
3471,174,5,7,2,1,2,0,12,3,5,15,0,0,h,1.644736842105263,1.1352631578947368,F1_laliga,2026-05-22 10:28:50.730236
3472,174,5,2,7,0,0,2,7,5,3,12,3,0,D,1.6063157894736841,1.2528947368421053,F1_laliga,2026-05-22 10:28:50.730281
3473,175,5,7,19,1,1,1,16,8,5,12,1,0,a,1.644736842105263,1.1352631578947368,F1_laliga,2026-05-22 10:28:50.730351
3474,175,5,19,7,0,1,1,10,3,3,19,1,0,D,1.7289473684210528,1.069736842105263,F1_laliga,2026-05-22 10:28:50.730366
3475,176,5,7,15,1,1,2,13,7,4,13,2,0,h,1.644736842105263,1.1352631578947368,F1_laliga,2026-05-22 10:28:50.730424
3476,176,5,15,7,0,2,1,13,3,6,17,3,0,D,1.5723684210526316,1.450263157894737,F1_laliga,2026-05-22 10:28:50.730437
3477,177,5,7,13,1,5,2,7,5,6,15,3,0,h,1.644736842105263,1.1352631578947368,F1_laliga,2026-05-22 10:28:50.730492
3478,177,5,13,7,0,2,5,13,3,6,8,0,0,D,1.6410526315789473,1.3692105263157894,F1_laliga,2026-05-22 10:28:50.730505
3479,178,5,7,6,1,3,3,21,7,6,9,1,0,d,1.644736842105263,1.1352631578947368,F1_laliga,2026-05-22 10:28:50.730582
3480,178,5,6,7,0,3,3,15,3,2,18,1,0,D,1.1678947368421053,1.336578947368421,F1_laliga,2026-05-22 10:28:50.730597
3481,179,5,7,14,1,2,2,9,5,6,16,3,0,a,1.644736842105263,1.1352631578947368,F1_laliga,2026-05-22 10:28:50.730662
3482,179,5,14,7,0,2,2,9,3,4,6,3,0,D,1.5994736842105264,1.414736842105263,F1_laliga,2026-05-22 10:28:50.730705
3483,180,5,7,8,1,0,2,8,2,9,8,2,0,a,1.644736842105263,1.1352631578947368,F1_laliga,2026-05-22 10:28:50.730775
3484,180,5,8,7,0,2,0,9,4,5,13,3,0,D,1.4507894736842106,1.4205263157894736,F1_laliga,2026-05-22 10:28:50.730789
3485,181,5,7,12,1,0,5,16,3,10,14,1,0,a,1.644736842105263,1.1352631578947368,F1_laliga,2026-05-22 10:28:50.730847
3486,181,5,12,7,0,5,0,7,1,4,18,2,0,D,1.041842105263158,1.5213157894736842,F1_laliga,2026-05-22 10:28:50.730860
3487,182,5,7,1,1,2,2,12,3,6,17,3,0,h,1.644736842105263,1.1352631578947368,F1_laliga,2026-05-22 10:28:50.730915
3488,182,5,1,7,0,2,2,10,8,4,10,4,0,D,1.0926315789473684,1.894736842105263,F1_laliga,2026-05-22 10:28:50.730928
3489,183,5,7,5,1,0,2,15,7,8,15,3,0,a,1.644736842105263,1.1352631578947368,F1_laliga,2026-05-22 10:28:50.730984
3490,183,5,5,7,0,2,0,10,3,4,18,0,0,D,1.1597368421052632,1.6168421052631579,F1_laliga,2026-05-22 10:28:50.730998
3491,184,5,7,9,1,0,3,15,6,2,11,1,0,h,1.644736842105263,1.1352631578947368,F1_laliga,2026-05-22 10:28:50.731051
3492,184,5,9,7,0,3,0,6,5,5,10,3,1,D,0.9805263157894736,1.6947368421052633,F1_laliga,2026-05-22 10:28:50.731089
3493,185,5,7,10,1,1,1,21,5,5,9,7,0,d,1.644736842105263,1.1352631578947368,F1_laliga,2026-05-22 10:28:50.731157
3494,185,5,10,7,0,1,1,13,8,4,15,3,0,D,1.1321052631578947,1.6323684210526317,F1_laliga,2026-05-22 10:28:50.731171
3495,186,5,7,11,1,1,1,15,3,5,12,0,0,a,1.644736842105263,1.1352631578947368,F1_laliga,2026-05-22 10:28:50.731227
3496,186,5,11,7,0,1,1,12,3,6,10,2,0,D,1.2015789473684209,1.5589473684210526,F1_laliga,2026-05-22 10:28:50.731241
3497,187,5,14,16,1,4,1,17,4,4,13,2,0,h,1.5994736842105264,1.414736842105263,F1_laliga,2026-05-22 10:28:50.731301
3498,187,5,16,14,0,1,4,9,7,6,9,1,0,D,2.1194736842105266,1.0357894736842106,F1_laliga,2026-05-22 10:28:50.731315
3499,188,5,14,4,1,0,1,13,5,5,6,4,0,h,1.5994736842105264,1.414736842105263,F1_laliga,2026-05-22 10:28:50.731373
3500,188,5,4,14,0,1,0,2,1,6,12,0,0,D,1.9928947368421053,0.9249999999999999,F1_laliga,2026-05-22 10:28:50.731386
3501,189,5,14,3,1,1,3,10,4,6,13,3,0,a,1.5994736842105264,1.414736842105263,F1_laliga,2026-05-22 10:28:50.731441
3502,189,5,3,14,0,3,1,11,5,6,11,2,0,D,1.963684210526316,0.71,F1_laliga,2026-05-22 10:28:50.731509
3503,190,5,14,18,1,1,1,11,6,2,10,1,0,d,1.5994736842105264,1.414736842105263,F1_laliga,2026-05-22 10:28:50.731616
3504,190,5,18,14,0,1,1,9,8,5,15,1,0,D,2.0526315789473686,0.77,F1_laliga,2026-05-22 10:28:50.731639
3505,191,5,14,17,1,1,1,16,7,7,5,2,0,d,1.5994736842105264,1.414736842105263,F1_laliga,2026-05-22 10:28:50.731759
3506,191,5,17,14,0,1,1,12,7,2,17,2,0,D,2.1294736842105264,1.0363157894736843,F1_laliga,2026-05-22 10:28:50.731775
3507,192,5,14,20,1,0,1,10,5,9,7,0,0,a,1.5994736842105264,1.414736842105263,F1_laliga,2026-05-22 10:28:50.731838
3508,192,5,20,14,0,1,0,10,6,3,12,1,0,D,2.0476315789473687,0.9468421052631578,F1_laliga,2026-05-22 10:28:50.731852
3509,193,5,14,2,1,0,0,10,7,4,14,3,0,d,1.5994736842105264,1.414736842105263,F1_laliga,2026-05-22 10:28:50.731908
3510,193,5,2,14,0,0,0,2,5,2,16,1,0,D,1.6063157894736841,1.2528947368421053,F1_laliga,2026-05-22 10:28:50.731922
3511,194,5,14,19,1,1,1,10,5,5,17,3,0,d,1.5994736842105264,1.414736842105263,F1_laliga,2026-05-22 10:28:50.731977
3512,194,5,19,14,0,1,1,7,8,3,10,3,0,D,1.7289473684210528,1.069736842105263,F1_laliga,2026-05-22 10:28:50.732018
3513,195,5,14,15,1,0,4,12,6,5,11,3,0,a,1.5994736842105264,1.414736842105263,F1_laliga,2026-05-22 10:28:50.732087
3514,195,5,15,14,0,4,0,9,6,4,15,1,0,D,1.5723684210526316,1.450263157894737,F1_laliga,2026-05-22 10:28:50.732100
3515,196,5,14,13,1,2,0,10,6,5,7,4,0,h,1.5994736842105264,1.414736842105263,F1_laliga,2026-05-22 10:28:50.732188
3516,196,5,13,14,0,0,2,15,5,4,11,1,0,D,1.6410526315789473,1.3692105263157894,F1_laliga,2026-05-22 10:28:50.732203
3517,197,5,14,6,1,4,0,12,4,5,12,3,1,h,1.5994736842105264,1.414736842105263,F1_laliga,2026-05-22 10:28:50.732266
3518,197,5,6,14,0,0,4,14,4,1,15,0,0,D,1.1678947368421053,1.336578947368421,F1_laliga,2026-05-22 10:28:50.732286
3519,198,5,14,7,1,1,1,15,2,6,19,2,0,d,1.5994736842105264,1.414736842105263,F1_laliga,2026-05-22 10:28:50.732397
3520,198,5,7,14,0,1,1,11,5,1,12,1,0,D,1.644736842105263,1.1352631578947368,F1_laliga,2026-05-22 10:28:50.732413
3521,199,5,14,8,1,0,0,17,8,8,19,2,0,d,1.5994736842105264,1.414736842105263,F1_laliga,2026-05-22 10:28:50.732482
3522,199,5,8,14,0,0,0,8,3,4,8,2,1,D,1.4507894736842106,1.4205263157894736,F1_laliga,2026-05-22 10:28:50.732522
3523,200,5,14,12,1,1,1,6,2,3,10,3,0,d,1.5994736842105264,1.414736842105263,F1_laliga,2026-05-22 10:28:50.732617
3524,200,5,12,14,0,1,1,7,3,3,10,1,0,D,1.041842105263158,1.5213157894736842,F1_laliga,2026-05-22 10:28:50.732632
3525,201,5,14,1,1,4,2,16,2,3,11,1,0,h,1.5994736842105264,1.414736842105263,F1_laliga,2026-05-22 10:28:50.732695
3526,201,5,1,14,0,2,4,15,1,6,18,1,0,D,1.0926315789473684,1.894736842105263,F1_laliga,2026-05-22 10:28:50.732709
3527,202,5,14,5,1,2,3,19,10,6,19,5,0,a,1.5994736842105264,1.414736842105263,F1_laliga,2026-05-22 10:28:50.732766
3528,202,5,5,14,0,3,2,12,4,4,12,1,0,D,1.1597368421052632,1.6168421052631579,F1_laliga,2026-05-22 10:28:50.732779
3529,203,5,14,9,1,3,1,9,6,3,10,2,0,h,1.5994736842105264,1.414736842105263,F1_laliga,2026-05-22 10:28:50.732837
3530,203,5,9,14,0,1,3,10,2,4,9,2,0,D,0.9805263157894736,1.6947368421052633,F1_laliga,2026-05-22 10:28:50.732851
3531,204,5,14,10,1,1,1,15,7,6,13,0,0,h,1.5994736842105264,1.414736842105263,F1_laliga,2026-05-22 10:28:50.732906
3532,204,5,10,14,0,1,1,15,2,3,11,1,0,D,1.1321052631578947,1.6323684210526317,F1_laliga,2026-05-22 10:28:50.732945
3533,164,5,14,11,1,3,3,16,3,4,15,1,0,d,1.5994736842105264,1.414736842105263,F1_laliga,2026-05-22 10:28:50.733015
3534,164,5,11,14,0,3,3,11,2,7,9,4,0,D,1.2015789473684209,1.5589473684210526,F1_laliga,2026-05-22 10:28:50.733029
3535,165,5,8,16,1,1,1,11,3,3,13,0,0,d,1.4507894736842106,1.4205263157894736,F1_laliga,2026-05-22 10:28:50.733087
3536,165,5,16,8,0,1,1,10,7,6,16,1,0,D,2.1194736842105266,1.0357894736842106,F1_laliga,2026-05-22 10:28:50.733100
3537,166,5,8,4,1,0,3,7,7,9,12,2,1,a,1.4507894736842106,1.4205263157894736,F1_laliga,2026-05-22 10:28:50.733157
3538,166,5,4,8,0,3,0,11,3,3,11,2,0,D,1.9928947368421053,0.9249999999999999,F1_laliga,2026-05-22 10:28:50.733170
3539,167,5,8,3,1,1,1,20,4,7,9,5,0,d,1.4507894736842106,1.4205263157894736,F1_laliga,2026-05-22 10:28:50.733226
3540,167,5,3,8,0,1,1,12,5,4,9,2,0,D,1.963684210526316,0.71,F1_laliga,2026-05-22 10:28:50.733240
3541,168,5,8,18,1,0,4,12,6,11,17,3,1,a,1.4507894736842106,1.4205263157894736,F1_laliga,2026-05-22 10:28:50.733302
3542,168,5,18,8,0,4,0,11,1,3,15,1,0,D,2.0526315789473686,0.77,F1_laliga,2026-05-22 10:28:50.733345
3543,169,5,8,17,1,1,1,12,5,6,5,1,0,h,1.4507894736842106,1.4205263157894736,F1_laliga,2026-05-22 10:28:50.733414
3544,169,5,17,8,0,1,1,8,5,6,7,3,1,D,2.1294736842105264,1.0363157894736843,F1_laliga,2026-05-22 10:28:50.733428
3545,170,5,8,20,1,2,0,16,5,2,15,0,0,h,1.4507894736842106,1.4205263157894736,F1_laliga,2026-05-22 10:28:50.734071
3546,170,5,20,8,0,0,2,9,3,6,11,1,0,D,2.0476315789473687,0.9468421052631578,F1_laliga,2026-05-22 10:28:50.734100
3547,171,5,8,2,1,0,1,11,3,3,12,2,0,a,1.4507894736842106,1.4205263157894736,F1_laliga,2026-05-22 10:28:50.734225
3548,171,5,2,8,0,1,0,12,7,2,17,1,1,D,1.6063157894736841,1.2528947368421053,F1_laliga,2026-05-22 10:28:50.734239
3549,172,5,8,19,1,0,5,19,5,2,11,6,0,a,1.4507894736842106,1.4205263157894736,F1_laliga,2026-05-22 10:28:50.734318
3550,172,5,19,8,0,5,0,10,4,6,13,3,0,D,1.7289473684210528,1.069736842105263,F1_laliga,2026-05-22 10:28:50.734333
3551,173,5,8,15,1,0,0,15,4,5,11,0,0,d,1.4507894736842106,1.4205263157894736,F1_laliga,2026-05-22 10:28:50.734393
3552,173,5,15,8,0,0,0,14,5,8,11,2,0,D,1.5723684210526316,1.450263157894737,F1_laliga,2026-05-22 10:28:50.734458
3553,174,5,8,13,1,0,4,16,10,4,14,2,0,a,1.4507894736842106,1.4205263157894736,F1_laliga,2026-05-22 10:28:50.734529
3554,174,5,13,8,0,4,0,9,7,6,10,3,0,D,1.6410526315789473,1.3692105263157894,F1_laliga,2026-05-22 10:28:50.734544
3555,175,5,8,6,1,1,1,13,3,6,15,4,0,d,1.4507894736842106,1.4205263157894736,F1_laliga,2026-05-22 10:28:50.734642
3556,175,5,6,8,0,1,1,18,2,6,12,2,0,D,1.1678947368421053,1.336578947368421,F1_laliga,2026-05-22 10:28:50.734657
3557,176,5,8,7,1,0,1,21,4,8,15,1,1,h,1.4507894736842106,1.4205263157894736,F1_laliga,2026-05-22 10:28:50.734718
3558,176,5,7,8,0,1,0,12,2,4,12,1,0,D,1.644736842105263,1.1352631578947368,F1_laliga,2026-05-22 10:28:50.734731
3559,177,5,8,14,1,2,0,8,4,5,10,1,0,h,1.4507894736842106,1.4205263157894736,F1_laliga,2026-05-22 10:28:50.734790
3560,177,5,14,8,0,0,2,13,4,1,12,2,0,D,1.5994736842105264,1.414736842105263,F1_laliga,2026-05-22 10:28:50.734804
3561,178,5,8,12,1,0,4,12,7,3,9,2,0,a,1.4507894736842106,1.4205263157894736,F1_laliga,2026-05-22 10:28:50.734860
3562,178,5,12,8,0,4,0,9,4,5,11,2,1,D,1.041842105263158,1.5213157894736842,F1_laliga,2026-05-22 10:28:50.734903
3563,179,5,8,1,1,1,1,11,4,3,8,0,0,a,1.4507894736842106,1.4205263157894736,F1_laliga,2026-05-22 10:28:50.734972
3564,179,5,1,8,0,1,1,15,1,9,7,2,0,D,1.0926315789473684,1.894736842105263,F1_laliga,2026-05-22 10:28:50.734986
3565,180,5,8,5,1,4,0,7,5,6,15,1,0,h,1.4507894736842106,1.4205263157894736,F1_laliga,2026-05-22 10:28:50.735044
3566,180,5,5,8,0,0,4,12,3,0,11,0,0,D,1.1597368421052632,1.6168421052631579,F1_laliga,2026-05-22 10:28:50.735057
3567,181,5,8,9,1,4,0,18,3,8,8,1,1,h,1.4507894736842106,1.4205263157894736,F1_laliga,2026-05-22 10:28:50.735144
3568,181,5,9,8,0,0,4,13,4,6,13,3,0,D,0.9805263157894736,1.6947368421052633,F1_laliga,2026-05-22 10:28:50.735158
3569,182,5,8,10,1,5,0,10,9,6,17,2,0,h,1.4507894736842106,1.4205263157894736,F1_laliga,2026-05-22 10:28:50.735255
3570,182,5,10,8,0,0,5,10,2,6,10,3,0,D,1.1321052631578947,1.6323684210526317,F1_laliga,2026-05-22 10:28:50.735270
3571,183,5,8,11,1,2,2,16,3,6,12,0,0,d,1.4507894736842106,1.4205263157894736,F1_laliga,2026-05-22 10:28:50.735342
3572,183,5,11,8,0,2,2,12,5,1,12,2,0,D,1.2015789473684209,1.5589473684210526,F1_laliga,2026-05-22 10:28:50.735384
3573,184,5,12,16,1,1,0,13,5,1,12,3,0,a,1.041842105263158,1.5213157894736842,F1_laliga,2026-05-22 10:28:50.735493
3574,184,5,16,12,0,0,1,9,8,6,6,1,0,D,2.1194736842105266,1.0357894736842106,F1_laliga,2026-05-22 10:28:50.735509
3575,185,5,12,4,1,1,1,13,5,3,9,2,0,h,1.041842105263158,1.5213157894736842,F1_laliga,2026-05-22 10:28:50.735604
3576,185,5,4,12,0,1,1,7,4,2,14,1,0,D,1.9928947368421053,0.9249999999999999,F1_laliga,2026-05-22 10:28:50.735620
3577,186,5,12,3,1,1,0,10,8,5,10,2,0,h,1.041842105263158,1.5213157894736842,F1_laliga,2026-05-22 10:28:50.735686
3578,186,5,3,12,0,0,1,10,3,5,14,0,0,D,1.963684210526316,0.71,F1_laliga,2026-05-22 10:28:50.735700
3579,187,5,12,18,1,1,0,10,2,6,10,0,0,h,1.041842105263158,1.5213157894736842,F1_laliga,2026-05-22 10:28:50.735758
3580,187,5,18,12,0,0,1,14,4,6,10,0,0,D,2.0526315789473686,0.77,F1_laliga,2026-05-22 10:28:50.735772
3581,188,5,12,17,1,3,0,14,0,2,11,4,0,h,1.041842105263158,1.5213157894736842,F1_laliga,2026-05-22 10:28:50.735828
3582,188,5,17,12,0,0,3,8,6,6,10,1,0,D,2.1294736842105264,1.0363157894736843,F1_laliga,2026-05-22 10:28:50.735871
3583,189,5,12,20,1,1,0,8,1,1,7,4,0,h,1.041842105263158,1.5213157894736842,F1_laliga,2026-05-22 10:28:50.735941
3584,189,5,20,12,0,0,1,9,1,6,12,1,0,D,2.0476315789473687,0.9468421052631578,F1_laliga,2026-05-22 10:28:50.735955
3585,190,5,12,2,1,2,0,13,7,5,9,2,0,h,1.041842105263158,1.5213157894736842,F1_laliga,2026-05-22 10:28:50.736012
3586,190,5,2,12,0,0,2,7,4,5,18,1,0,D,1.6063157894736841,1.2528947368421053,F1_laliga,2026-05-22 10:28:50.736026
3587,191,5,12,19,1,0,0,12,8,4,8,5,0,a,1.041842105263158,1.5213157894736842,F1_laliga,2026-05-22 10:28:50.736081
3588,191,5,19,12,0,0,0,12,1,4,13,1,0,D,1.7289473684210528,1.069736842105263,F1_laliga,2026-05-22 10:28:50.736094
3589,192,5,12,15,1,1,1,18,2,13,14,1,0,d,1.041842105263158,1.5213157894736842,F1_laliga,2026-05-22 10:28:50.736149
3590,192,5,15,12,0,1,1,8,5,8,8,2,0,D,1.5723684210526316,1.450263157894737,F1_laliga,2026-05-22 10:28:50.736163
3591,193,5,12,13,1,0,5,11,5,6,9,4,0,a,1.041842105263158,1.5213157894736842,F1_laliga,2026-05-22 10:28:50.736218
3592,193,5,13,12,0,5,0,3,5,5,16,5,0,D,1.6410526315789473,1.3692105263157894,F1_laliga,2026-05-22 10:28:50.736263
3593,194,5,12,6,1,0,2,10,6,4,12,3,0,a,1.041842105263158,1.5213157894736842,F1_laliga,2026-05-22 10:28:50.736338
3594,194,5,6,12,0,2,0,4,2,8,13,0,0,D,1.1678947368421053,1.336578947368421,F1_laliga,2026-05-22 10:28:50.736352
3595,195,5,12,7,1,0,0,20,3,8,8,3,0,h,1.041842105263158,1.5213157894736842,F1_laliga,2026-05-22 10:28:50.736409
3596,195,5,7,12,0,0,0,5,6,2,7,5,0,D,1.644736842105263,1.1352631578947368,F1_laliga,2026-05-22 10:28:50.736423
3597,196,5,12,14,1,0,1,12,2,10,14,1,0,a,1.041842105263158,1.5213157894736842,F1_laliga,2026-05-22 10:28:50.736514
3598,196,5,14,12,0,1,0,8,5,5,10,4,0,D,1.5994736842105264,1.414736842105263,F1_laliga,2026-05-22 10:28:50.736529
3599,197,5,12,8,1,1,1,14,5,7,12,1,0,h,1.041842105263158,1.5213157894736842,F1_laliga,2026-05-22 10:28:50.736661
3600,197,5,8,12,0,1,1,7,4,2,5,1,0,D,1.4507894736842106,1.4205263157894736,F1_laliga,2026-05-22 10:28:50.736677
3601,198,5,12,1,1,1,3,8,4,2,11,5,0,a,1.041842105263158,1.5213157894736842,F1_laliga,2026-05-22 10:28:50.736742
3602,198,5,1,12,0,3,1,8,6,3,8,1,0,D,1.0926315789473684,1.894736842105263,F1_laliga,2026-05-22 10:28:50.736782
3603,199,5,12,5,1,3,2,13,7,3,9,2,0,h,1.041842105263158,1.5213157894736842,F1_laliga,2026-05-22 10:28:50.736853
3604,199,5,5,12,0,2,3,7,2,4,15,0,1,D,1.1597368421052632,1.6168421052631579,F1_laliga,2026-05-22 10:28:50.736867
3605,200,5,12,9,1,0,0,18,6,5,15,2,0,d,1.041842105263158,1.5213157894736842,F1_laliga,2026-05-22 10:28:50.736925
3606,200,5,9,12,0,0,0,4,4,3,11,1,0,D,0.9805263157894736,1.6947368421052633,F1_laliga,2026-05-22 10:28:50.736939
3607,201,5,12,10,1,1,2,14,0,5,17,0,0,h,1.041842105263158,1.5213157894736842,F1_laliga,2026-05-22 10:28:50.736995
3608,201,5,10,12,0,2,1,9,1,4,11,0,0,D,1.1321052631578947,1.6323684210526317,F1_laliga,2026-05-22 10:28:50.737008
3609,202,5,12,11,1,3,1,6,3,4,14,4,0,h,1.041842105263158,1.5213157894736842,F1_laliga,2026-05-22 10:28:50.737063
3610,202,5,11,12,0,1,3,9,4,7,12,2,0,D,1.2015789473684209,1.5589473684210526,F1_laliga,2026-05-22 10:28:50.737077
3611,203,5,1,16,1,0,2,12,7,4,10,2,0,a,1.0926315789473684,1.894736842105263,F1_laliga,2026-05-22 10:28:50.737131
3612,203,5,16,1,0,2,0,13,0,2,15,5,0,D,2.1194736842105266,1.0357894736842106,F1_laliga,2026-05-22 10:28:50.737169
3613,204,5,1,4,1,0,0,20,3,5,11,2,0,h,1.0926315789473684,1.894736842105263,F1_laliga,2026-05-22 10:28:50.737237
3614,204,5,4,1,0,0,0,6,4,3,14,1,1,D,1.9928947368421053,0.9249999999999999,F1_laliga,2026-05-22 10:28:50.737251
3615,164,5,1,3,1,1,2,12,3,5,10,0,0,a,1.0926315789473684,1.894736842105263,F1_laliga,2026-05-22 10:28:50.737316
3616,164,5,3,1,0,2,1,16,6,8,17,1,0,D,1.963684210526316,0.71,F1_laliga,2026-05-22 10:28:50.737330
3617,165,5,1,18,1,0,0,17,8,7,13,2,0,d,1.0926315789473684,1.894736842105263,F1_laliga,2026-05-22 10:28:50.737388
3618,165,5,18,1,0,0,0,10,2,3,16,2,0,D,2.0526315789473686,0.77,F1_laliga,2026-05-22 10:28:50.737402
3619,166,5,1,17,1,1,0,15,8,4,15,3,0,a,1.0926315789473684,1.894736842105263,F1_laliga,2026-05-22 10:28:50.737492
3620,166,5,17,1,0,0,1,9,5,3,15,1,0,D,2.1294736842105264,1.0363157894736843,F1_laliga,2026-05-22 10:28:50.737507
3621,167,5,1,20,1,3,0,18,5,4,8,2,0,h,1.0926315789473684,1.894736842105263,F1_laliga,2026-05-22 10:28:50.737589
3622,167,5,20,1,0,0,3,7,3,2,10,1,0,D,2.0476315789473687,0.9468421052631578,F1_laliga,2026-05-22 10:28:50.737632
3623,168,5,1,2,1,1,1,5,7,5,13,1,0,a,1.0926315789473684,1.894736842105263,F1_laliga,2026-05-22 10:28:50.737703
3624,168,5,2,1,0,1,1,9,3,5,13,2,0,D,1.6063157894736841,1.2528947368421053,F1_laliga,2026-05-22 10:28:50.737717
3625,169,5,1,19,1,1,1,12,6,2,11,2,0,h,1.0926315789473684,1.894736842105263,F1_laliga,2026-05-22 10:28:50.737789
3626,169,5,19,1,0,1,1,6,3,4,16,6,0,D,1.7289473684210528,1.069736842105263,F1_laliga,2026-05-22 10:28:50.737813
3627,170,5,1,15,1,0,2,7,5,5,16,2,0,h,1.0926315789473684,1.894736842105263,F1_laliga,2026-05-22 10:28:50.737889
3628,170,5,15,1,0,2,0,8,5,2,10,4,0,D,1.5723684210526316,1.450263157894737,F1_laliga,2026-05-22 10:28:50.737903
3629,171,5,1,13,1,1,1,8,4,4,11,4,0,d,1.0926315789473684,1.894736842105263,F1_laliga,2026-05-22 10:28:50.737959
3630,171,5,13,1,0,1,1,10,8,2,10,1,0,D,1.6410526315789473,1.3692105263157894,F1_laliga,2026-05-22 10:28:50.737973
3631,172,5,1,6,1,1,1,9,4,6,18,2,0,h,1.0926315789473684,1.894736842105263,F1_laliga,2026-05-22 10:28:50.738029
3632,172,5,6,1,0,1,1,7,4,2,11,5,0,D,1.1678947368421053,1.336578947368421,F1_laliga,2026-05-22 10:28:50.738078
3633,173,5,1,7,1,0,1,21,4,3,13,4,0,a,1.0926315789473684,1.894736842105263,F1_laliga,2026-05-22 10:28:50.738176
3634,173,5,7,1,0,1,0,11,3,1,11,1,0,D,1.644736842105263,1.1352631578947368,F1_laliga,2026-05-22 10:28:50.738191
3635,174,5,1,14,1,1,1,14,5,5,6,3,0,a,1.0926315789473684,1.894736842105263,F1_laliga,2026-05-22 10:28:50.738253
3636,174,5,14,1,0,1,1,5,4,4,12,3,0,D,1.5994736842105264,1.414736842105263,F1_laliga,2026-05-22 10:28:50.738267
3637,175,5,1,8,1,1,1,9,8,6,13,4,0,d,1.0926315789473684,1.894736842105263,F1_laliga,2026-05-22 10:28:50.738333
3638,175,5,8,1,0,1,1,12,5,4,9,3,0,D,1.4507894736842106,1.4205263157894736,F1_laliga,2026-05-22 10:28:50.738347
3639,176,5,1,12,1,0,1,14,8,6,11,1,0,a,1.0926315789473684,1.894736842105263,F1_laliga,2026-05-22 10:28:50.738404
3640,176,5,12,1,0,1,0,12,4,4,9,3,0,D,1.041842105263158,1.5213157894736842,F1_laliga,2026-05-22 10:28:50.738418
3641,177,5,1,5,1,3,0,15,8,3,8,3,0,h,1.0926315789473684,1.894736842105263,F1_laliga,2026-05-22 10:28:50.738538
3642,177,5,5,1,0,0,3,10,8,2,14,7,0,D,1.1597368421052632,1.6168421052631579,F1_laliga,2026-05-22 10:28:50.738595
3643,178,5,1,9,1,1,3,5,1,8,7,5,0,a,1.0926315789473684,1.894736842105263,F1_laliga,2026-05-22 10:28:50.738665
3644,178,5,9,1,0,3,1,4,2,3,13,0,0,D,0.9805263157894736,1.6947368421052633,F1_laliga,2026-05-22 10:28:50.738679
3645,179,5,1,10,1,2,2,18,2,7,11,1,0,d,1.0926315789473684,1.894736842105263,F1_laliga,2026-05-22 10:28:50.738736
3646,179,5,10,1,0,2,2,9,1,7,13,0,0,D,1.1321052631578947,1.6323684210526317,F1_laliga,2026-05-22 10:28:50.738750
3647,180,5,1,11,1,2,2,10,4,8,7,3,0,a,1.0926315789473684,1.894736842105263,F1_laliga,2026-05-22 10:28:50.738806
3648,180,5,11,1,0,2,2,10,1,3,9,2,0,D,1.2015789473684209,1.5589473684210526,F1_laliga,2026-05-22 10:28:50.738819
3649,181,5,5,16,1,4,0,15,5,3,10,2,0,h,1.1597368421052632,1.6168421052631579,F1_laliga,2026-05-22 10:28:50.738874
3650,181,5,16,5,0,0,4,12,3,2,13,1,0,D,2.1194736842105266,1.0357894736842106,F1_laliga,2026-05-22 10:28:50.738887
3651,182,5,5,4,1,1,1,13,4,8,9,1,0,d,1.1597368421052632,1.6168421052631579,F1_laliga,2026-05-22 10:28:50.738941
3652,182,5,4,5,0,1,1,16,2,4,7,1,0,D,1.9928947368421053,0.9249999999999999,F1_laliga,2026-05-22 10:28:50.738982
3653,183,5,5,3,1,0,0,14,7,7,12,2,0,d,1.1597368421052632,1.6168421052631579,F1_laliga,2026-05-22 10:28:50.739051
3654,183,5,3,5,0,0,0,7,1,2,11,0,0,D,1.963684210526316,0.71,F1_laliga,2026-05-22 10:28:50.739065
3655,184,5,5,18,1,1,2,15,8,4,15,3,0,h,1.1597368421052632,1.6168421052631579,F1_laliga,2026-05-22 10:28:50.739122
3656,184,5,18,5,0,2,1,2,5,5,15,5,0,D,2.0526315789473686,0.77,F1_laliga,2026-05-22 10:28:50.739135
3657,185,5,5,17,1,2,1,14,6,7,9,4,0,h,1.1597368421052632,1.6168421052631579,F1_laliga,2026-05-22 10:28:50.739191
3658,185,5,17,5,0,1,2,9,2,2,14,2,0,D,2.1294736842105264,1.0363157894736843,F1_laliga,2026-05-22 10:28:50.739205
3659,186,5,5,20,1,0,1,10,2,5,15,1,0,h,1.1597368421052632,1.6168421052631579,F1_laliga,2026-05-22 10:28:50.739259
3660,186,5,20,5,0,1,0,8,5,4,9,1,1,D,2.0476315789473687,0.9468421052631578,F1_laliga,2026-05-22 10:28:50.739283
3661,187,5,5,2,1,1,1,16,7,8,18,2,0,a,1.1597368421052632,1.6168421052631579,F1_laliga,2026-05-22 10:28:50.739343
3662,187,5,2,5,0,1,1,11,1,0,19,1,0,D,1.6063157894736841,1.2528947368421053,F1_laliga,2026-05-22 10:28:50.739384
3663,188,5,5,19,1,1,1,15,5,3,15,3,0,a,1.1597368421052632,1.6168421052631579,F1_laliga,2026-05-22 10:28:50.739484
3664,188,5,19,5,0,1,1,14,4,4,16,3,0,D,1.7289473684210528,1.069736842105263,F1_laliga,2026-05-22 10:28:50.739500
3665,189,5,5,15,1,0,3,11,3,9,13,2,0,a,1.1597368421052632,1.6168421052631579,F1_laliga,2026-05-22 10:28:50.739591
3666,189,5,15,5,0,3,0,7,2,8,16,1,0,D,1.5723684210526316,1.450263157894737,F1_laliga,2026-05-22 10:28:50.739606
3667,190,5,5,13,1,0,1,11,5,4,12,4,0,a,1.1597368421052632,1.6168421052631579,F1_laliga,2026-05-22 10:28:50.739671
3668,190,5,13,5,0,1,0,6,6,3,10,3,0,D,1.6410526315789473,1.3692105263157894,F1_laliga,2026-05-22 10:28:50.739684
3669,191,5,5,6,1,2,0,5,3,7,16,2,0,h,1.1597368421052632,1.6168421052631579,F1_laliga,2026-05-22 10:28:50.739776
3670,191,5,6,5,0,0,2,9,6,1,13,4,0,D,1.1678947368421053,1.336578947368421,F1_laliga,2026-05-22 10:28:50.739791
3671,192,5,5,7,1,4,1,11,3,10,14,1,0,h,1.1597368421052632,1.6168421052631579,F1_laliga,2026-05-22 10:28:50.739855
3672,192,5,7,5,0,1,4,9,1,3,16,3,1,D,1.644736842105263,1.1352631578947368,F1_laliga,2026-05-22 10:28:50.739895
3673,193,5,5,14,1,2,1,12,5,2,14,1,1,h,1.1597368421052632,1.6168421052631579,F1_laliga,2026-05-22 10:28:50.739964
3674,193,5,14,5,0,1,2,6,3,3,19,3,0,D,1.5994736842105264,1.414736842105263,F1_laliga,2026-05-22 10:28:50.739978
3675,194,5,5,8,1,0,0,15,4,2,14,2,0,d,1.1597368421052632,1.6168421052631579,F1_laliga,2026-05-22 10:28:50.740035
3676,194,5,8,5,0,0,0,7,4,4,14,4,0,D,1.4507894736842106,1.4205263157894736,F1_laliga,2026-05-22 10:28:50.740049
3677,195,5,5,12,1,1,1,16,10,5,11,1,0,a,1.1597368421052632,1.6168421052631579,F1_laliga,2026-05-22 10:28:50.740104
3678,195,5,12,5,0,1,1,9,8,5,12,2,0,D,1.041842105263158,1.5213157894736842,F1_laliga,2026-05-22 10:28:50.740118
3679,196,5,5,1,1,1,1,14,3,5,9,2,0,d,1.1597368421052632,1.6168421052631579,F1_laliga,2026-05-22 10:28:50.740173
3680,196,5,1,5,0,1,1,4,2,7,13,3,0,D,1.0926315789473684,1.894736842105263,F1_laliga,2026-05-22 10:28:50.740186
3681,197,5,5,9,1,0,0,12,4,5,12,3,0,h,1.1597368421052632,1.6168421052631579,F1_laliga,2026-05-22 10:28:50.740240
3682,197,5,9,5,0,0,0,7,4,7,14,0,0,D,0.9805263157894736,1.6947368421052633,F1_laliga,2026-05-22 10:28:50.740287
3683,198,5,5,10,1,0,0,10,4,3,8,2,0,d,1.1597368421052632,1.6168421052631579,F1_laliga,2026-05-22 10:28:50.740355
3684,198,5,10,5,0,0,0,12,5,6,18,0,1,D,1.1321052631578947,1.6323684210526317,F1_laliga,2026-05-22 10:28:50.740369
3685,199,5,5,11,1,2,1,14,4,6,12,2,0,h,1.1597368421052632,1.6168421052631579,F1_laliga,2026-05-22 10:28:50.740426
3686,199,5,11,5,0,1,2,8,5,2,10,3,0,D,1.2015789473684209,1.5589473684210526,F1_laliga,2026-05-22 10:28:50.740440
3687,200,5,9,16,1,0,1,12,2,6,17,6,0,h,0.9805263157894736,1.6947368421052633,F1_laliga,2026-05-22 10:28:50.740496
3688,200,5,16,9,0,1,0,14,1,6,12,1,0,D,2.1194736842105266,1.0357894736842106,F1_laliga,2026-05-22 10:28:50.740509
3689,201,5,9,4,1,1,0,19,8,4,14,1,0,a,0.9805263157894736,1.6947368421052633,F1_laliga,2026-05-22 10:28:50.740586
3690,201,5,4,9,0,0,1,7,2,5,14,1,0,D,1.9928947368421053,0.9249999999999999,F1_laliga,2026-05-22 10:28:50.740601
3691,202,5,9,3,1,2,1,11,6,3,15,3,0,h,0.9805263157894736,1.6947368421052633,F1_laliga,2026-05-22 10:28:50.740667
3692,202,5,3,9,0,1,2,8,4,4,17,4,0,D,1.963684210526316,0.71,F1_laliga,2026-05-22 10:28:50.740740
3693,203,5,9,18,1,0,0,10,8,2,16,1,0,d,0.9805263157894736,1.6947368421052633,F1_laliga,2026-05-22 10:28:50.740825
3694,203,5,18,9,0,0,0,10,2,2,11,3,0,D,2.0526315789473686,0.77,F1_laliga,2026-05-22 10:28:50.740838
3695,204,5,9,17,1,1,1,21,4,12,12,2,0,d,0.9805263157894736,1.6947368421052633,F1_laliga,2026-05-22 10:28:50.740895
3696,204,5,17,9,0,1,1,16,8,3,9,5,2,D,2.1294736842105264,1.0363157894736843,F1_laliga,2026-05-22 10:28:50.740909
3697,164,5,9,20,1,1,0,14,5,2,11,0,0,h,0.9805263157894736,1.6947368421052633,F1_laliga,2026-05-22 10:28:50.741012
3698,164,5,20,9,0,0,1,14,3,2,14,2,0,D,2.0476315789473687,0.9468421052631578,F1_laliga,2026-05-22 10:28:50.741027
3699,165,5,9,2,1,1,1,11,0,7,13,2,0,d,0.9805263157894736,1.6947368421052633,F1_laliga,2026-05-22 10:28:50.741088
3700,165,5,2,9,0,1,1,14,4,5,12,1,0,D,1.6063157894736841,1.2528947368421053,F1_laliga,2026-05-22 10:28:50.741102
3701,166,5,9,19,1,1,1,10,5,5,14,3,0,d,0.9805263157894736,1.6947368421052633,F1_laliga,2026-05-22 10:28:50.741159
3702,166,5,19,9,0,1,1,6,6,1,15,1,0,D,1.7289473684210528,1.069736842105263,F1_laliga,2026-05-22 10:28:50.741199
3703,167,5,9,15,1,2,2,11,5,6,8,2,0,d,0.9805263157894736,1.6947368421052633,F1_laliga,2026-05-22 10:28:50.741268
3704,167,5,15,9,0,2,2,12,6,3,14,1,0,D,1.5723684210526316,1.450263157894737,F1_laliga,2026-05-22 10:28:50.741287
3705,168,5,9,13,1,1,1,10,5,5,10,1,0,d,0.9805263157894736,1.6947368421052633,F1_laliga,2026-05-22 10:28:50.741348
3706,168,5,13,9,0,1,1,12,1,1,18,0,0,D,1.6410526315789473,1.3692105263157894,F1_laliga,2026-05-22 10:28:50.741362
3707,169,5,9,6,1,2,2,19,10,3,14,3,0,d,0.9805263157894736,1.6947368421052633,F1_laliga,2026-05-22 10:28:50.741418
3708,169,5,6,9,0,2,2,6,4,2,11,1,0,D,1.1678947368421053,1.336578947368421,F1_laliga,2026-05-22 10:28:50.741431
3709,170,5,9,7,1,0,0,12,3,9,16,2,0,a,0.9805263157894736,1.6947368421052633,F1_laliga,2026-05-22 10:28:50.741487
3710,170,5,7,9,0,0,0,8,4,4,17,3,0,D,1.644736842105263,1.1352631578947368,F1_laliga,2026-05-22 10:28:50.741501
3711,171,5,9,14,1,2,4,8,3,7,13,1,0,a,0.9805263157894736,1.6947368421052633,F1_laliga,2026-05-22 10:28:50.741584
3712,171,5,14,9,0,4,2,8,5,5,14,1,0,D,1.5994736842105264,1.414736842105263,F1_laliga,2026-05-22 10:28:50.741624
3713,172,5,9,8,1,3,2,12,3,5,10,2,0,a,0.9805263157894736,1.6947368421052633,F1_laliga,2026-05-22 10:28:50.741693
3714,172,5,8,9,0,2,3,11,5,0,14,3,0,D,1.4507894736842106,1.4205263157894736,F1_laliga,2026-05-22 10:28:50.741707
3715,173,5,9,12,1,0,2,16,5,3,19,1,0,a,0.9805263157894736,1.6947368421052633,F1_laliga,2026-05-22 10:28:50.741783
3716,173,5,12,9,0,2,0,15,3,4,15,5,0,D,1.041842105263158,1.5213157894736842,F1_laliga,2026-05-22 10:28:50.741806
3717,174,5,9,1,1,0,0,13,5,5,6,4,0,d,0.9805263157894736,1.6947368421052633,F1_laliga,2026-05-22 10:28:50.741869
3718,174,5,1,9,0,0,0,10,3,3,5,2,0,D,1.0926315789473684,1.894736842105263,F1_laliga,2026-05-22 10:28:50.741883
3719,175,5,9,5,1,3,1,13,7,6,12,1,0,a,0.9805263157894736,1.6947368421052633,F1_laliga,2026-05-22 10:28:50.741974
3720,175,5,5,9,0,1,3,10,2,4,14,2,0,D,1.1597368421052632,1.6168421052631579,F1_laliga,2026-05-22 10:28:50.741988
3721,176,5,9,10,1,2,5,15,4,4,10,2,0,a,0.9805263157894736,1.6947368421052633,F1_laliga,2026-05-22 10:28:50.742050
3722,176,5,10,9,0,5,2,18,4,3,10,3,0,D,1.1321052631578947,1.6323684210526317,F1_laliga,2026-05-22 10:28:50.742091
3723,177,5,9,11,1,1,1,11,5,9,9,2,1,d,0.9805263157894736,1.6947368421052633,F1_laliga,2026-05-22 10:28:50.742185
3724,177,5,11,9,0,1,1,10,2,3,20,1,0,D,1.2015789473684209,1.5589473684210526,F1_laliga,2026-05-22 10:28:50.742200
3725,178,5,10,16,1,0,0,12,5,3,10,0,0,d,1.1321052631578947,1.6323684210526317,F1_laliga,2026-05-22 10:28:50.742257
3726,178,5,16,10,0,0,0,9,7,4,7,4,0,D,2.1194736842105266,1.0357894736842106,F1_laliga,2026-05-22 10:28:50.742270
3727,179,5,10,4,1,2,2,13,4,13,10,2,0,d,1.1321052631578947,1.6323684210526317,F1_laliga,2026-05-22 10:28:50.742336
3728,179,5,4,10,0,2,2,7,2,1,8,1,0,D,1.9928947368421053,0.9249999999999999,F1_laliga,2026-05-22 10:28:50.742350
3729,180,5,10,3,1,0,0,13,5,3,14,2,0,d,1.1321052631578947,1.6323684210526317,F1_laliga,2026-05-22 10:28:50.742405
3730,180,5,3,10,0,0,0,14,6,4,19,0,0,D,1.963684210526316,0.71,F1_laliga,2026-05-22 10:28:50.742419
3731,181,5,10,18,1,0,2,13,5,7,11,0,0,a,1.1321052631578947,1.6323684210526317,F1_laliga,2026-05-22 10:28:50.742473
3732,181,5,18,10,0,2,0,13,7,6,11,0,0,D,2.0526315789473686,0.77,F1_laliga,2026-05-22 10:28:50.742511
3733,182,5,10,17,1,0,0,21,6,3,15,2,0,a,1.1321052631578947,1.6323684210526317,F1_laliga,2026-05-22 10:28:50.742602
3734,182,5,17,10,0,0,0,10,8,4,20,0,0,D,2.1294736842105264,1.0363157894736843,F1_laliga,2026-05-22 10:28:50.742616
3735,183,5,10,20,1,1,1,13,7,3,9,2,0,h,1.1321052631578947,1.6323684210526317,F1_laliga,2026-05-22 10:28:50.742681
3736,183,5,20,10,0,1,1,8,3,3,9,2,0,D,2.0476315789473687,0.9468421052631578,F1_laliga,2026-05-22 10:28:50.742694
3737,184,5,10,2,1,3,1,16,5,3,18,2,0,h,1.1321052631578947,1.6323684210526317,F1_laliga,2026-05-22 10:28:50.742751
3738,184,5,2,10,0,1,3,12,2,2,15,3,0,D,1.6063157894736841,1.2528947368421053,F1_laliga,2026-05-22 10:28:50.742765
3739,185,5,10,19,1,1,1,12,5,6,12,3,1,a,1.1321052631578947,1.6323684210526317,F1_laliga,2026-05-22 10:28:50.742819
3740,185,5,19,10,0,1,1,6,2,4,16,3,0,D,1.7289473684210528,1.069736842105263,F1_laliga,2026-05-22 10:28:50.742832
3741,186,5,10,15,1,1,1,15,6,6,12,2,1,h,1.1321052631578947,1.6323684210526317,F1_laliga,2026-05-22 10:28:50.742887
3742,186,5,15,10,0,1,1,13,2,6,9,1,0,D,1.5723684210526316,1.450263157894737,F1_laliga,2026-05-22 10:28:50.742924
3743,187,5,10,13,1,1,1,11,2,4,10,1,0,d,1.1321052631578947,1.6323684210526317,F1_laliga,2026-05-22 10:28:50.742992
3744,187,5,13,10,0,1,1,10,2,7,10,0,0,D,1.6410526315789473,1.3692105263157894,F1_laliga,2026-05-22 10:28:50.743006
3745,188,5,10,6,1,0,2,13,5,6,10,1,0,a,1.1321052631578947,1.6323684210526317,F1_laliga,2026-05-22 10:28:50.743061
3746,188,5,6,10,0,2,0,18,7,3,14,2,0,D,1.1678947368421053,1.336578947368421,F1_laliga,2026-05-22 10:28:50.743074
3747,189,5,10,7,1,2,4,10,6,1,15,4,0,a,1.1321052631578947,1.6323684210526317,F1_laliga,2026-05-22 10:28:50.743129
3748,189,5,7,10,0,4,2,6,3,5,17,3,1,D,1.644736842105263,1.1352631578947368,F1_laliga,2026-05-22 10:28:50.743143
3749,190,5,10,14,1,3,1,6,1,6,11,4,0,h,1.1321052631578947,1.6323684210526317,F1_laliga,2026-05-22 10:28:50.743197
3750,190,5,14,10,0,1,3,18,5,3,19,5,0,D,1.5994736842105264,1.414736842105263,F1_laliga,2026-05-22 10:28:50.743211
3751,191,5,10,8,1,0,4,15,9,7,9,1,0,a,1.1321052631578947,1.6323684210526317,F1_laliga,2026-05-22 10:28:50.743264
3752,191,5,8,10,0,4,0,9,4,6,13,1,0,D,1.4507894736842106,1.4205263157894736,F1_laliga,2026-05-22 10:28:50.743311
3753,192,5,10,12,1,0,3,7,3,5,12,0,0,a,1.1321052631578947,1.6323684210526317,F1_laliga,2026-05-22 10:28:50.743383
3754,192,5,12,10,0,3,0,13,5,6,14,1,0,D,1.041842105263158,1.5213157894736842,F1_laliga,2026-05-22 10:28:50.743397
3755,193,5,10,1,1,2,0,12,7,5,10,3,0,h,1.1321052631578947,1.6323684210526317,F1_laliga,2026-05-22 10:28:50.743487
3756,193,5,1,10,0,0,2,12,5,3,7,5,0,D,1.0926315789473684,1.894736842105263,F1_laliga,2026-05-22 10:28:50.743502
3757,194,5,10,5,1,2,2,11,7,4,12,2,0,d,1.1321052631578947,1.6323684210526317,F1_laliga,2026-05-22 10:28:50.743592
3758,194,5,5,10,0,2,2,16,3,8,10,5,0,D,1.1597368421052632,1.6168421052631579,F1_laliga,2026-05-22 10:28:50.743607
3759,195,5,10,9,1,2,2,9,5,5,11,0,0,d,1.1321052631578947,1.6323684210526317,F1_laliga,2026-05-22 10:28:50.743672
3760,195,5,9,10,0,2,2,6,3,3,12,2,0,D,0.9805263157894736,1.6947368421052633,F1_laliga,2026-05-22 10:28:50.743686
3761,196,5,10,11,1,2,0,7,5,4,17,1,0,h,1.1321052631578947,1.6323684210526317,F1_laliga,2026-05-22 10:28:50.743777
3762,196,5,11,10,0,0,2,10,4,1,12,1,1,D,1.2015789473684209,1.5589473684210526,F1_laliga,2026-05-22 10:28:50.743820
3763,197,5,11,16,1,0,1,9,3,6,7,2,0,h,1.2015789473684209,1.5589473684210526,F1_laliga,2026-05-22 10:28:50.743891
3764,197,5,16,11,0,1,0,8,3,4,9,3,0,D,2.1194736842105266,1.0357894736842106,F1_laliga,2026-05-22 10:28:50.743905
3765,198,5,11,4,1,1,1,12,4,5,14,3,0,a,1.2015789473684209,1.5589473684210526,F1_laliga,2026-05-22 10:28:50.743962
3766,198,5,4,11,0,1,1,12,5,3,15,1,0,D,1.9928947368421053,0.9249999999999999,F1_laliga,2026-05-22 10:28:50.743976
3767,199,5,11,3,1,1,2,9,9,12,14,3,0,h,1.2015789473684209,1.5589473684210526,F1_laliga,2026-05-22 10:28:50.744032
3768,199,5,3,11,0,2,1,5,3,4,10,1,0,D,1.963684210526316,0.71,F1_laliga,2026-05-22 10:28:50.744045
3769,200,5,11,18,1,4,1,11,4,0,14,1,0,h,1.2015789473684209,1.5589473684210526,F1_laliga,2026-05-22 10:28:50.744100
3770,200,5,18,11,0,1,4,11,1,5,15,3,0,D,2.0526315789473686,0.77,F1_laliga,2026-05-22 10:28:50.744113
3771,201,5,11,17,1,1,1,16,4,7,20,1,0,d,1.2015789473684209,1.5589473684210526,F1_laliga,2026-05-22 10:28:50.744211
3772,201,5,17,11,0,1,1,10,5,4,17,0,0,D,2.1294736842105264,1.0363157894736843,F1_laliga,2026-05-22 10:28:50.744263
3773,202,5,11,20,1,2,2,15,3,7,16,0,0,d,1.2015789473684209,1.5589473684210526,F1_laliga,2026-05-22 10:28:50.744346
3774,202,5,20,11,0,2,2,9,4,0,12,3,0,D,2.0476315789473687,0.9468421052631578,F1_laliga,2026-05-22 10:28:50.744361
3775,203,5,11,2,1,0,2,11,3,5,12,0,0,a,1.2015789473684209,1.5589473684210526,F1_laliga,2026-05-22 10:28:50.744420
3776,203,5,2,11,0,2,0,4,2,3,16,0,1,D,1.6063157894736841,1.2528947368421053,F1_laliga,2026-05-22 10:28:50.744433
3777,204,5,11,19,1,0,1,15,7,7,15,1,0,a,1.2015789473684209,1.5589473684210526,F1_laliga,2026-05-22 10:28:50.744490
3778,204,5,19,11,0,1,0,13,6,3,11,2,0,D,1.7289473684210528,1.069736842105263,F1_laliga,2026-05-22 10:28:50.744503
3779,164,5,11,15,1,0,1,13,7,2,10,2,0,h,1.2015789473684209,1.5589473684210526,F1_laliga,2026-05-22 10:28:50.744630
3780,164,5,15,11,0,1,0,11,5,4,12,0,0,D,1.5723684210526316,1.450263157894737,F1_laliga,2026-05-22 10:28:50.744645
3781,165,5,11,13,1,1,3,10,5,4,14,4,0,a,1.2015789473684209,1.5589473684210526,F1_laliga,2026-05-22 10:28:50.744708
3782,165,5,13,11,0,3,1,8,1,3,7,1,1,D,1.6410526315789473,1.3692105263157894,F1_laliga,2026-05-22 10:28:50.744753
3783,166,5,11,6,1,1,4,8,9,8,8,3,0,a,1.2015789473684209,1.5589473684210526,F1_laliga,2026-05-22 10:28:50.744823
3784,166,5,6,11,0,4,1,18,3,3,10,1,0,D,1.1678947368421053,1.336578947368421,F1_laliga,2026-05-22 10:28:50.744837
3785,167,5,11,7,1,0,0,9,7,1,20,1,0,h,1.2015789473684209,1.5589473684210526,F1_laliga,2026-05-22 10:28:50.744893
3786,167,5,7,11,0,0,0,11,2,1,15,2,0,D,1.644736842105263,1.1352631578947368,F1_laliga,2026-05-22 10:28:50.744907
3787,168,5,11,14,1,1,1,10,0,2,12,1,0,d,1.2015789473684209,1.5589473684210526,F1_laliga,2026-05-22 10:28:50.744962
3788,168,5,14,11,0,1,1,14,2,4,10,2,0,D,1.5994736842105264,1.414736842105263,F1_laliga,2026-05-22 10:28:50.744976
3789,169,5,11,8,1,1,1,15,6,5,15,3,0,d,1.2015789473684209,1.5589473684210526,F1_laliga,2026-05-22 10:28:50.745031
3790,169,5,8,11,0,1,1,5,1,5,8,1,0,D,1.4507894736842106,1.4205263157894736,F1_laliga,2026-05-22 10:28:50.745044
3791,170,5,11,12,1,3,2,11,5,5,12,2,0,h,1.2015789473684209,1.5589473684210526,F1_laliga,2026-05-22 10:28:50.745099
3792,170,5,12,11,0,2,3,15,1,3,14,1,0,D,1.041842105263158,1.5213157894736842,F1_laliga,2026-05-22 10:28:50.745142
3793,171,5,11,1,1,4,0,8,4,3,15,2,0,h,1.2015789473684209,1.5589473684210526,F1_laliga,2026-05-22 10:28:50.745213
3794,171,5,1,11,0,0,4,9,5,4,6,4,0,D,1.0926315789473684,1.894736842105263,F1_laliga,2026-05-22 10:28:50.745227
3795,172,5,11,5,1,3,1,12,7,6,5,1,0,h,1.2015789473684209,1.5589473684210526,F1_laliga,2026-05-22 10:28:50.745292
3796,172,5,5,11,0,1,3,8,6,3,5,4,0,D,1.1597368421052632,1.6168421052631579,F1_laliga,2026-05-22 10:28:50.745307
3797,173,5,11,9,1,0,2,15,8,4,7,1,0,a,1.2015789473684209,1.5589473684210526,F1_laliga,2026-05-22 10:28:50.745367
3798,173,5,9,11,0,2,0,6,2,3,10,3,1,D,0.9805263157894736,1.6947368421052633,F1_laliga,2026-05-22 10:28:50.745380
3799,174,5,11,10,1,1,0,10,4,3,10,0,0,a,1.2015789473684209,1.5589473684210526,F1_laliga,2026-05-22 10:28:50.745435
3800,174,5,10,11,0,0,1,13,4,4,7,5,0,D,1.1321052631578947,1.6323684210526317,F1_laliga,2026-05-22 10:28:50.745448
