Div,Date,HomeTeam,AwayTeam,FTHG,FTAG,FTR,HTHG,HTAG,HTR,HS,AS,HST,AST,HF,AF,HC,AC,HY,AY,HR,AR,B365H,B365D,B365A,season
SP1,2020-09-12 00:00:00+00:00,real madrid,barcelona,4,1,h,0,1,a,17,4,4,5,12,14,4,5,2,3,0,0,2.77,3.31,4.46,2020-21
SP1,2020-09-19 00:00:00+00:00,real madrid,atletico madrid,1,1,d,0,1,a,15,8,7,4,10,8,10,5,1,2,0,0,3.96,3.71,1.83,2020-21
SP1,2020-09-26 00:00:00+00:00,real madrid,sevilla,1,1,h,1,0,h,15,7,3,5,18,11,6,2,0,1,0,0,3.07,3.64,3.59,2020-21
SP1,2020-10-03 00:00:00+00:00,real madrid,real sociedad,4,0,h,2,0,h,18,8,2,2,11,12,4,4,1,1,0,0,2.65,3.58,4.3,2020-21
SP1,2020-10-10 00:00:00+00:00,real madrid,villarreal,0,0,d,0,0,d,15,11,7,3,13,17,5,4,2,4,0,0,3.76,3.45,3.72,2020-21
SP1,2020-10-17 00:00:00+00:00,real madrid,athletic club,0,2,a,0,2,a,11,14,4,4,8,12,5,2,0,1,0,0,2.14,3.72,5.74,2020-21
SP1,2020-10-24 00:00:00+00:00,real madrid,valencia,0,1,h,0,1,a,17,9,6,5,12,10,3,1,1,3,0,0,4.02,3.9,2.45,2020-21
SP1,2020-10-31 00:00:00+00:00,real madrid,real betis,0,0,d,0,0,d,16,14,7,3,10,9,5,6,3,3,0,0,2.22,3.32,5.56,2020-21
SP1,2020-11-07 00:00:00+00:00,real madrid,osasuna,1,2,a,1,0,h,14,8,10,6,11,16,4,4,2,1,0,0,3.59,3.29,4.74,2020-21
SP1,2020-11-14 00:00:00+00:00,real madrid,celta vigo,1,1,d,1,1,d,13,5,4,1,17,13,6,5,4,1,0,0,2.93,2.85,3.13,2020-21
SP1,2020-11-21 00:00:00+00:00,real madrid,getafe,5,1,h,0,1,a,13,7,2,7,17,15,2,4,0,0,0,0,2.25,3.26,2.23,2020-21
SP1,2020-11-28 00:00:00+00:00,real madrid,rayo vallecano,1,1,d,1,0,h,8,9,7,7,10,20,1,5,1,2,0,0,1.75,3.46,5.15,2020-21
SP1,2020-12-05 00:00:00+00:00,real madrid,girona,0,1,a,0,1,a,15,14,7,2,5,18,5,1,2,1,0,0,2.24,3.86,4.73,2020-21
SP1,2020-12-12 00:00:00+00:00,real madrid,mallorca,1,1,h,1,1,d,11,9,5,5,15,11,6,5,1,0,0,0,1.67,3.99,4.05,2020-21
SP1,2020-12-19 00:00:00+00:00,real madrid,almeria,1,0,h,1,0,h,13,7,5,5,15,10,5,2,2,0,0,0,3.89,3.23,4.22,2020-21
SP1,2020-12-26 00:00:00+00:00,real madrid,cadiz,3,3,d,0,0,d,13,6,7,6,18,18,4,3,3,0,0,0,2.61,3.21,1.94,2020-21
SP1,2021-01-02 00:00:00+00:00,real madrid,granada,3,2,a,0,0,d,18,15,2,7,12,15,1,3,2,2,0,0,4.38,3.12,3.45,2020-21
SP1,2021-01-09 00:00:00+00:00,real madrid,las palmas,0,0,d,0,0,d,8,7,7,3,9,7,5,3,5,1,0,0,3.91,3.66,2.69,2020-21
SP1,2021-01-16 00:00:00+00:00,real madrid,leganes,2,1,h,0,1,a,10,13,4,2,14,9,6,4,4,2,1,0,2.62,2.91,3.04,2020-21
SP1,2021-01-23 00:00:00+00:00,barcelona,real madrid,0,3,a,0,0,d,6,12,6,1,13,15,3,1,0,3,0,0,3.01,3.95,2.92,2020-21
SP1,2021-01-30 00:00:00+00:00,barcelona,atletico madrid,0,2,a,0,0,d,10,8,6,2,8,7,7,2,4,2,0,0,2.61,2.9,3.0,2020-21
SP1,2021-02-06 00:00:00+00:00,barcelona,sevilla,2,2,d,1,1,d,13,11,5,7,9,13,6,2,0,1,0,0,1.87,2.96,3.36,2020-21
SP1,2021-02-13 00:00:00+00:00,barcelona,real sociedad,2,2,h,0,1,a,18,11,4,3,10,13,5,6,5,0,0,0,1.86,3.78,1.89,2020-21
SP1,2021-02-20 00:00:00+00:00,barcelona,villarreal,3,0,h,0,0,d,6,11,2,3,15,14,8,4,3,6,0,0,3.88,3.73,2.34,2020-21
SP1,2021-02-27 00:00:00+00:00,barcelona,athletic club,2,1,h,1,0,h,10,6,5,5,11,6,4,4,2,1,0,0,4.08,2.89,2.02,2020-21
SP1,2021-03-06 00:00:00+00:00,barcelona,valencia,0,2,a,0,1,a,21,6,3,4,13,14,9,4,2,1,0,0,3.79,2.83,2.32,2020-21
SP1,2021-03-13 00:00:00+00:00,barcelona,real betis,2,1,h,0,0,d,9,8,5,2,7,9,3,3,3,3,0,0,3.77,3.43,2.13,2020-21
SP1,2021-03-20 00:00:00+00:00,barcelona,osasuna,2,2,d,0,1,a,11,9,2,6,14,13,2,2,3,1,0,0,2.99,3.44,5.73,2020-21
SP1,2021-03-27 00:00:00+00:00,barcelona,celta vigo,4,2,h,1,2,a,10,3,3,7,13,14,5,4,3,2,1,0,4.37,3.93,2.29,2020-21
SP1,2021-04-03 00:00:00+00:00,barcelona,getafe,2,2,d,0,1,a,12,9,5,3,13,12,6,6,1,4,0,0,3.21,2.95,2.22,2020-21
SP1,2021-04-10 00:00:00+00:00,barcelona,rayo vallecano,0,0,a,0,0,d,8,16,4,3,10,9,4,7,4,1,0,0,1.7,3.1,4.16,2020-21
SP1,2021-04-17 00:00:00+00:00,barcelona,girona,0,2,a,0,0,d,10,9,8,0,8,13,4,6,0,3,0,0,1.77,3.89,4.3,2020-21
SP1,2021-04-24 00:00:00+00:00,barcelona,mallorca,2,2,a,1,0,h,8,11,7,3,11,18,7,6,2,1,0,0,1.88,3.16,4.29,2020-21
SP1,2021-05-01 00:00:00+00:00,barcelona,almeria,3,0,h,1,0,h,11,13,5,6,12,10,2,4,4,1,0,0,3.51,3.21,4.73,2020-21
SP1,2021-05-08 00:00:00+00:00,barcelona,cadiz,3,0,h,0,0,d,14,7,3,2,10,12,5,2,3,3,0,0,3.48,3.15,4.58,2020-21
SP1,2021-05-15 00:00:00+00:00,barcelona,granada,2,0,h,1,0,h,16,12,7,5,13,11,10,6,2,4,0,0,1.78,3.01,3.0,2020-21
SP1,2021-05-22 00:00:00+00:00,barcelona,las palmas,1,1,a,0,0,d,19,6,8,6,10,9,7,6,1,2,0,0,2.18,3.21,3.38,2020-21
SP1,2020-09-12 00:00:00+00:00,barcelona,leganes,0,0,d,0,0,d,15,10,3,3,10,7,5,1,0,1,1,0,2.49,3.2,1.85,2020-21
SP1,2020-09-19 00:00:00+00:00,atletico madrid,real madrid,0,1,a,0,0,d,18,14,7,1,10,13,5,7,0,3,1,0,3.3,3.68,4.92,2020-21
SP1,2020-09-26 00:00:00+00:00,atletico madrid,barcelona,1,1,d,1,0,h,15,10,3,4,5,14,3,5,2,8,0,0,3.71,3.84,4.44,2020-21
SP1,2020-10-03 00:00:00+00:00,atletico madrid,sevilla,0,2,h,0,0,d,12,13,4,2,18,12,5,4,1,2,0,0,3.76,3.03,4.84,2020-21
SP1,2020-10-10 00:00:00+00:00,atletico madrid,real sociedad,0,1,h,0,0,d,13,7,3,8,7,13,3,5,3,1,0,0,2.52,3.91,3.18,2020-21
SP1,2020-10-17 00:00:00+00:00,atletico madrid,villarreal,2,2,a,1,0,h,8,5,5,3,17,10,6,6,1,5,0,0,3.19,3.4,3.58,2020-21
SP1,2020-10-24 00:00:00+00:00,atletico madrid,athletic club,0,0,d,0,0,d,20,5,2,3,8,6,2,4,3,0,0,0,3.08,3.95,3.35,2020-21
SP1,2020-10-31 00:00:00+00:00,atletico madrid,valencia,0,2,a,0,0,d,15,11,4,6,13,16,5,4,4,1,0,0,3.37,3.02,5.67,2020-21
SP1,2020-11-07 00:00:00+00:00,atletico madrid,real betis,3,1,h,0,1,a,13,9,5,5,13,16,2,2,3,1,0,1,3.69,3.39,3.98,2020-21
SP1,2020-11-14 00:00:00+00:00,atletico madrid,osasuna,0,2,a,0,0,d,12,9,8,5,13,9,3,7,3,3,0,0,3.22,3.01,1.82,2020-21
SP1,2020-11-21 00:00:00+00:00,atletico madrid,celta vigo,3,1,h,1,0,h,17,9,4,1,12,17,4,1,1,1,0,0,3.92,3.81,2.84,2020-21
SP1,2020-11-28 00:00:00+00:00,atletico madrid,getafe,0,1,a,0,0,d,11,18,5,4,17,9,6,3,4,3,0,0,3.64,3.41,4.42,2020-21
SP1,2020-12-05 00:00:00+00:00,atletico madrid,rayo vallecano,3,0,h,0,0,d,11,10,3,6,11,11,4,5,1,3,0,0,1.51,3.74,3.71,2020-21
SP1,2020-12-12 00:00:00+00:00,atletico madrid,girona,2,0,h,1,0,h,13,7,11,3,9,11,5,3,0,3,0,0,4.37,3.93,5.16,2020-21
SP1,2020-12-19 00:00:00+00:00,atletico madrid,mallorca,4,0,h,1,0,h,9,15,8,1,8,12,8,5,1,1,0,0,3.98,3.5,4.74,2020-21
SP1,2020-12-26 00:00:00+00:00,atletico madrid,almeria,2,1,h,2,1,h,16,16,7,3,12,14,2,4,1,1,0,0,1.79,3.84,2.94,2020-21
SP1,2021-01-02 00:00:00+00:00,atletico madrid,cadiz,3,3,d,1,1,d,8,13,6,8,10,10,5,3,3,4,0,0,2.3,3.24,3.21,2020-21
SP1,2021-01-09 00:00:00+00:00,atletico madrid,granada,1,1,h,1,1,d,9,10,2,4,20,16,2,6,2,1,0,0,4.12,2.85,2.2,2020-21
SP1,2021-01-16 00:00:00+00:00,atletico madrid,las palmas,3,1,h,2,1,h,9,13,9,8,10,11,5,1,1,3,0,0,2.3,3.49,5.27,2020-21
SP1,2021-01-23 00:00:00+00:00,atletico madrid,leganes,0,0,d,0,0,d,15,7,5,4,11,6,3,4,3,2,0,0,1.88,3.81,4.43,2020-21
SP1,2021-01-30 00:00:00+00:00,sevilla,real madrid,0,1,a,0,0,d,16,10,5,4,14,17,5,4,2,3,1,0,3.52,3.88,3.23,2020-21
SP1,2021-02-06 00:00:00+00:00,sevilla,barcelona,0,0,d,0,0,d,16,12,3,7,7,14,5,5,0,3,0,0,3.07,2.9,5.43,2020-21
SP1,2021-02-13 00:00:00+00:00,sevilla,atletico madrid,0,0,d,0,0,d,15,12,1,4,10,18,2,6,5,2,0,0,2.56,3.48,4.62,2020-21
SP1,2021-02-20 00:00:00+00:00,sevilla,real sociedad,2,2,d,1,1,d,18,9,5,8,11,13,4,5,2,2,0,1,2.5,3.49,3.31,2020-21
SP1,2021-02-27 00:00:00+00:00,sevilla,villarreal,2,0,h,1,0,h,11,4,7,6,10,12,3,6,3,1,0,0,3.75,2.8,1.99,2020-21
SP1,2021-03-06 00:00:00+00:00,sevilla,athletic club,1,1,d,0,0,d,14,9,0,8,17,17,6,9,4,1,0,0,4.45,3.48,4.23,2020-21
SP1,2021-03-13 00:00:00+00:00,sevilla,valencia,0,0,h,0,0,d,15,13,7,1,14,12,3,6,0,4,0,0,2.99,3.8,2.59,2020-21
SP1,2021-03-20 00:00:00+00:00,sevilla,real betis,1,1,d,1,0,h,11,15,0,0,9,8,2,1,1,1,0,0,2.19,3.38,5.08,2020-21
SP1,2021-03-27 00:00:00+00:00,sevilla,osasuna,0,3,a,0,1,a,21,12,7,4,15,14,3,5,2,4,0,0,2.79,3.84,4.04,2020-21
SP1,2021-04-03 00:00:00+00:00,sevilla,celta vigo,2,1,h,1,0,h,11,7,6,3,13,9,8,2,2,1,1,0,2.19,3.7,4.22,2020-21
SP1,2021-04-10 00:00:00+00:00,sevilla,getafe,0,2,a,0,1,a,14,12,7,2,15,9,6,6,1,2,0,0,3.48,3.09,3.17,2020-21
SP1,2021-04-17 00:00:00+00:00,sevilla,rayo vallecano,0,1,h,0,1,a,15,11,4,5,12,11,7,3,4,0,0,0,2.13,2.83,3.18,2020-21
SP1,2021-04-24 00:00:00+00:00,sevilla,girona,1,0,h,1,0,h,21,10,13,2,11,9,8,4,2,2,0,0,3.91,3.29,5.4,2020-21
SP1,2021-05-01 00:00:00+00:00,sevilla,mallorca,0,1,a,0,0,d,17,7,6,5,15,6,4,4,4,1,0,0,4.29,3.89,3.83,2020-21
SP1,2021-05-08 00:00:00+00:00,sevilla,almeria,2,2,d,0,1,a,10,4,5,6,12,9,6,3,1,1,1,0,2.48,3.39,2.77,2020-21
SP1,2021-05-15 00:00:00+00:00,sevilla,cadiz,3,3,d,0,0,d,13,9,4,3,12,10,4,2,1,2,0,0,2.19,3.23,2.43,2020-21
SP1,2021-05-22 00:00:00+00:00,sevilla,granada,2,0,h,1,0,h,9,11,7,4,11,8,3,3,2,4,0,1,2.19,3.5,5.18,2020-21
SP1,2020-09-12 00:00:00+00:00,sevilla,las palmas,2,0,h,2,0,h,14,15,7,4,11,14,9,5,1,0,0,0,1.58,3.93,3.33,2020-21
SP1,2020-09-19 00:00:00+00:00,sevilla,leganes,2,1,a,1,1,d,6,4,6,2,17,17,4,9,2,1,0,0,3.49,3.58,2.28,2020-21
SP1,2020-09-26 00:00:00+00:00,real sociedad,real madrid,0,0,d,0,0,d,10,11,4,4,16,14,5,5,1,4,0,0,2.02,3.61,4.39,2020-21
SP1,2020-10-03 00:00:00+00:00,real sociedad,barcelona,1,0,h,1,0,h,5,12,11,5,14,8,4,5,1,3,1,0,1.72,3.46,2.62,2020-21
SP1,2020-10-10 00:00:00+00:00,real sociedad,atletico madrid,3,1,h,0,0,d,11,9,4,3,8,12,4,3,1,3,0,0,2.66,3.66,3.17,2020-21
SP1,2020-10-17 00:00:00+00:00,real sociedad,sevilla,5,0,h,0,0,d,12,11,8,6,17,6,3,5,3,2,0,0,4.17,3.01,2.22,2020-21
SP1,2020-10-24 00:00:00+00:00,real sociedad,villarreal,0,2,a,0,0,d,11,12,7,5,12,13,7,6,2,1,0,1,1.9,3.83,3.4,2020-21
SP1,2020-10-31 00:00:00+00:00,real sociedad,athletic club,4,0,h,1,0,h,13,4,7,2,8,10,6,8,0,1,0,0,4.48,3.97,3.45,2020-21
SP1,2020-11-07 00:00:00+00:00,real sociedad,valencia,1,2,h,1,1,d,13,7,5,6,12,9,8,6,3,4,0,0,1.98,3.53,4.7,2020-21
SP1,2020-11-14 00:00:00+00:00,real sociedad,real betis,0,1,h,0,0,d,15,8,3,3,14,11,4,3,4,3,0,0,3.36,3.51,2.26,2020-21
SP1,2020-11-21 00:00:00+00:00,real sociedad,osasuna,1,3,a,1,1,d,9,15,2,3,20,17,0,5,1,3,0,0,1.76,3.1,5.41,2020-21
SP1,2020-11-28 00:00:00+00:00,real sociedad,celta vigo,0,0,d,0,0,d,9,10,7,2,4,17,1,6,1,4,0,0,3.44,3.61,5.54,2020-21
SP1,2020-12-05 00:00:00+00:00,real sociedad,getafe,2,2,d,1,2,a,10,15,6,5,11,8,8,4,2,3,0,0,1.52,3.33,2.07,2020-21
SP1,2020-12-12 00:00:00+00:00,real sociedad,rayo vallecano,2,2,d,0,0,d,8,15,5,3,13,6,2,2,3,2,0,0,3.99,3.88,4.0,2020-21
SP1,2020-12-19 00:00:00+00:00,real sociedad,girona,2,1,h,2,1,h,11,12,6,4,9,12,3,5,3,1,0,0,3.59,2.87,3.13,2020-21
SP1,2020-12-26 00:00:00+00:00,real sociedad,mallorca,3,0,h,2,0,h,8,7,7,3,6,19,3,5,1,3,0,0,1.79,2.96,2.38,2020-21
SP1,2021-01-02 00:00:00+00:00,real sociedad,almeria,1,2,a,1,1,d,10,12,10,4,7,8,3,4,1,1,0,0,1.96,3.62,2.77,2020-21
SP1,2021-01-09 00:00:00+00:00,real sociedad,cadiz,0,2,h,0,1,a,14,8,4,4,19,13,3,3,1,2,0,0,3.12,2.99,1.82,2020-21
SP1,2021-01-16 00:00:00+00:00,real sociedad,granada,0,0,h,0,0,d,13,13,8,6,10,9,2,3,1,1,0,0,2.98,2.91,5.45,2020-21
SP1,2021-01-23 00:00:00+00:00,real sociedad,las palmas,4,2,h,1,0,h,10,10,5,7,10,16,4,3,3,4,0,0,1.74,2.99,2.38,2020-21
SP1,2021-01-30 00:00:00+00:00,real sociedad,leganes,3,1,h,1,1,d,13,11,7,3,14,4,5,5,1,4,0,0,3.64,3.43,4.74,2020-21
SP1,2021-02-06 00:00:00+00:00,villarreal,real madrid,4,0,h,2,0,h,21,14,7,4,9,8,4,5,2,0,0,0,3.19,3.02,5.02,2020-21
SP1,2021-02-13 00:00:00+00:00,villarreal,barcelona,0,1,h,0,0,d,9,3,4,2,15,9,7,6,3,1,0,0,3.4,3.93,5.87,2020-21
SP1,2021-02-20 00:00:00+00:00,villarreal,atletico madrid,4,0,h,0,0,d,19,10,1,5,18,8,5,3,2,2,0,0,1.89,3.84,2.07,2020-21
SP1,2021-02-27 00:00:00+00:00,villarreal,sevilla,1,5,a,1,1,d,18,8,3,5,11,11,7,6,0,2,0,0,3.6,3.71,1.93,2020-21
SP1,2021-03-06 00:00:00+00:00,villarreal,real sociedad,1,0,h,1,0,h,20,7,6,4,9,10,6,3,3,1,0,0,3.51,3.38,5.35,2020-21
SP1,2021-03-13 00:00:00+00:00,villarreal,athletic club,4,0,h,2,0,h,10,14,4,3,15,19,4,5,2,2,0,0,3.56,3.01,5.46,2020-21
SP1,2021-03-20 00:00:00+00:00,villarreal,valencia,4,4,d,0,0,d,13,10,4,3,14,10,3,4,3,1,0,0,3.22,3.02,2.96,2020-21
SP1,2021-03-27 00:00:00+00:00,villarreal,real betis,2,1,h,2,1,h,5,5,9,1,8,18,4,6,3,2,0,0,3.27,3.95,3.98,2020-21
SP1,2021-04-03 00:00:00+00:00,villarreal,osasuna,3,2,h,1,0,h,13,8,7,5,8,9,4,1,2,0,0,0,1.66,3.85,4.54,2020-21
SP1,2021-04-10 00:00:00+00:00,villarreal,celta vigo,2,0,h,0,0,d,14,8,4,6,16,10,4,2,0,2,0,0,3.57,3.7,2.39,2020-21
SP1,2021-04-17 00:00:00+00:00,villarreal,getafe,1,0,h,1,0,h,12,11,8,4,15,8,4,4,3,1,0,0,4.29,3.17,5.36,2020-21
SP1,2021-04-24 00:00:00+00:00,villarreal,rayo vallecano,3,1,h,0,0,d,6,11,8,3,9,6,3,3,2,4,0,0,4.11,3.6,3.12,2020-21
SP1,2021-05-01 00:00:00+00:00,villarreal,girona,1,1,h,1,1,d,20,11,4,5,18,12,3,3,4,1,0,0,4.16,3.23,4.41,2020-21
SP1,2021-05-08 00:00:00+00:00,villarreal,mallorca,0,4,a,0,1,a,13,9,6,2,9,21,10,5,2,4,0,0,1.63,3.66,4.12,2020-21
SP1,2021-05-15 00:00:00+00:00,villarreal,almeria,2,1,h,0,0,d,18,15,5,2,12,7,6,5,1,4,0,0,3.01,3.24,5.64,2020-21
SP1,2021-05-22 00:00:00+00:00,villarreal,cadiz,4,0,h,0,0,d,16,7,8,3,17,11,7,4,1,3,0,0,3.3,3.76,2.03,2020-21
SP1,2020-09-12 00:00:00+00:00,villarreal,granada,0,5,a,0,1,a,13,13,7,4,5,14,5,3,1,2,0,0,4.21,3.47,5.39,2020-21
SP1,2020-09-19 00:00:00+00:00,villarreal,las palmas,0,0,d,0,0,d,13,12,7,4,7,11,7,3,2,0,0,0,2.68,3.44,2.91,2020-21
SP1,2020-09-26 00:00:00+00:00,villarreal,leganes,0,0,d,0,0,d,19,4,9,3,11,15,7,4,3,1,0,0,2.39,3.02,2.88,2020-21
SP1,2020-10-03 00:00:00+00:00,athletic club,real madrid,1,2,h,0,0,d,20,10,4,1,17,12,9,3,4,4,0,0,4.14,3.93,5.72,2020-21
SP1,2020-10-10 00:00:00+00:00,athletic club,barcelona,3,0,h,1,0,h,15,8,6,2,14,16,13,4,1,0,0,0,1.76,2.84,3.55,2020-21
SP1,2020-10-17 00:00:00+00:00,athletic club,atletico madrid,0,0,d,0,0,d,16,14,4,4,14,11,10,3,3,1,0,0,3.03,3.39,4.72,2020-21
SP1,2020-10-24 00:00:00+00:00,athletic club,sevilla,1,2,a,0,2,a,18,13,7,6,9,20,2,1,5,2,0,0,2.16,3.06,3.15,2020-21
SP1,2020-10-31 00:00:00+00:00,athletic club,real sociedad,1,1,h,0,1,a,9,14,2,2,15,10,4,4,1,4,0,1,3.98,3.48,5.9,2020-21
SP1,2020-11-07 00:00:00+00:00,athletic club,villarreal,2,2,h,0,1,a,9,11,9,3,5,11,8,4,1,2,0,0,4.21,3.36,2.62,2020-21
SP1,2020-11-14 00:00:00+00:00,athletic club,valencia,1,1,a,1,1,d,11,15,2,4,15,18,6,7,1,2,0,0,2.58,3.14,2.68,2020-21
SP1,2020-11-21 00:00:00+00:00,athletic club,real betis,1,0,h,1,0,h,21,9,4,8,13,6,7,4,4,3,0,0,4.32,2.86,4.88,2020-21
SP1,2020-11-28 00:00:00+00:00,athletic club,osasuna,1,1,d,1,0,h,11,7,10,1,13,10,1,3,1,2,0,0,2.89,3.73,3.21,2020-21
SP1,2020-12-05 00:00:00+00:00,athletic club,celta vigo,4,0,h,0,0,d,14,12,8,2,11,14,5,4,2,2,1,0,1.63,3.85,4.49,2020-21
SP1,2020-12-12 00:00:00+00:00,athletic club,getafe,2,1,h,2,0,h,10,7,5,5,8,9,4,3,4,2,0,0,2.23,3.01,5.86,2020-21
SP1,2020-12-19 00:00:00+00:00,athletic club,rayo vallecano,1,1,h,1,0,h,10,15,2,6,11,8,1,2,3,2,0,0,3.67,3.44,2.23,2020-21
SP1,2020-12-26 00:00:00+00:00,athletic club,girona,1,1,h,1,0,h,12,7,5,5,11,12,6,2,1,2,0,0,3.52,3.97,3.85,2020-21
SP1,2021-01-02 00:00:00+00:00,athletic club,mallorca,2,2,d,1,0,h,10,10,8,4,8,17,8,2,5,1,0,0,3.71,3.27,2.42,2020-21
SP1,2021-01-09 00:00:00+00:00,athletic club,almeria,1,0,h,0,0,d,12,10,6,2,11,10,4,3,1,3,0,0,1.68,3.16,4.41,2020-21
SP1,2021-01-16 00:00:00+00:00,athletic club,cadiz,4,0,h,0,0,d,14,7,6,4,9,4,5,1,3,3,0,0,3.33,3.06,2.14,2020-21
SP1,2021-01-23 00:00:00+00:00,athletic club,granada,2,2,a,0,1,a,8,10,6,2,10,9,4,4,2,1,0,0,3.72,3.67,5.32,2020-21
SP1,2021-01-30 00:00:00+00:00,athletic club,las palmas,2,1,h,2,1,h,13,8,5,4,16,9,6,7,0,1,0,0,1.93,3.78,2.62,2020-21
SP1,2021-02-06 00:00:00+00:00,athletic club,leganes,2,0,h,1,0,h,11,12,7,6,15,7,6,8,2,2,0,0,4.39,3.37,4.8,2020-21
SP1,2021-02-13 00:00:00+00:00,valencia,real madrid,4,1,h,1,0,h,16,4,5,3,13,14,2,2,0,0,0,0,2.64,3.96,1.88,2020-21
SP1,2021-02-20 00:00:00+00:00,valencia,barcelona,1,2,a,1,0,h,12,8,6,2,3,12,2,3,5,3,0,1,1.8,3.59,5.59,2020-21
SP1,2021-02-27 00:00:00+00:00,valencia,atletico madrid,1,1,a,0,0,d,20,8,3,0,14,7,5,7,3,3,0,0,3.72,3.22,3.06,2020-21
SP1,2021-03-06 00:00:00+00:00,valencia,sevilla,1,1,d,1,0,h,16,10,7,3,10,6,4,5,3,3,0,0,3.49,3.25,5.68,2020-21
SP1,2021-03-13 00:00:00+00:00,valencia,real sociedad,2,2,d,1,0,h,15,14,5,5,15,11,4,5,2,3,0,0,3.67,3.06,5.78,2020-21
SP1,2021-03-20 00:00:00+00:00,valencia,villarreal,4,0,h,0,0,d,16,12,7,4,12,11,4,4,2,0,0,0,3.73,3.31,4.69,2020-21
SP1,2021-03-27 00:00:00+00:00,valencia,athletic club,1,1,d,0,1,a,16,15,6,5,7,14,7,2,4,4,0,0,3.23,3.16,4.05,2020-21
SP1,2021-04-03 00:00:00+00:00,valencia,real betis,2,2,h,1,0,h,13,10,5,7,9,15,6,6,0,2,0,0,1.55,3.81,3.96,2020-21
SP1,2021-04-10 00:00:00+00:00,valencia,osasuna,0,0,d,0,0,d,12,11,4,7,11,12,2,4,0,2,0,0,3.25,3.15,3.39,2020-21
SP1,2021-04-17 00:00:00+00:00,valencia,celta vigo,1,1,d,1,1,d,16,8,3,5,12,10,8,4,2,3,0,0,3.36,2.97,4.73,2020-21
SP1,2021-04-24 00:00:00+00:00,valencia,getafe,1,2,h,1,1,d,9,8,6,3,9,13,5,4,1,3,1,0,3.16,3.62,2.0,2020-21
SP1,2021-05-01 00:00:00+00:00,valencia,rayo vallecano,2,0,h,0,0,d,10,13,3,2,14,14,4,2,1,4,0,0,2.42,3.69,4.69,2020-21
SP1,2021-05-08 00:00:00+00:00,valencia,girona,2,2,d,0,0,d,10,16,2,5,5,10,2,7,1,1,0,0,2.25,3.83,4.76,2020-21
SP1,2021-05-15 00:00:00+00:00,valencia,mallorca,0,2,a,0,1,a,16,11,7,6,9,16,4,6,2,3,0,0,4.28,2.98,5.24,2020-21
SP1,2021-05-22 00:00:00+00:00,valencia,almeria,2,2,d,0,1,a,9,8,5,2,14,14,4,3,3,3,0,0,2.68,3.86,3.08,2020-21
SP1,2020-09-12 00:00:00+00:00,valencia,cadiz,0,0,d,0,0,d,21,6,3,4,11,10,7,6,1,3,0,0,1.78,3.69,1.95,2020-21
SP1,2020-09-19 00:00:00+00:00,valencia,granada,0,1,a,0,0,d,14,8,6,5,10,11,6,3,3,2,0,0,1.94,3.16,4.34,2020-21
SP1,2020-09-26 00:00:00+00:00,valencia,las palmas,3,0,h,1,0,h,7,10,8,4,11,16,2,4,2,2,0,0,2.17,2.93,5.52,2020-21
SP1,2020-10-03 00:00:00+00:00,valencia,leganes,1,1,d,0,1,a,15,15,5,4,10,10,6,3,1,1,0,0,3.32,3.25,1.91,2020-21
SP1,2020-10-10 00:00:00+00:00,real betis,real madrid,0,4,h,0,0,d,21,13,6,3,18,11,4,1,3,2,0,0,2.23,3.64,5.32,2020-21
SP1,2020-10-17 00:00:00+00:00,real betis,barcelona,2,0,h,2,0,h,15,9,7,2,9,7,3,2,3,1,0,0,4.33,3.09,5.63,2020-21
SP1,2020-10-24 00:00:00+00:00,real betis,atletico madrid,0,0,a,0,0,d,16,12,3,3,20,11,6,2,4,0,1,0,4.38,2.9,3.78,2020-21
SP1,2020-10-31 00:00:00+00:00,real betis,sevilla,2,1,h,1,1,d,11,9,5,5,8,12,10,3,2,3,0,0,4.29,3.34,2.89,2020-21
SP1,2020-11-07 00:00:00+00:00,real betis,real sociedad,4,0,h,0,0,d,13,10,6,5,15,13,5,6,2,1,0,0,2.41,3.91,4.77,2020-21
SP1,2020-11-14 00:00:00+00:00,real betis,villarreal,0,0,h,0,0,d,10,10,3,1,9,15,12,1,2,4,0,0,3.13,3.8,4.45,2020-21
SP1,2020-11-21 00:00:00+00:00,real betis,athletic club,0,0,h,0,0,d,11,9,5,4,15,13,4,1,1,4,0,0,2.12,2.95,4.36,2020-21
SP1,2020-11-28 00:00:00+00:00,real betis,valencia,1,0,h,0,0,d,14,13,3,4,12,10,2,4,1,0,0,1,3.85,3.13,2.87,2020-21
SP1,2020-12-05 00:00:00+00:00,real betis,osasuna,0,2,a,0,2,a,15,11,8,2,14,13,7,3,3,0,0,0,3.23,3.43,3.44,2020-21
SP1,2020-12-12 00:00:00+00:00,real betis,celta vigo,2,2,d,0,0,d,11,6,6,3,16,9,2,6,4,3,0,0,1.64,3.7,2.02,2020-21
SP1,2020-12-19 00:00:00+00:00,real betis,getafe,0,2,a,0,1,a,11,13,9,4,14,13,1,2,3,5,0,0,3.14,3.62,2.97,2020-21
SP1,2020-12-26 00:00:00+00:00,real betis,rayo vallecano,0,0,d,0,0,d,17,9,4,5,12,11,8,6,2,3,1,0,2.82,3.94,2.36,2020-21
SP1,2021-01-02 00:00:00+00:00,real betis,girona,0,0,h,0,0,d,13,10,4,5,11,14,4,3,2,0,0,0,3.82,3.65,5.42,2020-21
SP1,2021-01-09 00:00:00+00:00,real betis,mallorca,1,1,h,1,0,h,14,6,7,3,17,12,4,6,1,1,0,0,2.62,3.06,4.09,2020-21
SP1,2021-01-16 00:00:00+00:00,real betis,almeria,3,0,h,2,0,h,12,7,5,4,19,14,5,5,1,1,0,0,4.49,2.95,5.62,2020-21
SP1,2021-01-23 00:00:00+00:00,real betis,cadiz,0,0,d,0,0,d,17,14,4,2,10,15,5,3,0,1,0,0,4.18,3.08,5.39,2020-21
SP1,2021-01-30 00:00:00+00:00,real betis,granada,0,2,a,0,1,a,16,7,3,2,8,12,5,4,1,5,0,0,1.54,3.21,3.39,2020-21
SP1,2021-02-06 00:00:00+00:00,real betis,las palmas,0,0,a,0,0,d,10,8,3,4,14,12,3,0,2,3,0,0,1.63,3.72,3.98,2020-21
SP1,2021-02-13 00:00:00+00:00,real betis,leganes,1,0,h,1,0,h,13,8,3,5,14,13,4,1,3,1,0,0,3.77,3.56,4.08,2020-21
SP1,2021-02-20 00:00:00+00:00,osasuna,real madrid,0,0,d,0,0,d,12,3,6,2,6,14,6,7,2,2,0,0,2.24,3.67,4.15,2020-21
SP1,2021-02-27 00:00:00+00:00,osasuna,barcelona,0,3,a,0,0,d,14,8,1,5,11,9,4,2,1,2,0,0,3.8,3.99,4.42,2020-21
SP1,2021-03-06 00:00:00+00:00,osasuna,atletico madrid,1,1,h,1,1,d,9,9,7,3,10,12,4,2,0,4,0,0,2.94,3.4,2.49,2020-21
SP1,2021-03-13 00:00:00+00:00,osasuna,sevilla,0,0,d,0,0,d,8,10,3,3,17,13,6,9,4,3,0,0,4.15,3.56,2.05,2020-21
SP1,2021-03-20 00:00:00+00:00,osasuna,real sociedad,2,2,d,0,1,a,7,12,3,3,20,8,11,4,3,1,0,0,3.45,2.94,2.5,2020-21
SP1,2021-03-27 00:00:00+00:00,osasuna,villarreal,3,2,a,0,1,a,11,8,4,5,19,9,7,5,2,2,0,0,3.76,3.19,2.24,2020-21
SP1,2021-04-03 00:00:00+00:00,osasuna,athletic club,1,1,h,1,0,h,14,11,7,8,14,13,3,3,1,2,0,1,2.6,3.21,1.83,2020-21
SP1,2021-04-10 00:00:00+00:00,osasuna,valencia,0,1,h,0,1,a,13,11,6,6,11,13,3,4,5,1,0,0,3.31,2.83,1.91,2020-21
SP1,2021-04-17 00:00:00+00:00,osasuna,real betis,1,1,d,0,0,d,17,11,8,2,13,14,4,3,0,3,0,0,1.71,3.41,5.39,2020-21
SP1,2021-04-24 00:00:00+00:00,osasuna,celta vigo,3,0,h,2,0,h,11,8,5,6,6,13,6,4,0,2,0,0,2.92,3.67,5.96,2020-21
SP1,2021-05-01 00:00:00+00:00,osasuna,getafe,1,1,d,1,0,h,12,13,3,3,18,12,6,5,3,3,0,0,4.27,3.57,4.67,2020-21
SP1,2021-05-08 00:00:00+00:00,osasuna,rayo vallecano,2,2,d,0,0,d,15,10,3,6,18,18,5,5,0,2,0,0,3.03,2.93,4.35,2020-21
SP1,2021-05-15 00:00:00+00:00,osasuna,girona,1,2,a,1,0,h,13,9,7,1,13,7,8,4,4,0,0,0,3.89,3.48,3.81,2020-21
SP1,2021-05-22 00:00:00+00:00,osasuna,mallorca,0,1,h,0,1,a,15,6,3,4,6,7,4,5,1,3,0,0,1.9,3.5,5.47,2020-21
SP1,2020-09-12 00:00:00+00:00,osasuna,almeria,3,2,h,1,1,d,17,10,7,3,7,11,3,3,2,1,0,0,4.4,3.2,4.27,2020-21
SP1,2020-09-19 00:00:00+00:00,osasuna,cadiz,2,1,h,0,0,d,13,9,8,4,10,8,2,3,4,3,0,0,1.72,3.73,5.3,2020-21
SP1,2020-09-26 00:00:00+00:00,osasuna,granada,4,1,h,1,0,h,15,8,2,7,17,11,3,3,3,1,0,0,2.89,2.93,1.91,2020-21
SP1,2020-10-03 00:00:00+00:00,osasuna,las palmas,1,1,h,0,1,a,9,11,6,8,11,5,1,5,3,5,0,0,3.35,3.75,4.2,2020-21
SP1,2020-10-10 00:00:00+00:00,osasuna,leganes,1,1,d,0,1,a,14,5,5,5,19,10,3,1,2,1,0,0,3.5,3.26,5.21,2020-21
SP1,2020-10-17 00:00:00+00:00,celta vigo,real madrid,1,1,d,0,1,a,11,11,4,3,12,10,4,4,2,4,2,0,4.2,3.7,4.66,2020-21
SP1,2020-10-24 00:00:00+00:00,celta vigo,barcelona,1,1,d,0,0,d,9,7,4,1,17,17,3,3,1,1,0,0,3.45,3.99,4.67,2020-21
SP1,2020-10-31 00:00:00+00:00,celta vigo,atletico madrid,0,2,a,0,0,d,18,13,6,8,12,10,1,2,0,0,0,0,3.38,3.73,4.53,2020-21
SP1,2020-11-07 00:00:00+00:00,celta vigo,sevilla,3,3,d,1,2,a,9,5,4,5,11,15,4,4,3,6,0,0,2.31,3.87,4.53,2020-21
SP1,2020-11-14 00:00:00+00:00,celta vigo,real sociedad,1,0,h,0,0,d,14,18,3,4,12,14,7,5,2,0,0,0,1.72,3.29,3.89,2020-21
SP1,2020-11-21 00:00:00+00:00,celta vigo,villarreal,0,0,h,0,0,d,9,6,4,5,10,12,3,3,1,1,0,0,4.37,3.05,4.93,2020-21
SP1,2020-11-28 00:00:00+00:00,celta vigo,athletic club,0,0,h,0,0,d,17,15,3,4,16,16,5,2,4,3,0,0,1.65,3.27,3.56,2020-21
SP1,2020-12-05 00:00:00+00:00,celta vigo,valencia,0,0,d,0,0,d,11,8,4,5,4,11,6,2,1,2,0,0,1.87,3.05,5.74,2020-21
SP1,2020-12-12 00:00:00+00:00,celta vigo,real betis,1,0,h,0,0,d,10,6,9,3,12,6,4,5,1,1,1,0,2.46,3.31,3.79,2020-21
SP1,2020-12-19 00:00:00+00:00,celta vigo,osasuna,1,1,d,1,0,h,14,13,7,2,11,15,5,2,0,4,0,0,2.65,3.69,2.61,2020-21
SP1,2020-12-26 00:00:00+00:00,celta vigo,getafe,3,3,d,0,0,d,13,5,4,8,17,14,6,6,3,0,0,0,3.03,3.61,4.47,2020-21
SP1,2021-01-02 00:00:00+00:00,celta vigo,rayo vallecano,0,1,h,0,0,d,15,13,5,0,18,15,7,3,4,3,0,0,2.07,3.97,5.4,2020-21
SP1,2021-01-09 00:00:00+00:00,celta vigo,girona,0,1,h,0,0,d,11,13,9,4,11,11,2,3,6,3,0,0,3.21,2.98,1.87,2020-21
SP1,2021-01-16 00:00:00+00:00,celta vigo,mallorca,1,0,h,0,0,d,15,9,7,8,8,11,5,3,4,1,0,0,3.25,2.93,4.72,2020-21
SP1,2021-01-23 00:00:00+00:00,celta vigo,almeria,2,2,a,0,0,d,11,13,5,3,10,13,7,3,6,2,0,0,1.92,2.84,4.64,2020-21
SP1,2021-01-30 00:00:00+00:00,celta vigo,cadiz,1,3,a,1,0,h,21,15,6,3,14,10,3,1,1,1,0,0,2.39,3.84,4.68,2020-21
SP1,2021-02-06 00:00:00+00:00,celta vigo,granada,1,0,h,0,0,d,8,13,8,3,21,13,3,5,3,1,0,1,3.99,2.88,4.2,2020-21
SP1,2021-02-13 00:00:00+00:00,celta vigo,las palmas,1,2,h,1,0,h,9,6,1,4,14,13,7,2,0,3,0,0,3.3,3.82,2.14,2020-21
SP1,2021-02-20 00:00:00+00:00,celta vigo,leganes,1,1,h,1,0,h,10,11,4,5,10,18,5,2,3,2,0,0,1.98,2.97,3.0,2020-21
SP1,2021-02-27 00:00:00+00:00,getafe,real madrid,1,1,d,1,1,d,19,7,5,1,11,10,8,2,0,2,0,0,3.62,2.97,1.95,2020-21
SP1,2021-03-06 00:00:00+00:00,getafe,barcelona,1,0,h,0,0,d,15,7,9,4,10,11,2,1,2,1,0,0,3.4,3.3,3.38,2020-21
SP1,2021-03-13 00:00:00+00:00,getafe,atletico madrid,1,1,h,0,1,a,16,17,5,3,10,11,6,5,0,3,0,0,2.52,3.89,4.87,2020-21
SP1,2021-03-20 00:00:00+00:00,getafe,sevilla,2,4,a,1,1,d,10,7,5,4,9,13,4,3,3,1,0,0,3.21,3.34,2.19,2020-21
SP1,2021-03-27 00:00:00+00:00,getafe,real sociedad,0,0,d,0,0,d,13,11,6,5,22,13,8,6,1,5,0,0,4.49,3.4,4.53,2020-21
SP1,2021-04-03 00:00:00+00:00,getafe,villarreal,1,1,d,1,1,d,16,11,7,5,16,7,10,4,1,2,0,0,3.28,2.83,3.01,2020-21
SP1,2021-04-10 00:00:00+00:00,getafe,athletic club,0,0,d,0,0,d,16,10,4,8,7,19,5,4,1,1,0,0,4.39,3.21,2.47,2020-21
SP1,2021-04-17 00:00:00+00:00,getafe,valencia,0,2,a,0,0,d,13,15,3,6,16,7,3,3,3,4,0,0,3.4,2.86,5.11,2020-21
SP1,2021-04-24 00:00:00+00:00,getafe,real betis,1,4,a,0,0,d,7,10,1,6,12,13,6,4,5,3,0,0,2.75,3.42,5.9,2020-21
SP1,2021-05-01 00:00:00+00:00,getafe,osasuna,0,0,d,0,0,d,14,5,4,2,11,16,3,2,2,5,0,0,1.68,2.91,3.4,2020-21
SP1,2021-05-08 00:00:00+00:00,getafe,celta vigo,2,2,d,2,1,h,13,8,3,5,10,12,4,1,1,4,0,0,3.31,3.35,4.52,2020-21
SP1,2021-05-15 00:00:00+00:00,getafe,rayo vallecano,0,2,a,0,0,d,8,15,2,2,18,15,2,2,1,2,0,0,4.29,2.87,3.8,2020-21
SP1,2021-05-22 00:00:00+00:00,getafe,girona,4,0,h,1,0,h,21,9,8,5,16,19,5,3,6,1,0,0,3.5,3.59,2.12,2020-21
SP1,2020-09-12 00:00:00+00:00,getafe,mallorca,5,1,h,1,1,d,11,8,4,6,10,18,3,1,1,3,0,0,2.32,3.22,3.34,2020-21
SP1,2020-09-19 00:00:00+00:00,getafe,almeria,3,1,h,0,0,d,13,6,4,8,9,14,7,2,1,2,0,0,1.54,2.9,4.19,2020-21
SP1,2020-09-26 00:00:00+00:00,getafe,cadiz,0,0,d,0,0,d,12,6,1,4,10,12,4,1,2,1,0,0,1.59,3.55,2.6,2020-21
SP1,2020-10-03 00:00:00+00:00,getafe,granada,3,3,d,0,1,a,18,9,4,8,19,8,6,5,0,0,0,0,2.91,3.22,4.79,2020-21
SP1,2020-10-10 00:00:00+00:00,getafe,las palmas,0,0,d,0,0,d,10,5,8,5,8,16,5,2,2,3,0,0,1.59,3.92,4.71,2020-21
SP1,2020-10-17 00:00:00+00:00,getafe,leganes,0,2,a,0,1,a,15,7,3,4,11,9,3,2,1,1,0,0,3.99,2.88,4.05,2020-21
SP1,2020-10-24 00:00:00+00:00,rayo vallecano,real madrid,3,3,a,2,0,h,18,11,5,2,11,10,5,5,1,1,0,0,4.21,3.69,2.26,2020-21
SP1,2020-10-31 00:00:00+00:00,rayo vallecano,barcelona,1,1,a,1,0,h,5,5,4,7,13,15,8,6,2,4,0,0,3.5,3.24,3.88,2020-21
SP1,2020-11-07 00:00:00+00:00,rayo vallecano,atletico madrid,4,0,h,1,0,h,10,14,5,1,13,13,4,1,1,1,1,0,4.02,3.03,3.58,2020-21
SP1,2020-11-14 00:00:00+00:00,rayo vallecano,sevilla,0,2,a,0,1,a,15,9,3,6,13,12,3,4,3,1,1,0,3.35,3.41,2.16,2020-21
SP1,2020-11-21 00:00:00+00:00,rayo vallecano,real sociedad,2,3,a,0,0,d,21,8,5,3,12,17,5,3,2,2,0,0,2.71,3.64,3.02,2020-21
SP1,2020-11-28 00:00:00+00:00,rayo vallecano,villarreal,2,0,h,0,0,d,9,12,5,8,10,20,1,6,3,4,0,0,3.1,3.85,3.59,2020-21
SP1,2020-12-05 00:00:00+00:00,rayo vallecano,athletic club,0,3,a,0,0,d,17,8,2,3,13,10,1,7,3,4,0,0,1.78,3.45,4.54,2020-21
SP1,2020-12-12 00:00:00+00:00,rayo vallecano,valencia,2,2,d,0,2,a,12,10,3,2,9,15,4,5,3,1,0,0,4.45,3.42,4.08,2020-21
SP1,2020-12-19 00:00:00+00:00,rayo vallecano,real betis,0,0,d,0,0,d,11,8,3,4,15,14,0,5,2,0,0,0,1.64,3.51,2.08,2020-21
SP1,2020-12-26 00:00:00+00:00,rayo vallecano,osasuna,1,0,h,1,0,h,18,8,7,6,9,20,7,5,3,1,0,0,3.56,3.79,3.02,2020-21
SP1,2021-01-02 00:00:00+00:00,rayo vallecano,celta vigo,3,1,h,0,1,a,12,9,6,3,9,7,9,6,1,2,0,1,3.14,3.01,5.7,2020-21
SP1,2021-01-09 00:00:00+00:00,rayo vallecano,getafe,2,4,a,0,1,a,15,10,4,3,15,17,1,1,2,2,0,0,1.87,3.5,4.49,2020-21
SP1,2021-01-16 00:00:00+00:00,rayo vallecano,girona,0,2,h,0,2,a,20,10,4,2,10,11,4,2,2,2,0,0,3.47,3.24,3.05,2020-21
SP1,2021-01-23 00:00:00+00:00,rayo vallecano,mallorca,1,2,h,1,0,h,11,12,3,6,21,11,3,3,1,2,0,0,3.09,3.37,4.8,2020-21
SP1,2021-01-30 00:00:00+00:00,rayo vallecano,almeria,3,3,d,1,0,h,8,4,5,5,8,8,2,4,2,2,0,0,3.08,3.99,2.54,2020-21
SP1,2021-02-06 00:00:00+00:00,rayo vallecano,cadiz,0,0,d,0,0,d,13,13,7,3,9,12,6,2,4,1,0,0,3.01,2.97,4.04,2020-21
SP1,2021-02-13 00:00:00+00:00,rayo vallecano,granada,1,2,a,1,1,d,19,11,8,2,11,17,12,3,0,2,0,0,1.75,3.34,3.16,2020-21
SP1,2021-02-20 00:00:00+00:00,rayo vallecano,las palmas,3,0,h,2,0,h,8,9,4,5,8,16,3,9,0,2,0,1,1.7,3.8,2.8,2020-21
SP1,2021-02-27 00:00:00+00:00,rayo vallecano,leganes,0,1,a,0,1,a,14,11,2,2,9,9,4,5,2,3,0,0,1.57,3.55,2.52,2020-21
SP1,2021-03-06 00:00:00+00:00,girona,real madrid,3,3,d,0,1,a,16,8,3,6,13,9,4,1,0,0,0,0,3.65,3.88,4.84,2020-21
SP1,2021-03-13 00:00:00+00:00,girona,barcelona,2,1,h,1,1,d,11,13,4,5,12,15,5,3,1,1,0,1,4.32,3.69,1.93,2020-21
SP1,2021-03-20 00:00:00+00:00,girona,atletico madrid,0,0,d,0,0,d,16,14,4,7,10,14,6,1,3,1,0,0,2.71,3.25,3.31,2020-21
SP1,2021-03-27 00:00:00+00:00,girona,sevilla,1,2,a,0,0,d,10,11,3,8,11,13,9,3,3,0,0,0,3.11,3.17,3.59,2020-21
SP1,2021-04-03 00:00:00+00:00,girona,real sociedad,1,3,a,1,0,h,16,11,10,2,11,12,3,7,2,3,0,0,1.53,3.39,4.83,2020-21
SP1,2021-04-10 00:00:00+00:00,girona,villarreal,1,3,a,0,1,a,9,7,1,3,6,12,8,7,2,1,0,0,4.36,3.86,4.27,2020-21
SP1,2021-04-17 00:00:00+00:00,girona,athletic club,1,1,d,0,1,a,12,12,3,4,13,6,11,1,0,2,0,0,3.48,3.38,5.32,2020-21
SP1,2021-04-24 00:00:00+00:00,girona,valencia,0,0,d,0,0,d,11,5,8,8,6,10,9,5,2,2,0,0,2.68,3.49,2.26,2020-21
SP1,2021-05-01 00:00:00+00:00,girona,real betis,0,0,d,0,0,d,12,10,7,2,9,11,10,6,4,2,0,0,3.56,2.96,4.95,2020-21
SP1,2021-05-08 00:00:00+00:00,girona,osasuna,0,2,a,0,0,d,12,15,3,2,16,11,8,2,1,0,0,1,3.14,3.47,3.05,2020-21
SP1,2021-05-15 00:00:00+00:00,girona,celta vigo,0,3,h,0,0,d,10,8,6,2,11,14,3,2,1,3,0,0,2.5,2.88,2.91,2020-21
SP1,2021-05-22 00:00:00+00:00,girona,getafe,2,3,h,0,1,a,14,10,1,1,11,16,5,3,1,2,0,0,4.49,2.89,2.69,2020-21
SP1,2020-09-12 00:00:00+00:00,girona,rayo vallecano,0,2,a,0,1,a,15,10,2,3,12,10,2,3,3,0,0,0,2.86,3.93,2.33,2020-21
SP1,2020-09-19 00:00:00+00:00,girona,mallorca,1,1,d,1,0,h,17,14,11,5,15,20,7,4,2,3,0,0,2.53,3.77,5.59,2020-21
SP1,2020-09-26 00:00:00+00:00,girona,almeria,0,0,d,0,0,d,13,15,6,2,9,9,3,7,2,1,0,0,1.61,3.77,2.05,2020-21
SP1,2020-10-03 00:00:00+00:00,girona,cadiz,1,1,a,1,1,d,9,14,1,3,12,16,2,5,3,4,0,0,4.44,3.03,5.89,2020-21
SP1,2020-10-10 00:00:00+00:00,girona,granada,0,0,d,0,0,d,19,7,6,4,13,15,7,2,1,1,0,0,1.63,2.82,4.33,2020-21
SP1,2020-10-17 00:00:00+00:00,girona,las palmas,1,1,a,1,0,h,6,14,5,3,9,11,2,7,1,2,0,0,2.39,3.36,2.29,2020-21
SP1,2020-10-24 00:00:00+00:00,girona,leganes,0,2,a,0,2,a,15,9,7,2,10,16,8,3,2,0,0,0,3.19,3.79,5.18,2020-21
SP1,2020-10-31 00:00:00+00:00,mallorca,real madrid,3,4,h,1,0,h,8,6,3,6,10,11,2,6,4,0,0,0,2.95,2.97,2.29,2020-21
SP1,2020-11-07 00:00:00+00:00,mallorca,barcelona,2,1,a,1,0,h,19,15,4,5,13,10,9,4,1,2,0,0,4.03,3.02,5.91,2020-21
SP1,2020-11-14 00:00:00+00:00,mallorca,atletico madrid,0,2,a,0,0,d,9,8,7,4,8,8,5,3,3,4,0,0,2.72,3.57,2.26,2020-21
SP1,2020-11-21 00:00:00+00:00,mallorca,sevilla,0,2,a,0,1,a,13,7,8,3,15,11,5,2,1,0,0,0,1.89,3.82,2.96,2020-21
SP1,2020-11-28 00:00:00+00:00,mallorca,real sociedad,4,2,h,0,0,d,9,8,5,3,11,18,4,5,1,1,0,0,2.76,3.39,2.46,2020-21
SP1,2020-12-05 00:00:00+00:00,mallorca,villarreal,3,3,d,1,1,d,5,5,3,6,12,15,6,8,5,1,0,0,4.39,3.97,4.16,2020-21
SP1,2020-12-12 00:00:00+00:00,mallorca,athletic club,4,2,h,1,0,h,10,9,2,5,9,8,5,5,2,7,0,0,2.6,3.6,4.67,2020-21
SP1,2020-12-19 00:00:00+00:00,mallorca,valencia,0,2,a,0,0,d,12,12,5,3,16,12,9,7,3,0,0,0,3.78,2.92,2.58,2020-21
SP1,2020-12-26 00:00:00+00:00,mallorca,real betis,1,1,d,0,1,a,11,14,7,3,15,9,2,6,2,0,0,1,2.17,3.25,3.1,2020-21
SP1,2021-01-02 00:00:00+00:00,mallorca,osasuna,3,3,d,1,0,h,16,13,4,3,12,18,11,3,3,2,0,0,3.83,3.13,4.46,2020-21
SP1,2021-01-09 00:00:00+00:00,mallorca,celta vigo,1,1,h,0,1,a,15,13,4,1,18,17,5,7,3,3,0,0,3.29,3.57,2.92,2020-21
SP1,2021-01-16 00:00:00+00:00,mallorca,getafe,2,4,a,0,0,d,11,8,7,4,15,14,2,1,3,2,0,0,4.42,3.28,2.88,2020-21
SP1,2021-01-23 00:00:00+00:00,mallorca,rayo vallecano,5,1,h,0,1,a,5,10,6,7,8,15,3,7,2,1,0,0,3.81,2.9,5.49,2020-21
SP1,2021-01-30 00:00:00+00:00,mallorca,girona,0,0,d,0,0,d,15,9,4,4,11,10,7,1,0,2,0,0,4.05,2.9,3.41,2020-21
SP1,2021-02-06 00:00:00+00:00,mallorca,almeria,1,1,d,1,0,h,17,9,5,4,17,11,7,6,1,3,0,0,4.03,3.4,2.64,2020-21
SP1,2021-02-13 00:00:00+00:00,mallorca,cadiz,1,1,d,0,0,d,16,8,9,4,14,14,5,7,3,1,0,0,2.61,3.27,4.01,2020-21
SP1,2021-02-20 00:00:00+00:00,mallorca,granada,1,0,h,1,0,h,10,15,5,4,15,7,5,5,2,6,0,1,3.99,2.87,3.24,2020-21
SP1,2021-02-27 00:00:00+00:00,mallorca,las palmas,4,3,h,2,1,h,15,10,2,7,9,17,6,4,1,5,0,0,4.2,3.61,4.28,2020-21
SP1,2021-03-06 00:00:00+00:00,mallorca,leganes,2,2,a,1,0,h,15,9,6,5,16,20,4,4,2,2,0,0,1.95,3.1,5.91,2020-21
SP1,2021-03-13 00:00:00+00:00,almeria,real madrid,1,1,a,0,0,d,18,10,6,4,6,14,3,3,1,2,1,0,3.93,3.91,2.98,2020-21
SP1,2021-03-20 00:00:00+00:00,almeria,barcelona,3,1,h,0,0,d,11,8,7,4,10,14,5,8,2,0,0,0,3.21,3.9,5.57,2020-21
SP1,2021-03-27 00:00:00+00:00,almeria,atletico madrid,1,1,d,1,1,d,11,11,4,0,12,11,8,6,2,1,0,0,4.11,3.12,3.39,2020-21
SP1,2021-04-03 00:00:00+00:00,almeria,sevilla,1,1,h,0,1,a,14,10,10,4,18,9,6,2,0,2,0,0,2.52,3.54,3.01,2020-21
SP1,2021-04-10 00:00:00+00:00,almeria,real sociedad,0,0,h,0,0,d,15,10,4,6,9,11,9,6,3,4,0,0,4.05,2.9,4.53,2020-21
SP1,2021-04-17 00:00:00+00:00,almeria,villarreal,1,3,a,0,0,d,12,8,6,5,11,17,4,1,0,1,0,0,3.88,2.93,2.88,2020-21
SP1,2021-04-24 00:00:00+00:00,almeria,athletic club,2,2,d,2,0,h,21,9,5,7,16,16,4,1,2,1,0,0,4.34,3.58,1.83,2020-21
SP1,2021-05-01 00:00:00+00:00,almeria,valencia,2,1,h,1,0,h,15,9,2,5,8,17,4,1,2,2,0,0,2.63,3.3,5.56,2020-21
SP1,2021-05-08 00:00:00+00:00,almeria,real betis,2,2,d,1,0,h,14,9,2,4,9,9,4,3,2,1,0,0,3.11,3.71,4.32,2020-21
SP1,2021-05-15 00:00:00+00:00,almeria,osasuna,2,2,d,0,0,d,15,5,2,4,15,12,7,3,3,1,0,0,2.23,3.34,4.75,2020-21
SP1,2021-05-22 00:00:00+00:00,almeria,celta vigo,1,2,a,0,0,d,14,5,8,6,15,8,5,5,2,1,0,1,2.14,3.96,3.57,2020-21
SP1,2020-09-12 00:00:00+00:00,almeria,getafe,1,1,h,0,1,a,12,5,3,7,15,12,5,2,2,4,0,0,3.75,3.92,4.3,2020-21
SP1,2020-09-19 00:00:00+00:00,almeria,rayo vallecano,2,1,h,0,1,a,14,13,8,2,19,9,4,5,1,2,0,0,3.64,3.76,5.68,2020-21
SP1,2020-09-26 00:00:00+00:00,almeria,girona,0,2,a,0,1,a,14,6,3,6,7,10,4,1,4,3,0,0,3.73,3.9,3.54,2020-21
SP1,2020-10-03 00:00:00+00:00,almeria,mallorca,0,0,d,0,0,d,12,11,6,3,11,18,5,5,1,3,0,0,2.39,3.27,3.9,2020-21
SP1,2020-10-10 00:00:00+00:00,almeria,cadiz,2,0,h,0,0,d,12,7,8,3,17,15,2,5,1,1,0,0,1.81,3.91,4.73,2020-21
SP1,2020-10-17 00:00:00+00:00,almeria,granada,1,1,d,0,1,a,18,7,4,1,13,9,10,3,1,0,0,0,2.1,3.65,2.2,2020-21
SP1,2020-10-24 00:00:00+00:00,almeria,las palmas,1,1,d,1,1,d,12,5,5,5,11,11,1,6,1,1,0,0,4.41,3.39,2.27,2020-21
SP1,2020-10-31 00:00:00+00:00,almeria,leganes,0,0,a,0,0,d,11,13,4,2,10,13,8,5,3,2,0,0,2.86,3.75,3.19,2020-21
SP1,2020-11-07 00:00:00+00:00,cadiz,real madrid,0,1,h,0,1,a,9,9,8,2,12,16,7,8,4,2,0,0,2.81,3.7,2.76,2020-21
SP1,2020-11-14 00:00:00+00:00,cadiz,barcelona,3,1,a,1,0,h,13,6,4,3,8,14,4,4,0,4,0,0,2.04,3.11,3.4,2020-21
SP1,2020-11-21 00:00:00+00:00,cadiz,atletico madrid,1,1,d,1,1,d,9,8,4,4,11,11,6,7,0,1,0,0,3.98,2.89,4.24,2020-21
SP1,2020-11-28 00:00:00+00:00,cadiz,sevilla,0,0,h,0,0,d,10,9,9,3,14,16,3,3,2,2,0,0,1.73,3.86,5.74,2020-21
SP1,2020-12-05 00:00:00+00:00,cadiz,real sociedad,0,2,a,0,0,d,17,5,5,5,11,14,7,4,1,2,1,0,3.25,3.1,5.31,2020-21
SP1,2020-12-12 00:00:00+00:00,cadiz,villarreal,0,0,a,0,0,d,17,4,5,7,10,10,6,4,0,2,0,0,2.94,3.68,5.31,2020-21
SP1,2020-12-19 00:00:00+00:00,cadiz,athletic club,1,3,a,1,2,a,14,8,3,5,12,14,8,3,3,2,0,0,1.74,3.45,2.02,2020-21
SP1,2020-12-26 00:00:00+00:00,cadiz,valencia,1,2,a,0,0,d,14,9,5,2,18,12,7,4,4,4,0,0,4.47,3.45,3.8,2020-21
SP1,2021-01-02 00:00:00+00:00,cadiz,real betis,1,5,a,1,1,d,16,10,3,4,12,12,5,8,2,4,0,0,3.06,3.85,4.99,2020-21
SP1,2021-01-09 00:00:00+00:00,cadiz,osasuna,3,1,h,1,1,d,6,11,4,8,8,14,5,3,1,1,1,0,1.92,2.98,3.66,2020-21
SP1,2021-01-16 00:00:00+00:00,cadiz,celta vigo,1,1,d,1,0,h,10,8,3,8,16,10,2,5,4,2,0,0,2.77,2.86,4.41,2020-21
SP1,2021-01-23 00:00:00+00:00,cadiz,getafe,1,3,a,0,0,d,16,11,6,7,15,12,5,3,1,5,0,0,1.98,3.32,4.44,2020-21
SP1,2021-01-30 00:00:00+00:00,cadiz,rayo vallecano,3,3,d,1,0,h,12,12,8,4,12,14,4,5,1,5,0,0,1.84,2.92,2.05,2020-21
SP1,2021-02-06 00:00:00+00:00,cadiz,girona,3,2,h,0,1,a,11,11,7,5,10,10,9,2,2,5,0,1,1.95,3.04,2.93,2020-21
SP1,2021-02-13 00:00:00+00:00,cadiz,mallorca,0,0,d,0,0,d,12,8,5,3,15,13,4,4,3,1,0,0,1.53,3.19,3.23,2020-21
SP1,2021-02-20 00:00:00+00:00,cadiz,almeria,2,0,h,1,0,h,16,8,5,3,16,9,5,4,3,4,0,0,3.42,3.05,2.4,2020-21
SP1,2021-02-27 00:00:00+00:00,cadiz,granada,0,0,d,0,0,d,14,15,4,4,15,12,5,4,1,4,0,0,3.7,3.14,2.01,2020-21
SP1,2021-03-06 00:00:00+00:00,cadiz,las palmas,2,2,d,2,1,h,21,13,5,5,14,13,2,6,2,4,0,0,2.66,2.99,5.59,2020-21
SP1,2021-03-13 00:00:00+00:00,cadiz,leganes,3,1,h,2,1,h,8,8,7,5,12,14,4,5,2,2,0,0,2.58,2.89,3.87,2020-21
SP1,2021-03-20 00:00:00+00:00,granada,real madrid,0,0,d,0,0,d,13,12,5,5,7,7,6,6,4,1,0,0,3.56,3.99,4.2,2020-21
SP1,2021-03-27 00:00:00+00:00,granada,barcelona,0,0,d,0,0,d,17,5,6,1,22,11,8,8,1,4,0,0,1.66,3.05,4.55,2020-21
SP1,2021-04-03 00:00:00+00:00,granada,atletico madrid,4,0,h,1,0,h,12,7,5,7,7,10,7,1,2,3,0,0,1.66,3.55,2.58,2020-21
SP1,2021-04-10 00:00:00+00:00,granada,sevilla,0,1,a,0,0,d,12,14,2,3,8,20,8,3,1,1,0,0,4.28,3.18,4.74,2020-21
SP1,2021-04-17 00:00:00+00:00,granada,real sociedad,2,1,a,1,1,d,14,10,6,2,13,8,4,2,1,0,0,0,3.1,3.16,4.02,2020-21
SP1,2021-04-24 00:00:00+00:00,granada,villarreal,2,1,h,0,1,a,10,10,5,4,14,8,5,9,1,1,0,0,3.3,3.33,2.07,2020-21
SP1,2021-05-01 00:00:00+00:00,granada,athletic club,1,2,a,0,2,a,19,10,9,5,15,8,3,2,5,4,0,0,4.35,3.3,4.39,2020-21
SP1,2021-05-08 00:00:00+00:00,granada,valencia,3,0,h,0,0,d,8,10,6,2,10,9,6,3,0,2,0,0,4.24,3.03,5.73,2020-21
SP1,2021-05-15 00:00:00+00:00,granada,real betis,2,2,h,0,1,a,8,8,9,3,12,15,6,2,1,2,0,0,3.51,3.72,5.2,2020-21
SP1,2021-05-22 00:00:00+00:00,granada,osasuna,0,2,a,0,1,a,10,13,3,4,7,11,4,1,3,1,0,0,4.24,3.71,2.89,2020-21
SP1,2020-09-12 00:00:00+00:00,granada,celta vigo,1,1,h,0,1,a,19,11,8,3,10,13,2,6,0,3,0,0,2.96,3.01,4.7,2020-21
SP1,2020-09-19 00:00:00+00:00,granada,getafe,1,2,a,1,1,d,14,10,1,2,13,14,2,1,2,1,0,0,4.2,3.02,5.0,2020-21
SP1,2020-09-26 00:00:00+00:00,granada,rayo vallecano,1,0,h,0,0,d,8,15,3,7,12,13,2,4,5,1,0,0,2.65,3.86,4.37,2020-21
SP1,2020-10-03 00:00:00+00:00,granada,girona,0,0,a,0,0,d,15,13,4,7,9,10,7,4,2,1,0,0,3.27,3.12,5.49,2020-21
SP1,2020-10-10 00:00:00+00:00,granada,mallorca,0,2,h,0,2,a,18,6,2,4,13,11,5,3,1,1,0,0,2.06,2.87,4.86,2020-21
SP1,2020-10-17 00:00:00+00:00,granada,almeria,2,2,h,2,1,h,16,11,3,4,13,11,7,2,1,6,0,0,1.76,3.8,2.18,2020-21
SP1,2020-10-24 00:00:00+00:00,granada,cadiz,0,0,d,0,0,d,11,11,3,5,11,14,4,3,0,3,0,0,3.39,2.85,5.55,2020-21
SP1,2020-10-31 00:00:00+00:00,granada,las palmas,1,1,h,1,0,h,6,10,7,5,11,13,4,2,2,2,1,0,3.9,3.69,5.59,2020-21
SP1,2020-11-07 00:00:00+00:00,granada,leganes,0,4,a,0,0,d,18,8,6,2,14,12,7,4,1,2,0,1,4.38,3.99,4.45,2020-21
SP1,2020-11-14 00:00:00+00:00,las palmas,real madrid,3,3,d,1,1,d,14,7,2,5,7,16,4,4,3,1,0,0,3.24,3.56,5.78,2020-21
SP1,2020-11-21 00:00:00+00:00,las palmas,barcelona,1,2,h,1,0,h,11,17,4,3,9,11,4,0,4,1,0,0,2.18,3.08,5.4,2020-21
SP1,2020-11-28 00:00:00+00:00,las palmas,atletico madrid,2,1,h,1,0,h,16,12,2,5,13,16,7,9,2,1,1,0,2.55,3.4,4.87,2020-21
SP1,2020-12-05 00:00:00+00:00,las palmas,sevilla,1,1,d,0,0,d,18,14,8,1,6,13,6,6,0,2,0,0,3.27,3.31,4.22,2020-21
SP1,2020-12-12 00:00:00+00:00,las palmas,real sociedad,1,1,a,1,0,h,9,6,2,4,17,17,2,5,1,1,0,0,4.33,2.88,4.58,2020-21
SP1,2020-12-19 00:00:00+00:00,las palmas,villarreal,2,2,d,1,2,a,12,11,4,3,13,12,5,1,2,3,0,0,3.05,3.84,5.45,2020-21
SP1,2020-12-26 00:00:00+00:00,las palmas,athletic club,2,0,h,1,0,h,18,13,4,1,11,7,2,5,2,2,0,0,3.34,2.85,5.06,2020-21
SP1,2021-01-02 00:00:00+00:00,las palmas,valencia,1,1,d,1,0,h,15,6,3,7,13,20,7,3,3,0,0,0,2.25,3.17,3.36,2020-21
SP1,2021-01-09 00:00:00+00:00,las palmas,real betis,0,1,a,0,0,d,14,13,6,8,17,6,5,4,0,2,0,0,2.84,3.1,2.43,2020-21
SP1,2021-01-16 00:00:00+00:00,las palmas,osasuna,0,0,h,0,0,d,10,14,4,4,9,14,4,1,3,3,0,0,2.55,3.16,2.96,2020-21
SP1,2021-01-23 00:00:00+00:00,las palmas,celta vigo,2,0,h,0,0,d,14,10,6,3,19,14,5,0,2,4,0,0,2.05,3.56,5.9,2020-21
SP1,2021-01-30 00:00:00+00:00,las palmas,getafe,1,1,d,1,1,d,11,9,3,5,9,9,9,2,3,2,0,0,2.34,3.32,5.92,2020-21
SP1,2021-02-06 00:00:00+00:00,las palmas,rayo vallecano,0,1,a,0,0,d,7,8,5,3,11,14,7,6,1,1,1,0,3.15,3.24,5.97,2020-21
SP1,2021-02-13 00:00:00+00:00,las palmas,girona,1,2,a,1,0,h,19,8,4,5,18,13,3,2,2,5,0,1,4.42,2.92,5.0,2020-21
SP1,2021-02-20 00:00:00+00:00,las palmas,mallorca,1,1,d,0,0,d,11,6,2,1,8,5,5,3,0,1,1,0,2.78,3.16,3.97,2020-21
SP1,2021-02-27 00:00:00+00:00,las palmas,almeria,0,0,d,0,0,d,16,11,1,4,18,14,9,5,0,0,0,0,4.13,3.1,2.52,2020-21
SP1,2021-03-06 00:00:00+00:00,las palmas,cadiz,1,1,d,1,0,h,7,13,5,5,10,12,3,2,2,2,0,1,3.75,3.55,4.13,2020-21
SP1,2021-03-13 00:00:00+00:00,las palmas,granada,0,0,h,0,0,d,15,11,5,4,18,15,2,2,3,3,0,0,2.12,3.31,5.85,2020-21
SP1,2021-03-20 00:00:00+00:00,las palmas,leganes,4,1,h,2,1,h,14,9,5,4,11,7,7,5,4,3,0,0,3.48,3.47,4.84,2020-21
SP1,2021-03-27 00:00:00+00:00,leganes,real madrid,2,0,h,0,0,d,14,12,10,1,8,13,6,4,2,1,0,0,4.19,3.23,5.74,2020-21
SP1,2021-04-03 00:00:00+00:00,leganes,barcelona,2,1,h,0,0,d,16,12,5,6,12,11,6,3,2,2,0,0,3.8,3.19,3.47,2020-21
SP1,2021-04-10 00:00:00+00:00,leganes,atletico madrid,3,3,d,0,0,d,12,12,2,3,10,10,3,4,3,2,0,0,2.39,3.32,5.16,2020-21
SP1,2021-04-17 00:00:00+00:00,leganes,sevilla,4,4,d,2,1,h,14,5,6,2,9,11,0,5,6,2,0,0,3.4,2.81,3.53,2020-21
SP1,2021-04-24 00:00:00+00:00,leganes,real sociedad,2,1,h,1,0,h,8,7,8,2,15,12,5,3,1,1,0,0,3.82,3.65,2.44,2020-21
SP1,2021-05-01 00:00:00+00:00,leganes,villarreal,2,1,h,0,0,d,11,9,4,2,14,11,4,3,1,1,0,0,2.43,3.44,4.0,2020-21
SP1,2021-05-08 00:00:00+00:00,leganes,athletic club,0,2,a,0,0,d,14,8,9,1,12,11,7,6,2,2,0,0,3.78,3.31,5.04,2020-21
SP1,2021-05-15 00:00:00+00:00,leganes,valencia,1,1,d,1,1,d,18,15,2,5,12,10,6,5,4,1,0,0,2.31,3.57,3.86,2020-21
SP1,2021-05-22 00:00:00+00:00,leganes,real betis,3,4,a,0,1,a,12,8,9,6,13,16,4,5,1,2,0,0,3.63,3.06,2.38,2020-21
SP1,2020-09-12 00:00:00+00:00,leganes,osasuna,2,2,d,1,2,a,10,17,1,7,11,11,6,4,3,4,0,0,3.85,3.58,5.42,2020-21
SP1,2020-09-19 00:00:00+00:00,leganes,celta vigo,2,0,h,0,0,d,13,10,2,6,12,8,3,3,2,4,0,0,1.71,2.86,4.47,2020-21
SP1,2020-09-26 00:00:00+00:00,leganes,getafe,2,0,a,0,0,d,14,9,6,2,10,14,3,2,2,3,0,0,3.38,2.85,4.03,2020-21
SP1,2020-10-03 00:00:00+00:00,leganes,rayo vallecano,2,1,h,0,0,d,11,9,7,5,10,9,5,4,1,4,0,0,2.88,3.87,3.21,2020-21
SP1,2020-10-10 00:00:00+00:00,leganes,girona,2,1,h,0,1,a,11,8,3,6,10,9,7,2,1,3,0,0,2.67,3.33,3.16,2020-21
SP1,2020-10-17 00:00:00+00:00,leganes,mallorca,1,1,a,1,1,d,12,9,4,6,7,16,8,1,0,2,0,0,3.46,2.97,2.6,2020-21
SP1,2020-10-24 00:00:00+00:00,leganes,almeria,4,0,h,2,0,h,14,10,7,5,12,16,5,3,3,0,0,0,4.35,3.65,4.65,2020-21
SP1,2020-10-31 00:00:00+00:00,leganes,cadiz,1,1,d,0,0,d,17,14,4,3,16,10,2,1,4,1,0,2,2.35,3.09,2.28,2020-21
SP1,2020-11-07 00:00:00+00:00,leganes,granada,1,1,a,0,0,d,18,10,3,2,17,8,5,4,1,6,0,0,1.72,2.84,4.3,2020-21
SP1,2020-11-14 00:00:00+00:00,leganes,las palmas,3,3,d,0,0,d,17,10,6,6,24,16,7,5,0,2,0,0,4.19,3.13,5.06,2020-21
SP1,2021-08-14 00:00:00+00:00,real madrid,barcelona,1,0,h,0,0,d,11,7,5,2,19,9,6,3,1,2,0,1,3.5,3.53,3.36,2021-22
SP1,2021-08-21 00:00:00+00:00,real madrid,atletico madrid,1,1,d,1,1,d,14,9,2,3,17,18,8,5,3,1,0,0,2.29,2.98,5.31,2021-22
SP1,2021-08-28 00:00:00+00:00,real madrid,sevilla,1,1,h,0,1,a,18,7,2,8,19,18,5,2,1,2,0,1,3.5,3.35,2.42,2021-22
SP1,2021-09-04 00:00:00+00:00,real madrid,real sociedad,0,2,a,0,0,d,10,12,6,3,21,16,2,5,2,1,0,0,4.31,3.98,4.84,2021-22
SP1,2021-09-11 00:00:00+00:00,real madrid,villarreal,1,3,a,0,0,d,13,8,2,1,14,13,5,0,1,1,0,0,1.96,3.51,1.92,2021-22
SP1,2021-09-18 00:00:00+00:00,real madrid,athletic club,0,1,h,0,1,a,9,15,5,1,10,9,2,1,3,1,0,0,3.52,3.1,5.42,2021-22
SP1,2021-09-25 00:00:00+00:00,real madrid,valencia,1,1,h,0,1,a,16,12,7,3,14,26,9,10,1,1,0,0,2.77,3.53,4.95,2021-22
SP1,2021-10-02 00:00:00+00:00,real madrid,real betis,2,3,h,1,1,d,14,13,5,1,13,9,5,4,2,2,0,0,4.11,2.87,2.67,2021-22
SP1,2021-10-09 00:00:00+00:00,real madrid,osasuna,0,1,h,0,1,a,14,10,1,2,17,8,9,8,0,1,0,0,3.47,3.02,5.13,2021-22
SP1,2021-10-16 00:00:00+00:00,real madrid,celta vigo,2,2,h,0,1,a,10,8,5,7,8,13,4,1,1,2,0,0,3.73,3.44,4.4,2021-22
SP1,2021-10-23 00:00:00+00:00,real madrid,getafe,1,1,d,0,1,a,16,11,2,2,9,14,7,1,0,3,0,0,3.74,2.84,2.34,2021-22
SP1,2021-10-30 00:00:00+00:00,real madrid,rayo vallecano,0,0,a,0,0,d,14,5,3,4,13,10,3,8,3,2,0,0,1.63,3.32,5.61,2021-22
SP1,2021-11-06 00:00:00+00:00,real madrid,girona,1,1,d,0,1,a,11,16,2,3,10,12,2,3,2,3,0,0,3.74,3.58,5.06,2021-22
SP1,2021-11-13 00:00:00+00:00,real madrid,mallorca,2,1,a,2,0,h,14,10,4,1,11,13,2,5,3,5,0,0,1.66,3.98,4.92,2021-22
SP1,2021-11-20 00:00:00+00:00,real madrid,almeria,2,0,h,1,0,h,12,10,3,5,12,13,5,3,1,8,0,0,3.96,2.91,3.86,2021-22
SP1,2021-11-27 00:00:00+00:00,real madrid,cadiz,4,0,h,1,0,h,10,16,3,4,14,13,7,8,1,0,0,0,2.22,3.7,4.76,2021-22
SP1,2021-12-04 00:00:00+00:00,real madrid,granada,0,1,h,0,1,a,13,12,7,3,13,12,0,3,2,2,0,0,4.03,3.81,3.54,2021-22
SP1,2021-12-11 00:00:00+00:00,real madrid,las palmas,1,1,h,1,0,h,19,12,8,6,11,12,5,3,4,1,0,0,3.16,3.49,5.62,2021-22
SP1,2021-12-18 00:00:00+00:00,real madrid,leganes,1,1,h,1,0,h,12,10,8,5,15,18,3,2,4,2,0,0,4.31,2.95,4.3,2021-22
SP1,2021-12-25 00:00:00+00:00,barcelona,real madrid,2,1,h,1,0,h,9,14,5,4,12,15,4,3,1,4,0,0,3.04,2.85,3.93,2021-22
SP1,2022-01-01 00:00:00+00:00,barcelona,atletico madrid,2,2,d,0,2,a,13,9,7,4,6,12,8,6,0,1,0,0,3.67,3.04,5.42,2021-22
SP1,2022-01-08 00:00:00+00:00,barcelona,sevilla,2,3,a,2,0,h,20,8,7,3,14,17,7,4,1,1,0,0,2.88,3.8,5.28,2021-22
SP1,2022-01-15 00:00:00+00:00,barcelona,real sociedad,1,1,d,0,1,a,10,13,8,2,15,16,6,6,2,2,0,0,1.7,3.2,5.03,2021-22
SP1,2022-01-22 00:00:00+00:00,barcelona,villarreal,2,0,h,1,0,h,17,12,2,3,8,9,3,5,1,2,0,0,2.95,3.54,2.24,2021-22
SP1,2022-01-29 00:00:00+00:00,barcelona,athletic club,0,0,a,0,0,d,15,8,4,8,10,14,2,5,3,0,0,0,2.82,3.71,3.52,2021-22
SP1,2022-02-05 00:00:00+00:00,barcelona,valencia,0,3,h,0,0,d,8,12,3,1,12,17,5,3,4,2,0,0,1.97,3.46,4.99,2021-22
SP1,2022-02-12 00:00:00+00:00,barcelona,real betis,2,0,h,2,0,h,10,14,3,2,14,11,6,2,1,3,0,0,3.42,3.77,4.86,2021-22
SP1,2022-02-19 00:00:00+00:00,barcelona,osasuna,0,0,d,0,0,d,16,9,11,6,20,14,6,4,2,2,0,0,2.4,3.48,4.07,2021-22
SP1,2022-02-26 00:00:00+00:00,barcelona,celta vigo,4,1,h,2,0,h,13,18,8,6,12,12,6,4,1,2,0,0,2.06,3.32,2.97,2021-22
SP1,2022-03-05 00:00:00+00:00,barcelona,getafe,1,1,h,0,0,d,12,12,4,1,13,20,4,2,4,1,0,0,3.45,3.35,4.96,2021-22
SP1,2022-03-12 00:00:00+00:00,barcelona,rayo vallecano,1,1,a,1,0,h,17,7,5,5,12,8,3,1,1,0,0,0,3.52,3.66,3.23,2021-22
SP1,2022-03-19 00:00:00+00:00,barcelona,girona,1,1,d,0,0,d,12,12,5,2,13,19,5,5,1,1,0,0,2.24,3.76,4.67,2021-22
SP1,2022-03-26 00:00:00+00:00,barcelona,mallorca,3,1,h,2,0,h,13,7,4,7,23,7,3,3,3,0,0,0,3.94,3.88,5.64,2021-22
SP1,2022-04-02 00:00:00+00:00,barcelona,almeria,3,0,h,0,0,d,14,9,7,0,12,18,3,2,0,2,0,0,1.59,3.83,4.72,2021-22
SP1,2022-04-09 00:00:00+00:00,barcelona,cadiz,2,1,h,1,0,h,11,6,9,6,14,12,7,1,3,2,0,0,2.43,3.08,3.38,2021-22
SP1,2022-04-16 00:00:00+00:00,barcelona,granada,0,0,h,0,0,d,14,18,3,3,14,14,4,5,3,0,0,0,4.2,3.66,4.29,2021-22
SP1,2022-04-23 00:00:00+00:00,barcelona,las palmas,1,2,a,1,0,h,15,5,6,3,18,11,3,1,1,0,0,0,2.09,3.28,1.82,2021-22
SP1,2022-04-30 00:00:00+00:00,barcelona,leganes,0,0,d,0,0,d,13,12,7,4,6,7,10,5,1,2,0,0,2.07,2.88,2.37,2021-22
SP1,2022-05-07 00:00:00+00:00,atletico madrid,real madrid,1,1,d,1,0,h,12,9,3,1,15,14,5,1,2,2,0,0,3.71,3.41,4.74,2021-22
SP1,2022-05-14 00:00:00+00:00,atletico madrid,barcelona,4,0,h,3,0,h,10,10,4,4,13,9,2,3,2,7,0,0,1.93,3.62,4.44,2021-22
SP1,2022-05-21 00:00:00+00:00,atletico madrid,sevilla,0,0,d,0,0,d,16,10,5,4,8,13,3,4,2,2,0,0,1.74,3.84,5.35,2021-22
SP1,2021-08-14 00:00:00+00:00,atletico madrid,real sociedad,4,0,h,2,0,h,8,12,3,3,10,12,4,4,3,5,0,0,3.22,2.9,3.16,2021-22
SP1,2021-08-21 00:00:00+00:00,atletico madrid,villarreal,2,5,a,2,2,d,21,8,1,3,11,15,2,2,2,3,0,0,3.34,2.8,2.88,2021-22
SP1,2021-08-28 00:00:00+00:00,atletico madrid,athletic club,3,1,h,0,1,a,11,8,6,4,13,17,7,5,3,1,0,0,4.17,3.36,4.95,2021-22
SP1,2021-09-04 00:00:00+00:00,atletico madrid,valencia,0,0,d,0,0,d,16,5,5,4,14,15,1,2,3,3,0,0,3.96,3.93,5.93,2021-22
SP1,2021-09-11 00:00:00+00:00,atletico madrid,real betis,0,3,a,0,0,d,7,5,5,3,13,11,6,3,2,0,0,0,2.93,2.93,2.51,2021-22
SP1,2021-09-18 00:00:00+00:00,atletico madrid,osasuna,1,0,h,0,0,d,15,11,2,3,7,14,4,3,4,1,1,0,2.29,3.73,5.03,2021-22
SP1,2021-09-25 00:00:00+00:00,atletico madrid,celta vigo,1,1,d,0,0,d,12,6,4,5,11,11,8,1,0,1,0,0,2.28,3.93,2.56,2021-22
SP1,2021-10-02 00:00:00+00:00,atletico madrid,getafe,4,0,h,0,0,d,12,10,4,4,17,16,9,3,1,1,0,0,3.97,3.94,4.29,2021-22
SP1,2021-10-09 00:00:00+00:00,atletico madrid,rayo vallecano,2,1,h,2,0,h,12,9,3,1,10,12,7,6,3,1,0,0,2.32,3.8,3.57,2021-22
SP1,2021-10-16 00:00:00+00:00,atletico madrid,girona,1,1,d,1,0,h,11,5,4,1,17,11,4,1,1,0,0,0,3.09,2.83,5.0,2021-22
SP1,2021-10-23 00:00:00+00:00,atletico madrid,mallorca,1,1,h,0,0,d,13,9,7,8,8,12,4,1,1,3,0,0,3.47,3.51,5.61,2021-22
SP1,2021-10-30 00:00:00+00:00,atletico madrid,almeria,2,0,h,0,0,d,17,13,3,4,8,13,6,8,1,1,0,0,3.79,3.35,3.94,2021-22
SP1,2021-11-06 00:00:00+00:00,atletico madrid,cadiz,2,0,h,2,0,h,20,7,9,3,16,6,3,2,3,3,0,0,2.18,2.92,5.43,2021-22
SP1,2021-11-13 00:00:00+00:00,atletico madrid,granada,2,2,d,0,1,a,8,6,4,3,6,14,5,5,1,2,0,0,4.32,3.39,5.06,2021-22
SP1,2021-11-20 00:00:00+00:00,atletico madrid,las palmas,1,0,h,0,0,d,13,6,7,2,8,10,1,1,0,2,0,0,2.71,3.6,4.08,2021-22
SP1,2021-11-27 00:00:00+00:00,atletico madrid,leganes,0,0,d,0,0,d,21,14,4,3,13,18,5,3,0,3,0,0,2.42,3.6,4.69,2021-22
SP1,2021-12-04 00:00:00+00:00,sevilla,real madrid,3,1,h,0,1,a,15,14,3,4,10,13,3,6,2,0,0,0,2.01,3.25,4.17,2021-22
SP1,2021-12-11 00:00:00+00:00,sevilla,barcelona,1,1,d,1,1,d,14,8,4,8,8,10,8,3,2,4,0,0,2.55,2.8,4.18,2021-22
SP1,2021-12-18 00:00:00+00:00,sevilla,atletico madrid,0,0,d,0,0,d,10,10,5,5,9,13,4,4,2,1,0,0,3.27,3.58,4.94,2021-22
SP1,2021-12-25 00:00:00+00:00,sevilla,real sociedad,1,3,a,1,2,a,16,5,3,4,9,11,7,9,2,3,0,0,3.33,3.29,5.06,2021-22
SP1,2022-01-01 00:00:00+00:00,sevilla,villarreal,1,1,d,0,1,a,13,6,5,3,11,9,5,5,3,2,0,0,3.09,3.66,5.21,2021-22
SP1,2022-01-08 00:00:00+00:00,sevilla,athletic club,5,0,h,0,0,d,16,12,5,6,11,13,4,4,3,0,0,0,1.9,2.97,5.95,2021-22
SP1,2022-01-15 00:00:00+00:00,sevilla,valencia,0,1,a,0,0,d,10,5,6,5,10,13,7,7,0,1,0,0,3.68,2.88,2.79,2021-22
SP1,2022-01-22 00:00:00+00:00,sevilla,real betis,4,1,h,1,0,h,10,11,8,6,8,13,9,5,0,2,0,0,3.52,2.83,4.93,2021-22
SP1,2022-01-29 00:00:00+00:00,sevilla,osasuna,1,2,h,0,1,a,21,10,7,3,9,10,13,6,1,1,0,0,4.19,2.91,2.5,2021-22
SP1,2022-02-05 00:00:00+00:00,sevilla,celta vigo,1,1,h,1,0,h,10,12,3,5,9,7,2,11,2,3,0,0,3.29,3.34,3.94,2021-22
SP1,2022-02-12 00:00:00+00:00,sevilla,getafe,1,1,h,1,0,h,12,8,5,8,16,17,1,5,2,0,0,0,3.12,3.69,1.95,2021-22
SP1,2022-02-19 00:00:00+00:00,sevilla,rayo vallecano,2,2,a,1,1,d,8,6,6,2,7,11,5,1,1,1,0,0,2.9,3.67,4.02,2021-22
SP1,2022-02-26 00:00:00+00:00,sevilla,girona,0,0,d,0,0,d,13,8,1,3,14,11,5,2,1,0,0,0,2.19,2.86,5.64,2021-22
SP1,2022-03-05 00:00:00+00:00,sevilla,mallorca,1,1,d,0,1,a,12,7,5,7,13,15,5,4,2,0,0,1,3.76,3.56,3.88,2021-22
SP1,2022-03-12 00:00:00+00:00,sevilla,almeria,2,2,d,1,2,a,17,8,6,4,11,8,6,2,2,1,0,0,2.02,3.99,4.06,2021-22
SP1,2022-03-19 00:00:00+00:00,sevilla,cadiz,2,1,h,0,1,a,10,16,4,1,8,17,4,3,1,6,0,0,1.56,3.48,2.82,2021-22
SP1,2022-03-26 00:00:00+00:00,sevilla,granada,0,0,a,0,0,d,10,7,5,4,16,9,5,7,2,1,0,0,3.32,3.45,2.33,2021-22
SP1,2022-04-02 00:00:00+00:00,sevilla,las palmas,0,1,a,0,1,a,6,10,6,3,18,12,4,4,2,1,0,0,2.39,3.55,3.98,2021-22
SP1,2022-04-09 00:00:00+00:00,sevilla,leganes,1,4,a,1,0,h,8,11,3,5,6,13,4,7,3,0,0,0,3.06,3.69,5.37,2021-22
SP1,2022-04-16 00:00:00+00:00,real sociedad,real madrid,0,1,h,0,1,a,19,16,4,7,12,14,8,3,1,2,1,0,2.1,3.05,2.56,2021-22
SP1,2022-04-23 00:00:00+00:00,real sociedad,barcelona,1,1,d,1,0,h,15,15,7,6,16,20,3,5,1,0,1,0,3.11,3.09,3.11,2021-22
SP1,2022-04-30 00:00:00+00:00,real sociedad,atletico madrid,0,0,d,0,0,d,15,12,9,4,9,11,5,2,1,1,0,0,2.26,3.37,2.95,2021-22
SP1,2022-05-07 00:00:00+00:00,real sociedad,sevilla,2,3,a,0,1,a,14,12,7,5,13,7,5,3,2,4,0,0,1.55,3.42,3.0,2021-22
SP1,2022-05-14 00:00:00+00:00,real sociedad,villarreal,0,0,h,0,0,d,8,7,3,3,12,18,4,6,1,0,0,0,1.62,3.44,4.04,2021-22
SP1,2022-05-21 00:00:00+00:00,real sociedad,athletic club,0,0,h,0,0,d,9,6,8,4,11,11,7,5,3,2,0,0,1.67,3.97,2.01,2021-22
SP1,2021-08-14 00:00:00+00:00,real sociedad,valencia,3,1,h,0,1,a,8,13,6,3,14,12,4,5,4,2,0,0,3.83,3.52,2.15,2021-22
SP1,2021-08-21 00:00:00+00:00,real sociedad,real betis,2,2,a,0,0,d,7,7,8,4,19,10,8,7,3,3,1,0,2.79,3.41,3.59,2021-22
SP1,2021-08-28 00:00:00+00:00,real sociedad,osasuna,0,0,h,0,0,d,10,7,2,1,15,8,5,3,1,3,0,0,3.42,3.07,2.97,2021-22
SP1,2021-09-04 00:00:00+00:00,real sociedad,celta vigo,3,0,h,1,0,h,6,10,5,1,12,10,7,7,2,1,0,0,3.46,2.86,5.92,2021-22
SP1,2021-09-11 00:00:00+00:00,real sociedad,getafe,0,0,d,0,0,d,21,11,8,4,9,9,5,6,1,2,0,0,2.74,3.88,1.9,2021-22
SP1,2021-09-18 00:00:00+00:00,real sociedad,rayo vallecano,0,0,a,0,0,d,18,8,2,2,19,7,6,2,4,1,0,0,3.72,2.99,2.92,2021-22
SP1,2021-09-25 00:00:00+00:00,real sociedad,girona,1,1,h,0,0,d,17,10,2,3,10,5,6,4,1,1,0,0,2.8,2.96,2.29,2021-22
SP1,2021-10-02 00:00:00+00:00,real sociedad,mallorca,0,1,a,0,1,a,11,6,6,4,15,12,2,5,2,0,0,0,2.28,2.93,5.11,2021-22
SP1,2021-10-09 00:00:00+00:00,real sociedad,almeria,3,0,h,0,0,d,11,7,8,7,10,21,3,3,2,3,0,0,2.11,3.5,3.91,2021-22
SP1,2021-10-16 00:00:00+00:00,real sociedad,cadiz,3,3,d,3,2,h,12,8,4,5,12,7,5,8,2,3,0,0,2.02,3.1,3.35,2021-22
SP1,2021-10-23 00:00:00+00:00,real sociedad,granada,1,0,h,1,0,h,10,12,3,6,9,15,6,2,3,3,0,0,3.74,3.52,3.45,2021-22
SP1,2021-10-30 00:00:00+00:00,real sociedad,las palmas,2,1,a,2,0,h,18,8,1,6,16,19,4,4,1,2,0,0,4.0,3.92,4.62,2021-22
SP1,2021-11-06 00:00:00+00:00,real sociedad,leganes,4,2,h,3,0,h,6,5,5,5,10,8,6,5,2,1,0,0,2.01,3.75,2.66,2021-22
SP1,2021-11-13 00:00:00+00:00,villarreal,real madrid,2,0,h,1,0,h,19,8,4,8,9,8,2,6,2,3,0,0,1.78,3.62,5.28,2021-22
SP1,2021-11-20 00:00:00+00:00,villarreal,barcelona,0,3,a,0,0,d,15,12,5,5,15,9,5,7,1,3,0,0,2.48,3.89,4.32,2021-22
SP1,2021-11-27 00:00:00+00:00,villarreal,atletico madrid,2,1,a,0,0,d,11,12,6,3,12,12,6,5,2,3,0,0,3.57,3.91,3.47,2021-22
SP1,2021-12-04 00:00:00+00:00,villarreal,sevilla,0,2,a,0,0,d,16,13,1,4,8,10,6,1,4,0,0,0,4.43,2.96,4.95,2021-22
SP1,2021-12-11 00:00:00+00:00,villarreal,real sociedad,0,2,a,0,2,a,11,15,6,1,11,20,5,4,3,3,1,0,3.3,2.95,4.72,2021-22
SP1,2021-12-18 00:00:00+00:00,villarreal,athletic club,4,1,h,0,0,d,13,13,2,6,16,14,4,8,1,4,0,0,2.61,3.65,3.76,2021-22
SP1,2021-12-25 00:00:00+00:00,villarreal,valencia,3,0,h,1,0,h,13,9,5,6,9,12,10,4,2,0,0,0,3.14,2.95,5.5,2021-22
SP1,2022-01-01 00:00:00+00:00,villarreal,real betis,1,1,d,0,0,d,9,18,6,1,15,16,7,3,3,2,0,0,3.56,2.99,3.25,2021-22
SP1,2022-01-08 00:00:00+00:00,villarreal,osasuna,0,1,h,0,1,a,17,12,5,2,11,14,4,4,2,1,0,0,4.33,3.81,2.25,2021-22
SP1,2022-01-15 00:00:00+00:00,villarreal,celta vigo,2,2,a,0,2,a,9,16,6,1,11,11,2,7,2,3,0,0,4.11,3.38,1.87,2021-22
SP1,2022-01-22 00:00:00+00:00,villarreal,getafe,1,1,h,0,0,d,12,10,5,2,14,15,4,3,0,4,0,0,3.83,3.34,4.46,2021-22
SP1,2022-01-29 00:00:00+00:00,villarreal,rayo vallecano,2,2,d,0,1,a,13,7,2,6,9,12,3,4,3,1,1,0,2.11,3.97,3.2,2021-22
SP1,2022-02-05 00:00:00+00:00,villarreal,girona,0,2,h,0,0,d,19,15,4,4,9,10,4,2,1,3,0,0,2.01,3.11,3.21,2021-22
SP1,2022-02-12 00:00:00+00:00,villarreal,mallorca,2,2,d,0,1,a,13,13,3,5,9,11,7,5,3,0,0,0,4.25,3.29,3.18,2021-22
SP1,2022-02-19 00:00:00+00:00,villarreal,almeria,0,0,d,0,0,d,15,10,8,2,12,5,9,1,2,3,0,0,4.25,3.31,2.96,2021-22
SP1,2022-02-26 00:00:00+00:00,villarreal,cadiz,2,2,h,0,2,a,10,8,3,6,11,8,1,7,2,0,0,0,2.92,3.92,2.98,2021-22
SP1,2022-03-05 00:00:00+00:00,villarreal,granada,0,0,h,0,0,d,14,10,4,2,8,13,6,2,1,2,0,0,1.89,3.95,3.39,2021-22
SP1,2022-03-12 00:00:00+00:00,villarreal,las palmas,1,0,h,0,0,d,12,12,8,2,16,2,3,3,1,3,0,1,4.01,3.77,3.39,2021-22
SP1,2022-03-19 00:00:00+00:00,villarreal,leganes,0,0,h,0,0,d,11,11,4,3,8,16,5,6,2,1,0,0,1.64,3.6,4.39,2021-22
SP1,2022-03-26 00:00:00+00:00,athletic club,real madrid,3,0,a,0,0,d,15,8,10,2,14,16,5,1,1,2,0,0,4.29,3.79,5.52,2021-22
SP1,2022-04-02 00:00:00+00:00,athletic club,barcelona,3,3,d,1,0,h,10,13,2,5,9,8,3,5,0,2,0,0,4.02,3.14,4.29,2021-22
SP1,2022-04-09 00:00:00+00:00,athletic club,atletico madrid,2,2,d,0,1,a,11,16,4,1,13,9,6,4,3,1,0,0,3.12,3.15,5.46,2021-22
SP1,2022-04-16 00:00:00+00:00,athletic club,sevilla,1,1,d,1,0,h,12,10,6,1,17,15,5,3,2,1,0,0,4.33,2.86,3.56,2021-22
SP1,2022-04-23 00:00:00+00:00,athletic club,real sociedad,1,1,d,1,1,d,10,17,8,6,11,6,6,2,2,3,0,0,1.97,3.77,5.09,2021-22
SP1,2022-04-30 00:00:00+00:00,athletic club,villarreal,2,2,d,1,1,d,12,6,4,3,8,7,5,5,2,1,0,0,2.22,2.8,2.87,2021-22
SP1,2022-05-07 00:00:00+00:00,athletic club,valencia,1,0,h,1,0,h,9,7,4,2,15,9,6,8,2,0,0,0,3.74,3.48,4.27,2021-22
SP1,2022-05-14 00:00:00+00:00,athletic club,real betis,1,1,a,1,0,h,17,10,8,2,15,18,5,5,0,3,0,0,3.58,3.89,5.99,2021-22
SP1,2022-05-21 00:00:00+00:00,athletic club,osasuna,1,1,h,0,1,a,16,10,6,6,15,10,2,5,0,2,0,0,3.49,3.78,3.29,2021-22
SP1,2021-08-14 00:00:00+00:00,athletic club,celta vigo,0,0,d,0,0,d,9,6,5,4,14,11,2,4,2,1,0,0,2.19,2.84,2.92,2021-22
SP1,2021-08-21 00:00:00+00:00,athletic club,getafe,2,3,h,2,0,h,17,4,5,2,8,6,5,3,1,3,0,0,2.15,2.83,5.67,2021-22
SP1,2021-08-28 00:00:00+00:00,athletic club,rayo vallecano,4,4,d,0,2,a,12,8,6,6,20,13,4,7,2,1,0,0,3.21,3.23,2.24,2021-22
SP1,2021-09-04 00:00:00+00:00,athletic club,girona,3,1,h,2,0,h,21,10,2,5,12,12,6,3,3,1,0,0,4.37,3.44,2.69,2021-22
SP1,2021-09-11 00:00:00+00:00,athletic club,mallorca,1,1,a,0,1,a,10,17,4,6,7,10,5,0,3,1,0,0,3.6,3.18,3.7,2021-22
SP1,2021-09-18 00:00:00+00:00,athletic club,almeria,1,2,h,0,1,a,16,10,4,7,10,9,8,5,2,0,0,0,3.72,3.96,2.38,2021-22
SP1,2021-09-25 00:00:00+00:00,athletic club,cadiz,1,0,h,1,0,h,21,13,2,7,13,13,5,1,0,3,0,0,3.9,3.74,4.99,2021-22
SP1,2021-10-02 00:00:00+00:00,athletic club,granada,1,0,h,0,0,d,14,17,9,5,11,8,6,2,2,3,0,0,4.14,2.85,2.01,2021-22
SP1,2021-10-09 00:00:00+00:00,athletic club,las palmas,2,0,h,2,0,h,10,15,5,5,14,14,3,2,1,2,0,1,3.52,2.81,1.81,2021-22
SP1,2021-10-16 00:00:00+00:00,athletic club,leganes,1,0,h,0,0,d,8,4,4,3,5,13,4,2,0,3,0,0,3.0,3.22,5.4,2021-22
SP1,2021-10-23 00:00:00+00:00,valencia,real madrid,1,2,a,1,2,a,13,8,5,7,8,14,4,4,1,4,0,0,2.7,3.92,5.37,2021-22
SP1,2021-10-30 00:00:00+00:00,valencia,barcelona,2,3,a,0,1,a,16,6,4,5,13,15,9,7,4,2,0,0,3.05,3.23,3.01,2021-22
SP1,2021-11-06 00:00:00+00:00,valencia,atletico madrid,3,2,h,0,0,d,15,8,9,4,13,9,6,5,3,1,0,0,1.72,2.93,5.42,2021-22
SP1,2021-11-13 00:00:00+00:00,valencia,sevilla,1,1,h,0,1,a,10,10,9,4,9,15,4,5,7,2,0,0,2.68,2.95,1.9,2021-22
SP1,2021-11-20 00:00:00+00:00,valencia,real sociedad,3,3,d,1,2,a,12,9,4,0,6,15,3,4,3,4,0,0,2.43,3.45,4.55,2021-22
SP1,2021-11-27 00:00:00+00:00,valencia,villarreal,0,0,h,0,0,d,14,11,3,5,7,11,6,5,1,1,1,0,2.91,3.49,2.15,2021-22
SP1,2021-12-04 00:00:00+00:00,valencia,athletic club,1,0,h,1,0,h,11,15,4,5,8,11,1,4,1,5,1,0,1.67,3.71,3.5,2021-22
SP1,2021-12-11 00:00:00+00:00,valencia,real betis,1,2,a,1,0,h,14,8,3,4,13,10,6,4,4,3,0,0,4.49,3.82,5.75,2021-22
SP1,2021-12-18 00:00:00+00:00,valencia,osasuna,0,3,a,0,1,a,11,10,4,4,8,10,3,4,6,2,0,0,4.13,2.84,5.4,2021-22
SP1,2021-12-25 00:00:00+00:00,valencia,celta vigo,0,2,a,0,1,a,12,12,7,4,18,7,5,3,2,0,0,0,3.67,3.28,4.2,2021-22
SP1,2022-01-01 00:00:00+00:00,valencia,getafe,1,1,h,1,1,d,15,12,7,3,12,13,5,3,0,1,0,0,2.77,2.89,2.84,2021-22
SP1,2022-01-08 00:00:00+00:00,valencia,rayo vallecano,1,0,h,1,0,h,7,8,1,5,12,17,10,3,1,1,0,0,3.32,3.64,2.78,2021-22
SP1,2022-01-15 00:00:00+00:00,valencia,girona,1,1,h,1,0,h,15,13,4,4,11,12,4,6,4,5,0,0,1.85,3.89,5.83,2021-22
SP1,2022-01-22 00:00:00+00:00,valencia,mallorca,4,0,h,0,0,d,13,8,7,7,12,12,8,3,1,0,0,0,4.33,2.84,5.65,2021-22
SP1,2022-01-29 00:00:00+00:00,valencia,almeria,1,0,h,0,0,d,12,9,6,1,13,12,3,3,0,1,0,0,3.39,3.12,3.64,2021-22
SP1,2022-02-05 00:00:00+00:00,valencia,cadiz,4,0,h,1,0,h,14,4,8,1,11,9,4,6,4,0,0,0,1.94,3.82,3.75,2021-22
SP1,2022-02-12 00:00:00+00:00,valencia,granada,0,0,h,0,0,d,13,13,2,2,12,11,7,5,2,1,0,0,3.94,3.04,2.77,2021-22
SP1,2022-02-19 00:00:00+00:00,valencia,las palmas,0,0,d,0,0,d,16,7,2,0,12,12,3,1,0,1,0,0,3.48,2.9,5.27,2021-22
SP1,2022-02-26 00:00:00+00:00,valencia,leganes,0,4,a,0,0,d,13,7,5,5,11,14,3,2,3,3,0,0,2.55,3.39,1.91,2021-22
SP1,2022-03-05 00:00:00+00:00,real betis,real madrid,1,1,a,1,1,d,21,11,5,2,10,19,3,6,4,2,0,0,1.51,3.35,3.53,2021-22
SP1,2022-03-12 00:00:00+00:00,real betis,barcelona,1,1,h,0,0,d,12,10,9,3,8,11,4,4,3,0,0,0,2.83,2.93,3.41,2021-22
SP1,2022-03-19 00:00:00+00:00,real betis,atletico madrid,0,1,a,0,0,d,12,14,7,1,10,13,4,4,0,1,0,0,1.68,3.13,1.9,2021-22
SP1,2022-03-26 00:00:00+00:00,real betis,sevilla,3,2,h,3,2,h,12,7,9,3,12,17,7,7,2,4,0,0,4.11,2.93,4.07,2021-22
SP1,2022-04-02 00:00:00+00:00,real betis,real sociedad,0,0,d,0,0,d,14,8,3,3,12,11,4,1,3,1,0,0,2.1,3.21,3.94,2021-22
SP1,2022-04-09 00:00:00+00:00,real betis,villarreal,1,1,d,0,1,a,12,13,5,4,11,15,4,1,4,4,0,0,3.06,2.98,5.99,2021-22
SP1,2022-04-16 00:00:00+00:00,real betis,athletic club,1,2,h,1,2,a,8,8,7,6,11,10,4,2,2,0,0,0,2.52,3.86,3.43,2021-22
SP1,2022-04-23 00:00:00+00:00,real betis,valencia,2,2,d,0,1,a,10,5,9,4,14,9,3,5,0,2,0,0,3.93,3.74,4.4,2021-22
SP1,2022-04-30 00:00:00+00:00,real betis,osasuna,4,3,h,0,0,d,9,11,2,1,8,13,7,2,0,2,0,0,2.58,3.51,4.61,2021-22
SP1,2022-05-07 00:00:00+00:00,real betis,celta vigo,3,1,h,0,1,a,17,4,5,3,13,12,7,6,0,0,0,0,3.82,3.17,2.16,2021-22
SP1,2022-05-14 00:00:00+00:00,real betis,getafe,3,1,h,1,1,d,12,11,5,6,7,12,8,3,2,1,0,0,3.09,3.18,3.57,2021-22
SP1,2022-05-21 00:00:00+00:00,real betis,rayo vallecano,2,2,d,2,0,h,18,11,7,2,15,12,4,4,2,2,0,0,1.87,3.19,2.84,2021-22
SP1,2021-08-14 00:00:00+00:00,real betis,girona,1,1,d,1,1,d,21,5,3,3,14,10,8,0,2,1,0,0,3.37,3.59,1.89,2021-22
SP1,2021-08-21 00:00:00+00:00,real betis,mallorca,2,0,h,1,0,h,17,5,8,2,12,15,6,2,3,2,0,0,4.1,3.56,4.0,2021-22
SP1,2021-08-28 00:00:00+00:00,real betis,almeria,0,0,h,0,0,d,16,6,10,3,11,11,8,7,0,4,0,1,3.02,3.63,2.81,2021-22
SP1,2021-09-04 00:00:00+00:00,real betis,cadiz,2,0,h,1,0,h,14,10,2,8,18,7,6,7,2,1,0,0,2.85,2.85,3.51,2021-22
SP1,2021-09-11 00:00:00+00:00,real betis,granada,2,0,h,0,0,d,15,14,2,3,13,8,7,4,1,0,0,0,3.23,3.14,4.95,2021-22
SP1,2021-09-18 00:00:00+00:00,real betis,las palmas,3,1,h,0,1,a,11,10,5,8,15,13,5,1,2,4,0,0,1.77,3.25,3.11,2021-22
SP1,2021-09-25 00:00:00+00:00,real betis,leganes,0,1,a,0,1,a,14,14,7,7,15,10,4,0,2,1,0,0,2.21,3.17,2.44,2021-22
SP1,2021-10-02 00:00:00+00:00,osasuna,real madrid,3,0,h,0,0,d,18,9,7,3,13,10,5,5,1,5,0,0,2.47,3.33,5.91,2021-22
SP1,2021-10-09 00:00:00+00:00,osasuna,barcelona,4,0,a,1,0,h,10,5,3,4,13,10,7,4,3,0,0,0,2.34,2.86,5.98,2021-22
SP1,2021-10-16 00:00:00+00:00,osasuna,atletico madrid,1,0,h,0,0,d,18,8,3,6,13,9,7,5,4,3,0,0,2.5,3.92,3.04,2021-22
SP1,2021-10-23 00:00:00+00:00,osasuna,sevilla,0,1,a,0,1,a,14,10,3,3,9,12,3,2,3,2,0,0,3.36,2.85,2.67,2021-22
SP1,2021-10-30 00:00:00+00:00,osasuna,real sociedad,3,1,h,0,0,d,14,7,4,6,14,13,7,5,1,2,0,0,2.86,2.97,3.86,2021-22
SP1,2021-11-06 00:00:00+00:00,osasuna,villarreal,3,2,a,1,0,h,18,7,3,6,6,12,1,10,1,1,0,0,3.89,3.16,5.76,2021-22
SP1,2021-11-13 00:00:00+00:00,osasuna,athletic club,1,0,h,0,0,d,9,6,5,6,4,11,6,6,1,4,0,0,2.49,3.01,4.93,2021-22
SP1,2021-11-20 00:00:00+00:00,osasuna,valencia,1,1,d,0,1,a,8,7,6,1,12,5,11,1,2,1,0,1,1.95,2.87,2.31,2021-22
SP1,2021-11-27 00:00:00+00:00,osasuna,real betis,3,0,h,2,0,h,13,16,3,2,15,6,10,3,5,2,0,0,1.63,3.03,3.78,2021-22
SP1,2021-12-04 00:00:00+00:00,osasuna,celta vigo,0,0,d,0,0,d,16,11,4,6,8,14,5,7,1,1,0,0,4.1,3.98,3.61,2021-22
SP1,2021-12-11 00:00:00+00:00,osasuna,getafe,4,0,h,2,0,h,18,9,7,7,8,8,2,4,1,1,0,0,3.9,3.81,2.39,2021-22
SP1,2021-12-18 00:00:00+00:00,osasuna,rayo vallecano,1,1,h,0,1,a,7,7,2,3,14,15,3,1,1,2,0,0,2.75,3.06,3.53,2021-22
SP1,2021-12-25 00:00:00+00:00,osasuna,girona,2,0,h,1,0,h,21,7,8,3,10,9,2,4,2,5,0,0,2.63,3.93,2.63,2021-22
SP1,2022-01-01 00:00:00+00:00,osasuna,mallorca,2,3,a,0,0,d,12,7,4,0,7,16,5,4,4,2,0,0,1.97,2.96,2.1,2021-22
SP1,2022-01-08 00:00:00+00:00,osasuna,almeria,1,0,h,1,0,h,17,10,5,2,11,14,3,1,1,1,0,0,3.19,3.57,2.83,2021-22
SP1,2022-01-15 00:00:00+00:00,osasuna,cadiz,0,0,d,0,0,d,16,9,10,2,10,10,2,2,3,1,0,1,3.0,3.03,4.45,2021-22
SP1,2022-01-22 00:00:00+00:00,osasuna,granada,0,0,h,0,0,d,9,6,5,4,14,13,8,1,4,0,0,0,1.96,3.27,4.23,2021-22
SP1,2022-01-29 00:00:00+00:00,osasuna,las palmas,2,0,h,1,0,h,12,10,4,4,12,17,4,3,1,5,0,0,3.2,3.71,5.36,2021-22
SP1,2022-02-05 00:00:00+00:00,osasuna,leganes,1,0,h,1,0,h,16,8,4,6,9,11,5,7,1,1,0,0,3.1,3.34,3.14,2021-22
SP1,2022-02-12 00:00:00+00:00,celta vigo,real madrid,0,1,a,0,0,d,10,12,7,6,5,18,7,6,3,1,0,1,2.84,3.32,3.55,2021-22
SP1,2022-02-19 00:00:00+00:00,celta vigo,barcelona,2,0,h,1,0,h,9,8,7,6,10,10,1,2,3,0,0,0,2.29,3.27,4.56,2021-22
SP1,2022-02-26 00:00:00+00:00,celta vigo,atletico madrid,0,1,a,0,0,d,13,14,2,2,13,7,3,3,3,1,0,0,2.3,3.78,3.61,2021-22
SP1,2022-03-05 00:00:00+00:00,celta vigo,sevilla,2,2,a,0,0,d,11,12,6,3,12,13,4,4,0,3,0,0,4.4,3.52,2.38,2021-22
SP1,2022-03-12 00:00:00+00:00,celta vigo,real sociedad,1,4,a,1,1,d,16,16,7,5,22,10,4,4,2,1,1,0,1.68,2.91,3.39,2021-22
SP1,2022-03-19 00:00:00+00:00,celta vigo,villarreal,2,2,d,1,0,h,15,8,7,0,12,11,7,6,2,1,0,0,2.6,3.48,4.01,2021-22
SP1,2022-03-26 00:00:00+00:00,celta vigo,athletic club,1,1,d,1,1,d,18,8,4,4,13,14,3,3,0,1,0,0,2.76,3.69,2.22,2021-22
SP1,2022-04-02 00:00:00+00:00,celta vigo,valencia,5,0,h,0,0,d,10,12,5,4,7,15,5,5,2,1,0,0,3.29,3.21,5.99,2021-22
SP1,2022-04-09 00:00:00+00:00,celta vigo,real betis,4,2,h,1,0,h,12,11,7,4,10,11,6,4,1,2,0,0,3.63,3.1,5.87,2021-22
SP1,2022-04-16 00:00:00+00:00,celta vigo,osasuna,1,1,a,1,0,h,16,17,4,4,9,8,7,2,2,1,0,0,3.64,2.95,5.46,2021-22
SP1,2022-04-23 00:00:00+00:00,celta vigo,getafe,1,1,d,0,0,d,12,13,8,3,16,13,4,3,0,1,0,0,3.71,3.93,4.69,2021-22
SP1,2022-04-30 00:00:00+00:00,celta vigo,rayo vallecano,1,1,d,0,1,a,19,10,5,7,17,9,9,4,1,2,0,0,2.78,3.63,3.82,2021-22
SP1,2022-05-07 00:00:00+00:00,celta vigo,girona,4,1,h,2,1,h,16,14,6,7,12,15,7,5,3,4,0,0,2.44,3.52,5.48,2021-22
SP1,2022-05-14 00:00:00+00:00,celta vigo,mallorca,5,0,h,1,0,h,15,9,5,4,16,21,2,5,1,1,0,0,2.74,2.96,4.74,2021-22
SP1,2022-05-21 00:00:00+00:00,celta vigo,almeria,4,4,d,0,0,d,12,8,1,2,14,13,9,3,2,5,0,0,3.82,2.85,4.92,2021-22
SP1,2021-08-14 00:00:00+00:00,celta vigo,cadiz,5,1,h,1,1,d,16,10,3,6,13,12,3,4,3,1,1,0,1.63,2.94,5.45,2021-22
SP1,2021-08-21 00:00:00+00:00,celta vigo,granada,1,1,d,1,0,h,9,3,4,2,12,11,4,6,4,2,0,0,2.4,3.51,3.49,2021-22
SP1,2021-08-28 00:00:00+00:00,celta vigo,las palmas,3,1,h,0,0,d,11,10,5,3,13,10,2,2,2,1,0,0,1.69,3.4,2.2,2021-22
SP1,2021-09-04 00:00:00+00:00,celta vigo,leganes,1,0,h,1,0,h,10,8,9,3,10,14,6,3,5,1,0,0,1.63,3.82,5.22,2021-22
SP1,2021-09-11 00:00:00+00:00,getafe,real madrid,0,0,h,0,0,d,10,12,11,6,12,7,7,3,1,4,0,0,3.28,3.92,1.82,2021-22
SP1,2021-09-18 00:00:00+00:00,getafe,barcelona,0,0,d,0,0,d,9,6,4,8,17,7,3,2,1,4,0,0,2.0,3.4,2.69,2021-22
SP1,2021-09-25 00:00:00+00:00,getafe,atletico madrid,2,2,d,1,0,h,18,8,6,4,8,13,5,2,2,0,0,0,2.82,3.5,4.11,2021-22
SP1,2021-10-02 00:00:00+00:00,getafe,sevilla,3,0,h,0,0,d,14,11,3,4,13,12,5,4,3,2,0,0,1.79,3.57,4.82,2021-22
SP1,2021-10-09 00:00:00+00:00,getafe,real sociedad,1,1,a,1,0,h,21,14,1,4,7,10,2,8,3,4,0,1,2.16,3.77,4.31,2021-22
SP1,2021-10-16 00:00:00+00:00,getafe,villarreal,1,1,d,1,1,d,9,9,2,5,13,16,1,7,0,2,0,0,2.07,3.72,4.35,2021-22
SP1,2021-10-23 00:00:00+00:00,getafe,athletic club,1,1,d,0,1,a,13,8,4,6,13,12,3,4,0,1,1,0,3.54,3.21,3.82,2021-22
SP1,2021-10-30 00:00:00+00:00,getafe,valencia,2,4,a,0,0,d,9,9,5,3,13,15,6,5,4,3,0,0,2.2,3.43,3.48,2021-22
SP1,2021-11-06 00:00:00+00:00,getafe,real betis,1,2,a,0,1,a,12,12,9,7,14,11,6,5,2,0,0,0,2.8,3.16,4.55,2021-22
SP1,2021-11-13 00:00:00+00:00,getafe,osasuna,1,1,d,0,1,a,16,8,5,6,21,12,4,3,0,3,0,0,3.86,2.83,5.89,2021-22
SP1,2021-11-20 00:00:00+00:00,getafe,celta vigo,0,3,a,0,0,d,12,8,4,5,13,13,2,5,2,1,0,0,1.71,3.25,2.64,2021-22
SP1,2021-11-27 00:00:00+00:00,getafe,rayo vallecano,0,2,a,0,1,a,16,8,8,1,15,12,5,1,2,1,0,0,1.78,3.75,5.31,2021-22
SP1,2021-12-04 00:00:00+00:00,getafe,girona,1,1,d,1,1,d,14,8,6,2,18,9,5,3,2,0,0,0,4.37,3.29,4.44,2021-22
SP1,2021-12-11 00:00:00+00:00,getafe,mallorca,1,2,a,0,0,d,12,13,0,2,14,11,5,4,1,1,0,0,1.54,3.3,5.05,2021-22
SP1,2021-12-18 00:00:00+00:00,getafe,almeria,1,1,a,0,1,a,20,11,5,5,16,9,2,5,0,2,0,0,2.88,3.86,2.41,2021-22
SP1,2021-12-25 00:00:00+00:00,getafe,cadiz,2,3,a,0,1,a,12,13,8,5,7,17,1,5,1,4,0,0,2.94,2.84,4.13,2021-22
SP1,2022-01-01 00:00:00+00:00,getafe,granada,2,2,h,0,0,d,15,9,11,3,7,11,3,2,3,4,0,0,4.05,3.14,3.56,2021-22
SP1,2022-01-08 00:00:00+00:00,getafe,las palmas,2,2,a,0,0,d,13,10,3,7,7,14,3,6,2,1,0,0,2.02,3.09,5.07,2021-22
SP1,2022-01-15 00:00:00+00:00,getafe,leganes,3,1,h,1,0,h,12,12,2,2,10,8,4,4,2,0,0,0,2.23,3.17,1.96,2021-22
SP1,2022-01-22 00:00:00+00:00,rayo vallecano,real madrid,0,2,a,0,1,a,12,8,7,5,16,14,6,1,1,3,0,0,2.7,3.43,3.6,2021-22
SP1,2022-01-29 00:00:00+00:00,rayo vallecano,barcelona,3,3,d,0,0,d,12,9,7,3,15,14,5,7,3,0,0,0,2.0,3.42,2.76,2021-22
SP1,2022-02-05 00:00:00+00:00,rayo vallecano,atletico madrid,3,3,d,1,2,a,6,15,5,5,13,5,3,4,1,0,0,0,1.7,2.89,5.99,2021-22
SP1,2022-02-12 00:00:00+00:00,rayo vallecano,sevilla,1,1,a,1,0,h,21,6,7,0,14,15,4,4,3,3,0,0,2.6,3.99,5.86,2021-22
SP1,2022-02-19 00:00:00+00:00,rayo vallecano,real sociedad,1,1,d,1,1,d,14,14,6,2,13,14,5,6,0,1,0,1,1.51,3.23,4.32,2021-22
SP1,2022-02-26 00:00:00+00:00,rayo vallecano,villarreal,1,2,h,1,0,h,6,8,3,4,10,16,1,3,2,1,0,0,3.41,2.91,3.03,2021-22
SP1,2022-03-05 00:00:00+00:00,rayo vallecano,athletic club,0,2,a,0,0,d,10,11,8,3,14,14,7,6,0,1,0,0,3.07,2.83,2.11,2021-22
SP1,2022-03-12 00:00:00+00:00,rayo vallecano,valencia,2,1,a,2,1,h,16,13,4,3,14,15,6,2,2,2,0,0,3.2,3.57,2.66,2021-22
SP1,2022-03-19 00:00:00+00:00,rayo vallecano,real betis,2,1,h,2,0,h,17,7,4,3,15,10,6,4,0,3,0,0,2.5,2.96,2.92,2021-22
SP1,2022-03-26 00:00:00+00:00,rayo vallecano,osasuna,1,0,h,1,0,h,8,6,8,6,12,11,8,4,1,2,0,0,1.75,3.45,5.96,2021-22
SP1,2022-04-02 00:00:00+00:00,rayo vallecano,celta vigo,2,2,a,0,1,a,17,9,8,4,10,14,5,4,3,1,0,0,4.25,3.95,5.48,2021-22
SP1,2022-04-09 00:00:00+00:00,rayo vallecano,getafe,1,0,h,1,0,h,10,10,6,5,9,17,10,7,1,4,0,0,3.11,3.6,5.04,2021-22
SP1,2022-04-16 00:00:00+00:00,rayo vallecano,girona,1,1,h,1,1,d,15,16,3,7,14,11,2,5,2,1,0,0,2.44,3.82,4.59,2021-22
SP1,2022-04-23 00:00:00+00:00,rayo vallecano,mallorca,3,3,d,0,0,d,11,15,8,8,11,9,2,5,2,1,0,0,2.46,2.8,5.59,2021-22
SP1,2022-04-30 00:00:00+00:00,rayo vallecano,almeria,2,1,h,0,0,d,8,9,6,1,10,8,4,5,2,0,0,0,2.92,2.84,2.75,2021-22
SP1,2022-05-07 00:00:00+00:00,rayo vallecano,cadiz,3,0,h,0,0,d,17,9,6,4,12,6,6,2,2,3,0,0,2.45,3.13,5.11,2021-22
SP1,2022-05-14 00:00:00+00:00,rayo vallecano,granada,0,2,a,0,0,d,17,12,5,4,7,11,3,3,2,1,0,0,4.21,3.77,2.2,2021-22
SP1,2022-05-21 00:00:00+00:00,rayo vallecano,las palmas,1,1,h,0,1,a,13,18,9,4,12,14,12,9,0,1,0,0,3.64,3.44,2.79,2021-22
SP1,2021-08-14 00:00:00+00:00,rayo vallecano,leganes,1,1,d,1,1,d,9,17,2,3,17,12,4,1,3,1,0,0,3.97,2.93,3.92,2021-22
SP1,2021-08-21 00:00:00+00:00,girona,real madrid,2,1,h,0,1,a,19,10,4,6,7,8,9,5,3,3,0,0,3.05,3.35,4.14,2021-22
SP1,2021-08-28 00:00:00+00:00,girona,barcelona,1,5,a,1,1,d,13,14,5,5,10,18,3,2,2,2,0,0,2.07,3.36,5.6,2021-22
SP1,2021-09-04 00:00:00+00:00,girona,atletico madrid,2,1,a,0,1,a,10,16,7,3,8,9,4,10,1,2,0,0,3.03,2.81,3.78,2021-22
SP1,2021-09-11 00:00:00+00:00,girona,sevilla,0,0,d,0,0,d,11,10,2,2,8,15,7,5,2,2,0,0,4.27,3.19,4.58,2021-22
SP1,2021-09-18 00:00:00+00:00,girona,real sociedad,0,2,a,0,1,a,10,8,10,5,12,10,3,5,1,1,0,0,4.01,3.01,3.8,2021-22
SP1,2021-09-25 00:00:00+00:00,girona,villarreal,3,2,h,2,0,h,15,7,4,4,19,8,5,2,3,2,0,0,3.86,3.32,5.93,2021-22
SP1,2021-10-02 00:00:00+00:00,girona,athletic club,0,0,d,0,0,d,17,5,6,8,11,13,2,2,2,3,0,0,3.59,2.96,5.01,2021-22
SP1,2021-10-09 00:00:00+00:00,girona,valencia,1,2,a,1,1,d,19,10,7,3,13,6,3,7,2,1,0,0,2.32,2.84,3.12,2021-22
SP1,2021-10-16 00:00:00+00:00,girona,real betis,0,0,d,0,0,d,12,9,3,3,14,12,3,5,1,3,0,0,4.03,3.4,5.92,2021-22
SP1,2021-10-23 00:00:00+00:00,girona,osasuna,1,1,h,0,0,d,14,7,7,6,17,10,6,1,2,5,1,0,3.95,3.82,2.19,2021-22
SP1,2021-10-30 00:00:00+00:00,girona,celta vigo,2,0,a,1,0,h,10,9,3,4,14,12,5,3,1,1,1,0,2.66,3.51,2.18,2021-22
SP1,2021-11-06 00:00:00+00:00,girona,getafe,0,3,a,0,1,a,10,10,4,5,10,9,8,7,3,0,0,0,2.95,3.34,3.09,2021-22
SP1,2021-11-13 00:00:00+00:00,girona,rayo vallecano,5,5,d,0,0,d,10,11,4,3,21,10,7,5,2,1,0,0,1.77,3.38,4.72,2021-22
SP1,2021-11-20 00:00:00+00:00,girona,mallorca,1,0,h,0,0,d,12,8,5,4,13,7,4,4,0,1,0,2,3.44,3.72,5.35,2021-22
SP1,2021-11-27 00:00:00+00:00,girona,almeria,1,0,h,1,0,h,10,5,4,4,17,17,4,6,1,2,0,0,3.31,3.93,3.0,2021-22
SP1,2021-12-04 00:00:00+00:00,girona,cadiz,0,1,h,0,1,a,12,18,8,1,15,12,5,5,2,0,0,0,1.83,2.99,3.82,2021-22
SP1,2021-12-11 00:00:00+00:00,girona,granada,0,0,d,0,0,d,8,12,3,4,13,12,3,5,0,4,0,0,2.51,2.97,1.86,2021-22
SP1,2021-12-18 00:00:00+00:00,girona,las palmas,1,1,d,0,0,d,8,8,7,3,9,19,7,2,4,2,0,0,2.15,3.43,2.49,2021-22
SP1,2021-12-25 00:00:00+00:00,girona,leganes,0,0,d,0,0,d,12,9,2,6,5,18,2,2,4,3,0,0,2.73,3.85,5.06,2021-22
SP1,2022-01-01 00:00:00+00:00,mallorca,real madrid,1,0,a,0,0,d,9,9,6,2,14,15,6,0,2,4,0,0,4.02,3.72,4.99,2021-22
SP1,2022-01-08 00:00:00+00:00,mallorca,barcelona,4,2,h,0,0,d,14,9,0,7,12,8,4,2,3,1,0,0,2.64,3.29,3.48,2021-22
SP1,2022-01-15 00:00:00+00:00,mallorca,atletico madrid,2,1,a,1,0,h,19,8,7,2,19,13,7,0,1,1,0,0,3.86,3.28,4.72,2021-22
SP1,2022-01-22 00:00:00+00:00,mallorca,sevilla,0,3,a,0,1,a,12,10,5,4,10,7,5,2,2,2,0,1,4.42,3.64,2.06,2021-22
SP1,2022-01-29 00:00:00+00:00,mallorca,real sociedad,1,0,h,0,0,d,10,9,6,2,10,9,7,5,2,1,0,0,2.08,3.68,2.64,2021-22
SP1,2022-02-05 00:00:00+00:00,mallorca,villarreal,2,2,d,0,2,a,14,9,7,6,13,16,4,6,1,1,0,0,4.02,3.95,4.17,2021-22
SP1,2022-02-12 00:00:00+00:00,mallorca,athletic club,1,3,a,0,1,a,12,8,7,3,11,8,5,3,3,3,0,0,2.55,3.27,3.61,2021-22
SP1,2022-02-19 00:00:00+00:00,mallorca,valencia,1,0,h,1,0,h,12,11,4,5,12,13,5,2,2,1,0,0,2.51,3.82,2.58,2021-22
SP1,2022-02-26 00:00:00+00:00,mallorca,real betis,0,0,d,0,0,d,11,10,9,4,14,8,5,1,1,2,0,0,2.97,3.92,5.8,2021-22
SP1,2022-03-05 00:00:00+00:00,mallorca,osasuna,1,1,d,0,1,a,16,10,4,4,14,12,3,5,3,2,0,0,3.48,3.67,4.09,2021-22
SP1,2022-03-12 00:00:00+00:00,mallorca,celta vigo,0,2,h,0,2,a,17,8,4,7,11,13,2,4,1,2,0,0,4.02,3.69,5.14,2021-22
SP1,2022-03-19 00:00:00+00:00,mallorca,getafe,3,0,h,0,0,d,12,11,3,8,8,11,2,3,3,2,0,0,2.59,2.93,4.96,2021-22
SP1,2022-03-26 00:00:00+00:00,mallorca,rayo vallecano,3,3,d,0,0,d,15,7,6,8,15,18,13,0,0,2,0,0,4.37,3.69,5.1,2021-22
SP1,2022-04-02 00:00:00+00:00,mallorca,girona,0,1,a,0,1,a,9,10,3,6,15,10,6,4,2,1,0,0,2.27,3.08,3.88,2021-22
SP1,2022-04-09 00:00:00+00:00,mallorca,almeria,0,3,h,0,0,d,16,10,4,6,16,14,2,4,0,1,0,0,1.61,3.54,2.15,2021-22
SP1,2022-04-16 00:00:00+00:00,mallorca,cadiz,3,0,h,2,0,h,10,12,4,1,5,4,8,2,2,3,0,0,3.11,3.68,5.38,2021-22
SP1,2022-04-23 00:00:00+00:00,mallorca,granada,1,1,d,1,1,d,10,11,4,4,19,6,6,4,2,2,1,0,2.84,3.05,5.93,2021-22
SP1,2022-04-30 00:00:00+00:00,mallorca,las palmas,2,0,h,0,0,d,12,9,4,4,14,7,7,1,1,3,0,1,3.57,3.93,3.97,2021-22
SP1,2022-05-07 00:00:00+00:00,mallorca,leganes,4,1,h,1,1,d,16,18,3,3,11,7,1,6,2,1,1,0,1.75,3.51,3.55,2021-22
SP1,2022-05-14 00:00:00+00:00,almeria,real madrid,3,1,h,0,1,a,20,18,5,7,13,4,3,5,2,6,0,1,1.56,3.17,2.32,2021-22
SP1,2022-05-21 00:00:00+00:00,almeria,barcelona,1,1,d,0,0,d,13,12,7,4,10,13,2,0,0,2,0,0,2.47,3.04,3.75,2021-22
SP1,2021-08-14 00:00:00+00:00,almeria,atletico madrid,2,1,a,0,1,a,12,15,2,3,11,12,5,6,2,0,0,0,3.85,3.82,4.19,2021-22
SP1,2021-08-21 00:00:00+00:00,almeria,sevilla,4,0,h,2,0,h,13,5,3,2,12,10,8,6,2,1,0,0,4.25,3.87,5.17,2021-22
SP1,2021-08-28 00:00:00+00:00,almeria,real sociedad,1,1,h,1,1,d,14,5,6,2,9,8,2,5,3,2,0,0,3.1,3.46,2.17,2021-22
SP1,2021-09-04 00:00:00+00:00,almeria,villarreal,2,2,d,0,1,a,15,9,9,1,15,8,6,1,6,4,0,0,2.85,2.9,3.62,2021-22
SP1,2021-09-11 00:00:00+00:00,almeria,athletic club,5,0,h,2,0,h,15,16,5,3,13,18,3,3,2,1,0,0,3.5,3.66,4.1,2021-22
SP1,2021-09-18 00:00:00+00:00,almeria,valencia,0,1,h,0,0,d,14,7,5,5,14,13,3,2,1,0,0,0,1.66,3.93,5.62,2021-22
SP1,2021-09-25 00:00:00+00:00,almeria,real betis,1,0,h,1,0,h,10,5,5,4,9,9,5,1,2,1,0,0,4.45,3.81,1.88,2021-22
SP1,2021-10-02 00:00:00+00:00,almeria,osasuna,1,3,a,1,0,h,17,9,7,2,12,12,4,4,4,1,0,0,3.71,3.81,5.66,2021-22
SP1,2021-10-09 00:00:00+00:00,almeria,celta vigo,5,1,h,1,0,h,11,9,3,7,5,10,8,7,2,1,0,0,2.09,4.0,2.7,2021-22
SP1,2021-10-16 00:00:00+00:00,almeria,getafe,2,1,h,2,0,h,14,11,4,2,9,15,3,2,3,3,0,0,2.06,3.68,5.88,2021-22
SP1,2021-10-23 00:00:00+00:00,almeria,rayo vallecano,3,0,h,0,0,d,18,12,6,3,20,10,4,1,1,1,0,0,4.15,3.51,1.93,2021-22
SP1,2021-10-30 00:00:00+00:00,almeria,girona,0,2,h,0,0,d,11,12,7,2,18,18,3,3,3,5,0,0,1.9,3.56,4.67,2021-22
SP1,2021-11-06 00:00:00+00:00,almeria,mallorca,2,2,a,2,1,h,12,18,3,7,8,13,4,5,1,4,0,0,3.68,3.45,3.99,2021-22
SP1,2021-11-13 00:00:00+00:00,almeria,cadiz,4,0,h,1,0,h,13,13,4,4,14,12,1,7,2,2,0,0,4.4,3.08,4.2,2021-22
SP1,2021-11-20 00:00:00+00:00,almeria,granada,2,2,d,0,0,d,13,5,4,1,10,9,4,4,3,2,0,0,2.2,3.65,4.63,2021-22
SP1,2021-11-27 00:00:00+00:00,almeria,las palmas,1,0,h,0,0,d,15,11,5,2,9,16,1,2,4,0,0,0,3.26,2.84,4.33,2021-22
SP1,2021-12-04 00:00:00+00:00,almeria,leganes,0,0,d,0,0,d,14,7,6,1,8,11,6,3,2,1,0,0,2.4,3.37,2.52,2021-22
SP1,2021-12-11 00:00:00+00:00,cadiz,real madrid,1,1,d,0,1,a,10,8,6,1,12,7,6,8,2,2,0,0,2.16,3.88,2.32,2021-22
SP1,2021-12-18 00:00:00+00:00,cadiz,barcelona,1,1,a,1,1,d,14,7,3,5,11,6,7,2,0,2,0,0,3.79,3.22,2.12,2021-22
SP1,2021-12-25 00:00:00+00:00,cadiz,atletico madrid,1,2,a,1,0,h,20,8,2,6,12,14,5,2,1,1,0,0,3.12,3.34,3.38,2021-22
SP1,2022-01-01 00:00:00+00:00,cadiz,sevilla,1,1,d,1,0,h,17,10,9,5,12,16,1,2,4,0,2,1,2.4,3.38,3.14,2021-22
SP1,2022-01-08 00:00:00+00:00,cadiz,real sociedad,0,1,a,0,0,d,16,8,8,6,8,6,7,6,4,6,0,0,3.67,2.86,2.46,2021-22
SP1,2022-01-15 00:00:00+00:00,cadiz,villarreal,2,2,d,1,1,d,16,14,2,5,16,18,3,8,1,2,0,0,4.02,4.0,5.17,2021-22
SP1,2022-01-22 00:00:00+00:00,cadiz,athletic club,1,1,a,0,0,d,16,9,4,3,12,11,7,7,2,3,0,0,1.86,3.69,5.06,2021-22
SP1,2022-01-29 00:00:00+00:00,cadiz,valencia,2,0,h,2,0,h,15,13,5,4,17,12,3,3,3,0,0,1,2.99,3.72,4.7,2021-22
SP1,2022-02-05 00:00:00+00:00,cadiz,real betis,0,3,a,0,1,a,11,10,3,5,15,8,7,7,2,1,0,1,2.99,2.87,3.61,2021-22
SP1,2022-02-12 00:00:00+00:00,cadiz,osasuna,1,2,h,0,0,d,7,9,4,3,11,9,7,3,7,0,0,0,2.88,3.69,4.44,2021-22
SP1,2022-02-19 00:00:00+00:00,cadiz,celta vigo,2,0,h,0,0,d,7,8,2,3,9,14,10,3,2,1,0,0,4.08,3.6,2.13,2021-22
SP1,2022-02-26 00:00:00+00:00,cadiz,getafe,3,1,h,1,0,h,7,9,2,6,10,9,2,5,2,2,0,0,2.65,3.19,3.21,2021-22
SP1,2022-03-05 00:00:00+00:00,cadiz,rayo vallecano,3,3,d,1,0,h,10,8,6,6,12,9,3,8,4,1,0,0,4.03,3.35,2.82,2021-22
SP1,2022-03-12 00:00:00+00:00,cadiz,girona,2,1,a,2,0,h,21,12,6,3,8,13,4,2,3,3,0,0,2.04,2.91,5.9,2021-22
SP1,2022-03-19 00:00:00+00:00,cadiz,mallorca,0,1,a,0,0,d,17,12,3,3,7,8,3,3,2,2,0,0,4.05,3.69,4.04,2021-22
SP1,2022-03-26 00:00:00+00:00,cadiz,almeria,2,1,h,2,1,h,13,7,5,2,7,14,7,7,3,1,0,0,3.09,3.54,2.34,2021-22
SP1,2022-04-02 00:00:00+00:00,cadiz,granada,0,0,d,0,0,d,16,12,4,3,9,7,4,8,4,2,0,0,1.6,3.43,3.25,2021-22
SP1,2022-04-09 00:00:00+00:00,cadiz,las palmas,1,1,h,1,0,h,6,7,7,6,14,9,6,1,3,0,0,0,3.71,3.43,2.21,2021-22
SP1,2022-04-16 00:00:00+00:00,cadiz,leganes,1,2,h,0,2,a,14,8,5,2,8,10,4,3,3,1,0,0,2.0,3.85,1.96,2021-22
SP1,2022-04-23 00:00:00+00:00,granada,real madrid,0,2,a,0,1,a,14,10,3,5,11,11,5,6,2,2,0,0,4.26,3.08,5.26,2021-22
SP1,2022-04-30 00:00:00+00:00,granada,barcelona,1,2,a,0,1,a,9,7,7,2,20,12,3,2,4,3,0,0,2.9,3.11,3.67,2021-22
SP1,2022-05-07 00:00:00+00:00,granada,atletico madrid,1,1,h,1,0,h,17,13,2,1,9,10,5,5,3,3,0,1,2.11,3.08,5.22,2021-22
SP1,2022-05-14 00:00:00+00:00,granada,sevilla,0,2,a,0,2,a,13,11,3,4,18,12,5,7,2,4,0,0,3.42,3.07,5.86,2021-22
SP1,2022-05-21 00:00:00+00:00,granada,real sociedad,0,2,a,0,1,a,9,14,7,1,11,11,7,2,3,4,0,0,2.32,3.52,4.67,2021-22
SP1,2021-08-14 00:00:00+00:00,granada,villarreal,0,0,d,0,0,d,13,7,4,5,18,11,6,6,2,1,0,0,1.79,3.66,4.03,2021-22
SP1,2021-08-21 00:00:00+00:00,granada,athletic club,2,2,d,2,0,h,12,11,7,1,12,12,2,5,1,3,0,0,1.91,3.94,2.27,2021-22
SP1,2021-08-28 00:00:00+00:00,granada,valencia,0,0,h,0,0,d,11,12,5,4,13,11,2,3,2,4,0,0,2.44,3.8,3.43,2021-22
SP1,2021-09-04 00:00:00+00:00,granada,real betis,2,2,d,0,0,d,15,8,3,3,15,11,5,2,4,2,0,0,1.53,3.59,5.79,2021-22
SP1,2021-09-11 00:00:00+00:00,granada,osasuna,2,0,h,1,0,h,17,7,6,6,11,5,4,3,7,2,0,0,4.43,2.83,4.42,2021-22
SP1,2021-09-18 00:00:00+00:00,granada,celta vigo,1,1,a,0,0,d,11,12,7,7,12,12,4,7,1,1,0,1,2.06,2.93,3.37,2021-22
SP1,2021-09-25 00:00:00+00:00,granada,getafe,0,0,d,0,0,d,14,8,7,8,10,10,1,1,2,3,0,0,3.31,3.74,4.75,2021-22
SP1,2021-10-02 00:00:00+00:00,granada,rayo vallecano,1,0,h,0,0,d,21,5,8,2,11,9,7,5,3,3,0,0,2.89,3.6,3.18,2021-22
SP1,2021-10-09 00:00:00+00:00,granada,girona,4,3,a,2,0,h,11,12,6,4,16,14,4,2,5,2,0,0,3.58,2.82,2.46,2021-22
SP1,2021-10-16 00:00:00+00:00,granada,mallorca,3,0,h,1,0,h,16,9,7,2,11,9,8,3,1,1,0,0,2.6,3.64,3.59,2021-22
SP1,2021-10-23 00:00:00+00:00,granada,almeria,2,0,h,1,0,h,7,12,7,3,14,9,3,0,5,3,0,0,4.03,3.18,3.8,2021-22
SP1,2021-10-30 00:00:00+00:00,granada,cadiz,3,0,h,0,0,d,21,8,5,4,13,9,6,5,0,2,1,0,2.76,3.42,2.46,2021-22
SP1,2021-11-06 00:00:00+00:00,granada,las palmas,1,1,d,1,0,h,8,11,6,3,12,8,2,1,0,3,0,0,1.71,3.09,3.13,2021-22
SP1,2021-11-13 00:00:00+00:00,granada,leganes,2,1,h,2,0,h,11,7,6,3,13,8,2,4,3,2,0,1,3.64,3.63,3.3,2021-22
SP1,2021-11-20 00:00:00+00:00,las palmas,real madrid,0,3,a,0,0,d,8,4,7,1,8,9,1,6,3,2,0,0,2.26,3.24,3.23,2021-22
SP1,2021-11-27 00:00:00+00:00,las palmas,barcelona,0,1,a,0,0,d,14,11,7,4,13,12,8,3,2,1,0,1,4.37,3.68,2.52,2021-22
SP1,2021-12-04 00:00:00+00:00,las palmas,atletico madrid,2,2,d,1,0,h,16,10,9,5,12,17,5,10,2,1,0,0,1.68,3.1,1.96,2021-22
SP1,2021-12-11 00:00:00+00:00,las palmas,sevilla,1,1,d,0,0,d,15,6,2,4,7,8,8,5,1,2,1,0,3.77,3.73,4.49,2021-22
SP1,2021-12-18 00:00:00+00:00,las palmas,real sociedad,3,1,h,0,1,a,15,14,4,5,9,16,3,3,1,1,0,0,1.88,3.0,2.7,2021-22
SP1,2021-12-25 00:00:00+00:00,las palmas,villarreal,0,2,a,0,0,d,10,9,3,4,11,16,2,5,5,2,0,0,1.77,3.73,4.51,2021-22
SP1,2022-01-01 00:00:00+00:00,las palmas,athletic club,5,2,h,0,0,d,21,14,5,6,9,17,5,3,1,1,0,0,2.99,3.31,3.03,2021-22
SP1,2022-01-08 00:00:00+00:00,las palmas,valencia,3,2,h,2,0,h,16,12,7,8,10,8,9,7,6,2,0,0,2.2,2.83,3.68,2021-22
SP1,2022-01-15 00:00:00+00:00,las palmas,real betis,0,2,a,0,1,a,11,8,5,2,17,13,3,4,0,0,0,0,3.51,3.04,3.78,2021-22
SP1,2022-01-22 00:00:00+00:00,las palmas,osasuna,2,0,h,1,0,h,14,11,4,6,12,5,6,5,2,3,0,0,2.92,3.73,5.16,2021-22
SP1,2022-01-29 00:00:00+00:00,las palmas,celta vigo,0,2,a,0,1,a,11,13,6,2,15,19,4,0,2,3,0,1,4.16,3.11,3.15,2021-22
SP1,2022-02-05 00:00:00+00:00,las palmas,getafe,2,0,a,1,0,h,8,8,5,1,11,12,6,5,1,1,0,0,3.56,3.45,3.07,2021-22
SP1,2022-02-12 00:00:00+00:00,las palmas,rayo vallecano,0,1,h,0,0,d,13,14,4,2,13,12,7,5,2,5,0,0,2.36,3.16,2.26,2021-22
SP1,2022-02-19 00:00:00+00:00,las palmas,girona,1,1,h,1,1,d,7,7,4,6,11,13,7,1,2,2,0,0,1.86,2.96,4.53,2021-22
SP1,2022-02-26 00:00:00+00:00,las palmas,mallorca,2,0,h,2,0,h,17,6,3,4,9,7,3,7,2,1,0,0,3.97,2.84,3.38,2021-22
SP1,2022-03-05 00:00:00+00:00,las palmas,almeria,1,1,d,1,0,h,16,10,4,4,12,12,9,1,3,2,0,1,2.13,3.42,5.07,2021-22
SP1,2022-03-12 00:00:00+00:00,las palmas,cadiz,3,3,d,0,0,d,16,11,7,4,13,19,3,4,2,2,1,0,3.19,3.59,5.47,2021-22
SP1,2022-03-19 00:00:00+00:00,las palmas,granada,1,1,h,0,1,a,11,9,1,7,11,11,2,3,3,0,0,0,3.63,3.49,2.45,2021-22
SP1,2022-03-26 00:00:00+00:00,las palmas,leganes,1,1,d,1,1,d,13,10,4,2,14,10,4,2,0,1,0,0,3.33,3.15,4.21,2021-22
SP1,2022-04-02 00:00:00+00:00,leganes,real madrid,2,0,h,0,0,d,17,15,5,5,13,19,1,4,0,2,1,0,4.4,3.36,4.73,2021-22
SP1,2022-04-09 00:00:00+00:00,leganes,barcelona,4,0,h,0,0,d,15,12,3,3,13,11,7,1,5,2,0,0,2.95,3.87,4.26,2021-22
SP1,2022-04-16 00:00:00+00:00,leganes,atletico madrid,0,4,a,0,0,d,16,9,10,8,17,8,4,0,2,5,0,0,4.47,3.55,5.33,2021-22
SP1,2022-04-23 00:00:00+00:00,leganes,sevilla,2,0,h,0,0,d,15,9,5,2,12,20,3,1,2,3,0,0,2.3,3.56,3.71,2021-22
SP1,2022-04-30 00:00:00+00:00,leganes,real sociedad,2,1,h,2,1,h,21,12,10,5,16,10,4,3,1,1,0,0,4.29,3.04,2.27,2021-22
SP1,2022-05-07 00:00:00+00:00,leganes,villarreal,0,1,a,0,1,a,17,6,5,4,7,13,3,4,1,1,0,0,3.04,3.99,5.23,2021-22
SP1,2022-05-14 00:00:00+00:00,leganes,athletic club,1,1,d,1,0,h,17,10,8,6,10,20,6,2,2,2,1,0,2.87,2.93,5.55,2021-22
SP1,2022-05-21 00:00:00+00:00,leganes,valencia,1,1,d,1,1,d,12,10,6,4,14,11,5,2,1,3,0,0,2.68,2.95,3.73,2021-22
SP1,2021-08-14 00:00:00+00:00,leganes,real betis,0,3,a,0,1,a,10,15,2,1,15,9,6,5,4,2,1,0,4.06,2.87,4.1,2021-22
SP1,2021-08-21 00:00:00+00:00,leganes,osasuna,1,2,h,0,1,a,11,7,6,5,14,5,5,2,4,2,0,0,4.48,3.03,3.87,2021-22
SP1,2021-08-28 00:00:00+00:00,leganes,celta vigo,3,0,h,1,0,h,9,10,4,7,8,7,1,1,0,2,0,0,3.95,3.87,3.71,2021-22
SP1,2021-09-04 00:00:00+00:00,leganes,getafe,1,1,d,1,1,d,12,14,4,3,10,12,5,8,2,3,0,0,3.54,3.18,4.51,2021-22
SP1,2021-09-11 00:00:00+00:00,leganes,rayo vallecano,2,1,h,1,1,d,10,13,7,4,15,12,5,5,2,2,0,0,3.28,3.49,3.48,2021-22
SP1,2021-09-18 00:00:00+00:00,leganes,girona,1,1,d,0,1,a,19,11,8,5,11,11,6,4,1,2,1,0,2.36,3.2,5.86,2021-22
SP1,2021-09-25 00:00:00+00:00,leganes,mallorca,0,3,a,0,1,a,15,7,3,3,10,16,2,3,0,1,0,0,4.13,3.82,4.64,2021-22
SP1,2021-10-02 00:00:00+00:00,leganes,almeria,0,2,a,0,1,a,21,9,4,5,11,10,5,8,4,2,1,1,2.75,2.88,1.98,2021-22
SP1,2021-10-09 00:00:00+00:00,leganes,cadiz,1,1,a,0,0,d,12,9,6,1,11,14,8,6,2,3,0,0,1.82,2.94,4.31,2021-22
SP1,2021-10-16 00:00:00+00:00,leganes,granada,0,3,a,0,1,a,15,9,5,3,16,9,4,7,3,1,0,0,2.72,3.33,3.83,2021-22
SP1,2021-10-23 00:00:00+00:00,leganes,las palmas,1,1,h,0,0,d,16,10,1,2,14,15,2,3,2,3,0,0,2.56,3.59,4.55,2021-22
SP1,2022-08-12 00:00:00+00:00,real madrid,barcelona,1,3,a,1,1,d,12,8,7,4,11,13,7,3,1,2,0,0,4.47,3.5,4.75,2022-23
SP1,2022-08-19 00:00:00+00:00,real madrid,atletico madrid,2,1,h,0,0,d,9,11,5,5,14,15,6,4,2,2,0,0,4.22,3.16,2.21,2022-23
SP1,2022-08-26 00:00:00+00:00,real madrid,sevilla,1,0,a,1,0,h,18,10,3,4,18,8,5,4,2,2,0,0,3.69,3.0,2.54,2022-23
SP1,2022-09-02 00:00:00+00:00,real madrid,real sociedad,3,1,h,0,1,a,13,14,3,3,18,8,7,3,6,3,0,0,1.54,3.35,3.64,2022-23
SP1,2022-09-09 00:00:00+00:00,real madrid,villarreal,3,3,h,2,1,h,11,11,4,2,12,16,6,7,2,4,0,1,4.1,3.84,5.35,2022-23
SP1,2022-09-16 00:00:00+00:00,real madrid,athletic club,0,2,a,0,2,a,15,11,5,6,16,13,7,0,0,3,1,0,1.74,3.12,3.2,2022-23
SP1,2022-09-23 00:00:00+00:00,real madrid,valencia,0,0,d,0,0,d,16,7,8,4,7,15,7,5,1,3,0,0,4.4,3.19,5.26,2022-23
SP1,2022-09-30 00:00:00+00:00,real madrid,real betis,3,3,d,2,1,h,15,11,8,3,12,13,4,4,3,2,0,0,1.68,3.45,2.21,2022-23
SP1,2022-10-07 00:00:00+00:00,real madrid,osasuna,0,5,a,0,1,a,11,6,4,4,16,13,8,2,3,1,0,0,3.26,3.49,5.28,2022-23
SP1,2022-10-14 00:00:00+00:00,real madrid,celta vigo,2,2,a,0,0,d,11,10,2,4,12,11,8,2,1,2,0,0,2.89,3.15,2.72,2022-23
SP1,2022-10-21 00:00:00+00:00,real madrid,getafe,2,2,h,0,0,d,14,9,6,4,13,6,3,4,0,1,0,0,4.38,3.51,3.8,2022-23
SP1,2022-10-28 00:00:00+00:00,real madrid,rayo vallecano,5,0,h,2,0,h,13,10,4,5,17,9,6,6,2,2,0,0,3.53,4.0,3.19,2022-23
SP1,2022-11-04 00:00:00+00:00,real madrid,girona,3,2,h,2,2,d,13,15,4,4,7,10,4,6,3,2,0,0,4.19,3.78,4.85,2022-23
SP1,2022-11-11 00:00:00+00:00,real madrid,mallorca,0,1,a,0,1,a,15,16,3,5,13,16,2,3,3,2,0,0,3.47,2.9,5.11,2022-23
SP1,2022-11-18 00:00:00+00:00,real madrid,almeria,2,1,h,0,0,d,20,9,5,4,9,8,6,5,1,2,0,0,3.83,3.19,2.71,2022-23
SP1,2022-11-25 00:00:00+00:00,real madrid,cadiz,4,1,h,0,0,d,10,7,6,5,13,12,8,5,3,1,0,0,4.36,3.71,4.28,2022-23
SP1,2022-12-02 00:00:00+00:00,real madrid,granada,0,3,a,0,1,a,14,14,6,1,16,15,4,2,1,1,0,0,3.32,3.06,3.58,2022-23
SP1,2022-12-09 00:00:00+00:00,real madrid,las palmas,1,3,a,1,1,d,10,12,2,0,8,9,6,9,3,2,1,0,3.0,2.95,3.91,2022-23
SP1,2022-12-16 00:00:00+00:00,real madrid,leganes,1,0,h,0,0,d,10,11,6,5,15,14,5,5,3,0,0,0,1.97,3.41,2.06,2022-23
SP1,2022-12-23 00:00:00+00:00,barcelona,real madrid,1,1,d,0,0,d,10,18,8,1,6,12,1,5,3,3,0,0,2.8,3.42,3.96,2022-23
SP1,2022-12-30 00:00:00+00:00,barcelona,atletico madrid,1,1,a,1,1,d,19,16,5,2,9,10,2,1,1,2,0,0,3.56,3.65,5.42,2022-23
SP1,2023-01-06 00:00:00+00:00,barcelona,sevilla,1,2,a,0,0,d,8,8,9,3,12,9,4,3,4,1,0,0,2.82,3.44,4.3,2022-23
SP1,2023-01-13 00:00:00+00:00,barcelona,real sociedad,2,2,d,2,1,h,13,6,5,2,7,12,5,6,3,2,1,0,3.17,3.62,4.83,2022-23
SP1,2023-01-20 00:00:00+00:00,barcelona,villarreal,1,1,d,1,1,d,20,12,4,3,15,10,2,4,1,2,0,0,3.43,3.95,4.95,2022-23
SP1,2023-01-27 00:00:00+00:00,barcelona,athletic club,4,1,h,0,0,d,8,8,8,6,17,10,8,3,3,3,0,0,4.19,3.61,3.51,2022-23
SP1,2023-02-03 00:00:00+00:00,barcelona,valencia,0,3,a,0,0,d,13,9,4,8,18,10,6,2,3,0,0,0,3.56,3.88,3.66,2022-23
SP1,2023-02-10 00:00:00+00:00,barcelona,real betis,1,0,a,0,0,d,17,7,2,5,9,12,4,4,1,4,0,0,3.03,3.57,2.64,2022-23
SP1,2023-02-17 00:00:00+00:00,barcelona,osasuna,4,2,h,0,2,a,11,10,3,4,10,11,4,9,3,2,0,0,3.41,3.31,2.01,2022-23
SP1,2023-02-24 00:00:00+00:00,barcelona,celta vigo,0,0,d,0,0,d,9,8,5,6,18,8,4,6,3,3,0,0,2.28,3.79,1.92,2022-23
SP1,2023-03-03 00:00:00+00:00,barcelona,getafe,0,0,d,0,0,d,12,7,7,6,9,7,3,4,3,0,0,0,2.07,3.56,5.29,2022-23
SP1,2023-03-10 00:00:00+00:00,barcelona,rayo vallecano,2,3,h,0,0,d,6,6,3,4,12,8,5,3,4,2,0,0,2.15,2.83,4.3,2022-23
SP1,2023-03-17 00:00:00+00:00,barcelona,girona,0,0,a,0,0,d,12,10,11,7,7,16,5,5,0,2,0,0,2.08,3.72,4.34,2022-23
SP1,2023-03-24 00:00:00+00:00,barcelona,mallorca,1,1,d,0,0,d,14,10,6,3,11,12,4,4,3,0,0,0,1.85,3.9,4.11,2022-23
SP1,2023-03-31 00:00:00+00:00,barcelona,almeria,0,0,h,0,0,d,13,12,3,6,16,10,3,3,2,2,0,0,4.4,3.29,6.0,2022-23
SP1,2023-04-07 00:00:00+00:00,barcelona,cadiz,1,1,d,1,1,d,14,8,5,6,8,14,1,5,1,1,0,0,3.95,3.45,5.47,2022-23
SP1,2023-04-14 00:00:00+00:00,barcelona,granada,2,2,d,0,1,a,11,9,2,4,11,18,7,7,0,1,0,0,4.41,3.71,2.56,2022-23
SP1,2023-04-21 00:00:00+00:00,barcelona,las palmas,0,5,a,0,0,d,11,12,11,5,7,12,6,6,2,1,0,0,3.6,3.69,5.98,2022-23
SP1,2023-04-28 00:00:00+00:00,barcelona,leganes,4,4,d,0,1,a,17,11,3,3,5,22,7,3,2,5,0,0,2.84,3.58,4.73,2022-23
SP1,2023-05-05 00:00:00+00:00,atletico madrid,real madrid,1,1,h,0,1,a,19,12,7,4,17,11,7,4,2,3,0,0,4.11,3.59,5.08,2022-23
SP1,2023-05-12 00:00:00+00:00,atletico madrid,barcelona,1,0,h,1,0,h,20,12,7,3,12,19,8,1,0,5,0,1,2.64,2.98,4.46,2022-23
SP1,2023-05-19 00:00:00+00:00,atletico madrid,sevilla,2,1,h,1,0,h,13,11,5,3,16,9,2,3,1,0,0,0,4.09,3.07,5.33,2022-23
SP1,2023-05-26 00:00:00+00:00,atletico madrid,real sociedad,2,2,a,0,0,d,19,9,5,3,10,12,6,5,5,2,0,0,4.14,2.84,2.15,2022-23
SP1,2023-06-02 00:00:00+00:00,atletico madrid,villarreal,0,0,d,0,0,d,16,7,7,3,11,13,4,5,1,2,0,0,1.86,3.71,2.69,2022-23
SP1,2022-08-12 00:00:00+00:00,atletico madrid,athletic club,1,1,d,0,0,d,15,11,3,6,9,8,6,7,3,1,0,0,1.72,2.98,5.0,2022-23
SP1,2022-08-19 00:00:00+00:00,atletico madrid,valencia,0,0,h,0,0,d,11,11,10,7,19,12,5,4,2,1,0,0,3.0,3.1,2.62,2022-23
SP1,2022-08-26 00:00:00+00:00,atletico madrid,real betis,2,2,d,1,1,d,21,8,4,3,14,7,4,7,1,0,0,0,3.58,3.68,5.18,2022-23
SP1,2022-09-02 00:00:00+00:00,atletico madrid,osasuna,1,1,h,0,1,a,13,9,9,4,10,13,6,4,4,2,0,0,3.03,3.28,1.87,2022-23
SP1,2022-09-09 00:00:00+00:00,atletico madrid,celta vigo,4,0,h,0,0,d,12,13,8,4,8,7,5,5,0,1,0,0,1.56,3.34,2.75,2022-23
SP1,2022-09-16 00:00:00+00:00,atletico madrid,getafe,0,0,d,0,0,d,10,6,6,5,8,12,2,7,3,3,0,0,1.6,3.01,5.01,2022-23
SP1,2022-09-23 00:00:00+00:00,atletico madrid,rayo vallecano,2,2,h,2,1,h,13,10,9,2,16,14,2,4,2,2,0,0,3.79,3.33,4.32,2022-23
SP1,2022-09-30 00:00:00+00:00,atletico madrid,girona,2,2,d,1,2,a,13,9,6,6,13,16,7,4,2,3,0,0,2.69,3.38,4.74,2022-23
SP1,2022-10-07 00:00:00+00:00,atletico madrid,mallorca,1,1,a,0,0,d,8,9,8,4,16,8,2,2,5,0,0,1,3.43,3.24,2.53,2022-23
SP1,2022-10-14 00:00:00+00:00,atletico madrid,almeria,3,1,h,0,0,d,12,8,7,2,12,10,6,5,3,4,0,0,3.67,3.8,4.34,2022-23
SP1,2022-10-21 00:00:00+00:00,atletico madrid,cadiz,3,3,d,1,0,h,15,5,5,5,11,10,6,6,2,3,0,0,3.68,3.19,4.01,2022-23
SP1,2022-10-28 00:00:00+00:00,atletico madrid,granada,1,5,a,0,1,a,14,14,7,3,19,11,5,5,1,3,0,0,3.82,2.97,4.17,2022-23
SP1,2022-11-04 00:00:00+00:00,atletico madrid,las palmas,4,0,h,1,0,h,17,12,5,5,7,12,5,3,2,0,0,0,2.98,3.71,1.82,2022-23
SP1,2022-11-11 00:00:00+00:00,atletico madrid,leganes,3,1,h,1,0,h,20,3,5,3,17,9,4,5,2,0,0,0,2.34,3.89,3.65,2022-23
SP1,2022-11-18 00:00:00+00:00,sevilla,real madrid,0,2,a,0,2,a,11,11,5,1,11,7,5,6,3,0,0,0,3.92,3.83,3.33,2022-23
SP1,2022-11-25 00:00:00+00:00,sevilla,barcelona,1,1,d,0,0,d,10,8,6,4,10,7,2,5,2,2,0,0,3.4,3.03,2.69,2022-23
SP1,2022-12-02 00:00:00+00:00,sevilla,atletico madrid,1,2,h,1,1,d,16,11,1,4,15,15,5,2,6,3,0,0,3.51,2.91,4.77,2022-23
SP1,2022-12-09 00:00:00+00:00,sevilla,real sociedad,4,0,h,0,0,d,11,9,3,3,7,15,4,3,4,3,0,0,3.48,3.8,3.25,2022-23
SP1,2022-12-16 00:00:00+00:00,sevilla,villarreal,3,3,d,0,2,a,21,13,2,3,11,11,1,3,4,0,0,0,2.29,3.81,5.66,2022-23
SP1,2022-12-23 00:00:00+00:00,sevilla,athletic club,2,3,h,2,1,h,11,8,6,2,12,13,6,7,3,2,0,0,3.25,2.93,3.89,2022-23
SP1,2022-12-30 00:00:00+00:00,sevilla,valencia,1,1,d,1,1,d,10,9,6,2,7,10,5,3,2,0,0,0,3.06,3.11,4.88,2022-23
SP1,2023-01-06 00:00:00+00:00,sevilla,real betis,2,1,h,0,0,d,13,12,8,3,9,13,7,2,3,0,0,0,4.15,3.65,5.48,2022-23
SP1,2023-01-13 00:00:00+00:00,sevilla,osasuna,0,0,h,0,0,d,9,15,4,3,13,12,6,5,1,2,0,0,4.35,4.0,2.32,2022-23
SP1,2023-01-20 00:00:00+00:00,sevilla,celta vigo,0,0,a,0,0,d,11,6,5,2,15,7,6,11,3,2,0,0,1.6,3.5,4.6,2022-23
SP1,2023-01-27 00:00:00+00:00,sevilla,getafe,2,2,h,2,1,h,11,6,9,3,13,12,1,10,0,5,1,0,2.93,2.95,1.97,2022-23
SP1,2023-02-03 00:00:00+00:00,sevilla,rayo vallecano,5,0,h,2,0,h,21,9,7,2,14,12,4,2,0,1,0,0,2.88,3.44,4.51,2022-23
SP1,2023-02-10 00:00:00+00:00,sevilla,girona,1,0,h,1,0,h,19,9,3,6,10,19,4,5,3,2,0,0,1.56,3.32,5.31,2022-23
SP1,2023-02-17 00:00:00+00:00,sevilla,mallorca,1,1,d,1,1,d,16,9,3,2,11,15,5,3,1,2,0,0,3.66,3.94,4.2,2022-23
SP1,2023-02-24 00:00:00+00:00,sevilla,almeria,1,2,h,1,0,h,13,4,6,4,24,7,6,8,4,1,0,0,2.65,2.91,5.64,2022-23
SP1,2023-03-03 00:00:00+00:00,sevilla,cadiz,1,5,a,1,0,h,13,13,1,4,13,14,4,5,2,2,0,0,3.96,2.96,2.61,2022-23
SP1,2023-03-10 00:00:00+00:00,sevilla,granada,0,0,d,0,0,d,14,3,2,2,11,16,7,3,2,2,0,0,4.37,3.35,3.19,2022-23
SP1,2023-03-17 00:00:00+00:00,sevilla,las palmas,1,1,h,1,0,h,12,10,11,4,16,13,7,2,10,2,0,0,1.58,3.67,3.53,2022-23
SP1,2023-03-24 00:00:00+00:00,sevilla,leganes,2,0,h,0,0,d,12,9,5,3,13,4,5,7,3,0,0,0,2.33,3.66,3.61,2022-23
SP1,2023-03-31 00:00:00+00:00,real sociedad,real madrid,1,1,d,1,1,d,19,6,3,2,12,5,3,1,1,6,0,0,2.13,3.78,5.96,2022-23
SP1,2023-04-07 00:00:00+00:00,real sociedad,barcelona,1,1,a,1,0,h,15,13,5,1,10,13,4,2,2,1,0,0,2.94,2.96,2.31,2022-23
SP1,2023-04-14 00:00:00+00:00,real sociedad,atletico madrid,1,2,a,1,2,a,6,12,3,3,10,14,5,6,3,0,0,0,3.17,3.52,2.66,2022-23
SP1,2023-04-21 00:00:00+00:00,real sociedad,sevilla,1,1,h,1,0,h,12,9,5,6,10,6,5,7,3,3,0,0,4.27,3.78,4.8,2022-23
SP1,2023-04-28 00:00:00+00:00,real sociedad,villarreal,0,1,h,0,1,a,13,5,5,8,17,11,7,4,1,2,0,0,3.75,3.82,4.71,2022-23
SP1,2023-05-05 00:00:00+00:00,real sociedad,athletic club,0,1,a,0,1,a,11,14,2,4,7,14,5,6,2,3,0,0,3.25,3.8,4.27,2022-23
SP1,2023-05-12 00:00:00+00:00,real sociedad,valencia,2,0,h,1,0,h,9,10,7,3,14,13,5,0,3,3,0,0,3.65,3.74,2.96,2022-23
SP1,2023-05-19 00:00:00+00:00,real sociedad,real betis,1,1,h,1,1,d,17,9,9,3,15,12,5,2,2,1,0,0,4.23,3.11,3.84,2022-23
SP1,2023-05-26 00:00:00+00:00,real sociedad,osasuna,0,2,a,0,0,d,18,10,3,4,10,11,4,5,1,2,0,0,1.75,3.03,2.07,2022-23
SP1,2023-06-02 00:00:00+00:00,real sociedad,celta vigo,1,1,h,0,0,d,9,18,9,3,7,8,5,4,0,3,0,0,2.23,3.97,4.47,2022-23
SP1,2022-08-12 00:00:00+00:00,real sociedad,getafe,2,2,d,2,1,h,12,15,3,7,16,6,2,5,1,2,0,0,2.16,3.06,1.99,2022-23
SP1,2022-08-19 00:00:00+00:00,real sociedad,rayo vallecano,0,0,d,0,0,d,12,11,2,5,10,6,7,7,4,2,0,0,3.68,3.98,3.29,2022-23
SP1,2022-08-26 00:00:00+00:00,real sociedad,girona,1,0,h,0,0,d,16,18,3,7,13,12,8,5,1,3,0,0,2.46,3.64,4.47,2022-23
SP1,2022-09-02 00:00:00+00:00,real sociedad,mallorca,0,0,d,0,0,d,14,14,5,6,13,11,8,1,2,2,0,0,2.58,3.11,3.3,2022-23
SP1,2022-09-09 00:00:00+00:00,real sociedad,almeria,0,0,h,0,0,d,14,10,4,2,7,11,6,5,1,2,0,0,3.76,3.0,4.68,2022-23
SP1,2022-09-16 00:00:00+00:00,real sociedad,cadiz,0,1,a,0,1,a,16,13,6,4,10,11,4,1,0,2,0,0,2.95,3.67,5.64,2022-23
SP1,2022-09-23 00:00:00+00:00,real sociedad,granada,3,3,d,1,0,h,11,8,5,6,11,8,7,3,1,1,0,0,1.9,3.94,4.98,2022-23
SP1,2022-09-30 00:00:00+00:00,real sociedad,las palmas,0,2,h,0,0,d,17,12,3,8,6,10,6,3,5,0,0,0,4.38,3.38,4.59,2022-23
SP1,2022-10-07 00:00:00+00:00,real sociedad,leganes,1,1,h,0,1,a,11,7,7,3,10,8,3,5,5,1,0,0,2.36,3.98,1.9,2022-23
SP1,2022-10-14 00:00:00+00:00,villarreal,real madrid,4,3,h,1,0,h,14,12,4,1,6,13,3,1,2,3,0,0,1.57,2.85,3.09,2022-23
SP1,2022-10-21 00:00:00+00:00,villarreal,barcelona,1,3,a,1,0,h,16,11,4,2,8,14,3,6,2,3,0,0,4.34,3.46,3.98,2022-23
SP1,2022-10-28 00:00:00+00:00,villarreal,atletico madrid,0,5,a,0,0,d,15,11,9,3,10,7,4,1,1,3,0,0,3.23,3.91,5.58,2022-23
SP1,2022-11-04 00:00:00+00:00,villarreal,sevilla,1,0,h,0,0,d,21,10,3,2,20,9,6,8,3,2,0,0,3.44,3.92,3.82,2022-23
SP1,2022-11-11 00:00:00+00:00,villarreal,real sociedad,1,1,d,0,0,d,11,6,6,1,17,9,8,4,2,3,0,1,2.9,3.41,2.95,2022-23
SP1,2022-11-18 00:00:00+00:00,villarreal,athletic club,1,2,h,1,1,d,16,9,7,4,19,15,8,6,2,3,0,0,2.11,3.62,3.68,2022-23
SP1,2022-11-25 00:00:00+00:00,villarreal,valencia,1,2,a,1,1,d,13,10,6,2,10,13,3,5,1,1,0,0,4.14,3.95,4.99,2022-23
SP1,2022-12-02 00:00:00+00:00,villarreal,real betis,2,3,h,0,0,d,14,8,1,8,13,13,4,4,1,0,0,0,2.16,3.75,3.37,2022-23
SP1,2022-12-09 00:00:00+00:00,villarreal,osasuna,0,0,a,0,0,d,15,8,2,5,11,7,6,3,6,2,0,0,3.91,2.91,4.27,2022-23
SP1,2022-12-16 00:00:00+00:00,villarreal,celta vigo,1,2,h,0,0,d,17,8,5,4,12,11,4,4,0,2,0,0,3.05,3.18,4.91,2022-23
SP1,2022-12-23 00:00:00+00:00,villarreal,getafe,0,0,d,0,0,d,9,8,3,1,10,6,6,6,1,4,1,0,2.95,2.81,3.76,2022-23
SP1,2022-12-30 00:00:00+00:00,villarreal,rayo vallecano,4,0,h,1,0,h,10,14,5,3,15,16,4,5,1,3,0,0,1.69,3.24,2.93,2022-23
SP1,2023-01-06 00:00:00+00:00,villarreal,girona,0,2,h,0,1,a,12,7,5,4,12,13,6,2,2,2,0,0,4.16,3.41,1.92,2022-23
SP1,2023-01-13 00:00:00+00:00,villarreal,mallorca,3,2,h,1,0,h,17,16,7,7,14,13,7,4,2,1,0,0,2.52,3.07,1.84,2022-23
SP1,2023-01-20 00:00:00+00:00,villarreal,almeria,3,1,h,3,1,h,17,11,5,1,15,10,0,2,4,1,0,0,3.49,3.52,3.48,2022-23
SP1,2023-01-27 00:00:00+00:00,villarreal,cadiz,0,1,h,0,0,d,9,18,1,4,12,13,3,1,1,4,0,0,3.37,3.23,2.68,2022-23
SP1,2023-02-03 00:00:00+00:00,villarreal,granada,1,1,a,1,1,d,12,16,5,3,10,6,5,3,3,0,0,0,4.36,3.63,5.74,2022-23
SP1,2023-02-10 00:00:00+00:00,villarreal,las palmas,0,2,a,0,0,d,12,8,4,6,7,15,10,7,0,1,0,0,2.96,3.53,4.93,2022-23
SP1,2023-02-17 00:00:00+00:00,villarreal,leganes,1,3,a,0,1,a,13,8,8,2,13,14,6,6,3,1,0,0,2.54,2.97,3.32,2022-23
SP1,2023-02-24 00:00:00+00:00,athletic club,real madrid,2,2,a,1,0,h,13,8,9,5,21,12,7,2,2,5,0,0,2.81,3.96,3.83,2022-23
SP1,2023-03-03 00:00:00+00:00,athletic club,barcelona,2,2,d,0,0,d,17,11,5,3,7,13,8,5,2,1,0,0,3.2,3.16,5.61,2022-23
SP1,2023-03-10 00:00:00+00:00,athletic club,atletico madrid,3,2,h,3,1,h,19,11,2,2,8,10,7,4,1,0,0,0,3.5,3.15,3.74,2022-23
SP1,2023-03-17 00:00:00+00:00,athletic club,sevilla,0,0,d,0,0,d,15,13,7,3,9,12,4,3,2,1,0,0,3.35,3.17,4.26,2022-23
SP1,2023-03-24 00:00:00+00:00,athletic club,real sociedad,0,3,a,0,0,d,9,12,6,6,9,12,4,1,4,1,0,0,2.54,3.28,2.64,2022-23
SP1,2023-03-31 00:00:00+00:00,athletic club,villarreal,5,0,h,1,0,h,8,11,4,3,17,10,3,5,0,3,0,0,4.28,3.62,5.44,2022-23
SP1,2023-04-07 00:00:00+00:00,athletic club,valencia,0,1,a,0,1,a,11,11,9,5,12,15,6,3,1,3,0,0,1.8,3.87,4.29,2022-23
SP1,2023-04-14 00:00:00+00:00,athletic club,real betis,2,2,h,0,0,d,15,8,6,8,9,14,3,4,0,2,0,0,3.97,2.87,5.55,2022-23
SP1,2023-04-21 00:00:00+00:00,athletic club,osasuna,5,0,h,0,0,d,13,9,3,4,9,10,10,3,2,1,0,0,4.38,3.36,3.06,2022-23
SP1,2023-04-28 00:00:00+00:00,athletic club,celta vigo,2,0,h,1,0,h,10,7,5,4,12,12,8,6,0,1,0,0,4.25,3.73,5.75,2022-23
SP1,2023-05-05 00:00:00+00:00,athletic club,getafe,4,0,h,1,0,h,15,12,9,5,9,13,7,2,1,2,0,0,1.67,3.03,2.0,2022-23
SP1,2023-05-12 00:00:00+00:00,athletic club,rayo vallecano,3,0,h,0,0,d,11,18,8,3,10,11,5,3,4,1,0,0,2.83,3.28,3.32,2022-23
SP1,2023-05-19 00:00:00+00:00,athletic club,girona,2,3,a,2,0,h,7,13,5,1,9,18,4,4,2,8,0,0,2.47,3.02,3.06,2022-23
SP1,2023-05-26 00:00:00+00:00,athletic club,mallorca,1,1,a,0,1,a,16,12,5,3,13,21,9,3,1,1,0,0,2.6,3.33,4.21,2022-23
SP1,2023-06-02 00:00:00+00:00,athletic club,almeria,3,2,a,2,1,h,11,13,5,3,16,9,3,7,3,1,0,0,2.83,2.81,3.7,2022-23
SP1,2022-08-12 00:00:00+00:00,athletic club,cadiz,0,4,a,0,0,d,17,11,4,4,13,15,7,7,2,2,0,0,4.11,2.93,3.22,2022-23
SP1,2022-08-19 00:00:00+00:00,athletic club,granada,2,4,h,0,0,d,11,9,9,2,11,10,4,1,1,4,0,0,3.64,3.87,2.9,2022-23
SP1,2022-08-26 00:00:00+00:00,athletic club,las palmas,1,1,a,0,0,d,17,8,8,3,13,11,5,3,1,5,0,0,4.43,3.38,5.57,2022-23
SP1,2022-09-02 00:00:00+00:00,athletic club,leganes,0,0,a,0,0,d,12,11,2,3,14,11,12,5,3,2,0,0,2.17,2.97,4.61,2022-23
SP1,2022-09-09 00:00:00+00:00,valencia,real madrid,1,1,h,0,1,a,11,6,5,5,11,12,1,2,2,2,0,0,2.38,3.75,5.62,2022-23
SP1,2022-09-16 00:00:00+00:00,valencia,barcelona,1,1,d,0,1,a,16,9,5,4,10,16,3,4,1,0,0,0,3.03,3.9,5.18,2022-23
SP1,2022-09-23 00:00:00+00:00,valencia,atletico madrid,5,0,h,1,0,h,12,12,2,7,11,14,8,0,2,1,0,0,3.86,3.28,4.51,2022-23
SP1,2022-09-30 00:00:00+00:00,valencia,sevilla,3,3,d,0,0,d,13,6,8,4,14,8,7,3,0,0,0,0,2.12,3.09,5.71,2022-23
SP1,2022-10-07 00:00:00+00:00,valencia,real sociedad,1,2,a,0,1,a,16,9,8,7,8,8,4,5,3,0,0,0,2.79,3.53,5.16,2022-23
SP1,2022-10-14 00:00:00+00:00,valencia,villarreal,5,1,h,1,0,h,17,11,11,3,12,13,5,4,3,4,2,0,4.44,2.99,4.41,2022-23
SP1,2022-10-21 00:00:00+00:00,valencia,athletic club,1,1,d,1,1,d,12,9,6,5,15,11,5,4,2,2,0,0,1.82,3.67,2.83,2022-23
SP1,2022-10-28 00:00:00+00:00,valencia,real betis,2,0,a,0,0,d,10,6,9,3,11,13,5,6,3,3,0,0,2.18,3.89,4.43,2022-23
SP1,2022-11-04 00:00:00+00:00,valencia,osasuna,0,0,d,0,0,d,14,8,7,8,10,13,9,2,1,2,0,0,4.3,3.74,4.25,2022-23
SP1,2022-11-11 00:00:00+00:00,valencia,celta vigo,0,3,a,0,0,d,21,11,5,4,14,10,9,6,2,0,0,0,3.89,3.59,2.32,2022-23
SP1,2022-11-18 00:00:00+00:00,valencia,getafe,4,0,h,1,0,h,13,7,4,7,9,14,1,7,2,1,0,0,4.12,2.97,2.99,2022-23
SP1,2022-11-25 00:00:00+00:00,valencia,rayo vallecano,0,0,d,0,0,d,12,12,4,2,11,13,9,4,1,1,0,0,4.13,2.88,4.62,2022-23
SP1,2022-12-02 00:00:00+00:00,valencia,girona,1,1,d,0,0,d,9,11,9,3,15,17,6,2,0,2,0,0,3.74,2.83,4.26,2022-23
SP1,2022-12-09 00:00:00+00:00,valencia,mallorca,3,5,a,2,2,d,5,5,8,8,11,12,6,8,2,1,0,0,2.42,3.14,2.23,2022-23
SP1,2022-12-16 00:00:00+00:00,valencia,almeria,2,2,d,2,0,h,7,10,3,6,10,14,1,1,0,3,0,0,2.39,3.56,4.89,2022-23
SP1,2022-12-23 00:00:00+00:00,valencia,cadiz,1,0,h,0,0,d,12,12,7,4,14,6,5,1,4,1,0,0,2.07,3.81,5.32,2022-23
SP1,2022-12-30 00:00:00+00:00,valencia,granada,1,1,d,1,1,d,14,5,4,6,16,11,11,2,1,0,0,1,2.33,2.86,2.83,2022-23
SP1,2023-01-06 00:00:00+00:00,valencia,las palmas,1,0,h,1,0,h,13,7,6,3,11,16,7,2,1,2,0,0,3.89,2.99,4.61,2022-23
SP1,2023-01-13 00:00:00+00:00,valencia,leganes,1,1,d,0,0,d,8,8,4,6,15,9,8,6,2,0,0,1,4.26,3.3,3.42,2022-23
SP1,2023-01-20 00:00:00+00:00,real betis,real madrid,4,2,h,0,0,d,13,10,7,5,9,9,4,3,2,0,0,0,3.63,2.94,5.43,2022-23
SP1,2023-01-27 00:00:00+00:00,real betis,barcelona,3,0,h,1,0,h,10,10,5,4,18,15,5,6,3,1,0,0,3.35,3.92,5.75,2022-23
SP1,2023-02-03 00:00:00+00:00,real betis,atletico madrid,1,0,h,1,0,h,8,11,3,6,8,7,6,6,3,2,1,0,1.97,2.83,4.98,2022-23
SP1,2023-02-10 00:00:00+00:00,real betis,sevilla,4,0,h,0,0,d,12,14,5,6,12,15,2,0,2,2,0,0,1.9,3.07,3.36,2022-23
SP1,2023-02-17 00:00:00+00:00,real betis,real sociedad,2,2,h,0,0,d,15,9,3,3,17,8,8,5,0,3,0,0,1.98,3.39,2.76,2022-23
SP1,2023-02-24 00:00:00+00:00,real betis,villarreal,2,0,a,1,0,h,14,13,2,6,13,11,2,1,2,2,0,0,1.57,3.9,5.25,2022-23
SP1,2023-03-03 00:00:00+00:00,real betis,athletic club,0,0,d,0,0,d,14,12,7,3,13,8,6,2,0,3,0,0,1.61,3.63,2.06,2022-23
SP1,2023-03-10 00:00:00+00:00,real betis,valencia,0,3,a,0,0,d,8,8,6,2,14,12,1,2,2,4,0,0,3.2,3.17,5.73,2022-23
SP1,2023-03-17 00:00:00+00:00,real betis,osasuna,2,3,a,0,0,d,18,11,10,6,8,13,7,2,2,0,0,0,2.95,2.81,3.85,2022-23
SP1,2023-03-24 00:00:00+00:00,real betis,celta vigo,1,1,d,1,0,h,13,4,6,4,13,15,6,8,0,3,0,0,3.74,2.97,3.6,2022-23
SP1,2023-03-31 00:00:00+00:00,real betis,getafe,1,1,d,0,1,a,15,10,6,5,9,8,7,3,3,1,0,0,4.41,3.41,3.86,2022-23
SP1,2023-04-07 00:00:00+00:00,real betis,rayo vallecano,2,2,d,2,0,h,19,8,4,1,13,9,6,5,0,3,0,0,3.94,3.15,4.11,2022-23
SP1,2023-04-14 00:00:00+00:00,real betis,girona,5,0,h,2,0,h,13,9,4,6,17,8,3,3,1,2,1,0,3.25,3.61,4.05,2022-23
SP1,2023-04-21 00:00:00+00:00,real betis,mallorca,4,1,h,0,0,d,17,8,3,1,12,8,2,6,2,0,0,0,1.61,3.27,2.66,2022-23
SP1,2023-04-28 00:00:00+00:00,real betis,almeria,2,2,a,0,0,d,8,10,7,3,10,14,5,1,5,2,0,0,2.28,3.18,4.4,2022-23
SP1,2023-05-05 00:00:00+00:00,real betis,cadiz,4,1,h,0,0,d,16,11,3,5,11,12,8,2,1,1,0,0,2.11,3.39,5.15,2022-23
SP1,2023-05-12 00:00:00+00:00,real betis,granada,0,2,a,0,2,a,11,10,6,4,12,13,2,5,0,3,0,0,2.88,3.83,4.18,2022-23
SP1,2023-05-19 00:00:00+00:00,real betis,las palmas,3,1,h,0,0,d,18,11,2,7,17,6,9,6,1,3,0,0,1.77,3.89,1.86,2022-23
SP1,2023-05-26 00:00:00+00:00,real betis,leganes,2,2,d,1,0,h,15,6,2,5,14,15,2,4,3,4,0,0,2.26,3.21,4.37,2022-23
SP1,2023-06-02 00:00:00+00:00,osasuna,real madrid,1,0,h,1,0,h,15,10,1,3,9,9,5,5,4,1,0,0,1.55,3.45,4.87,2022-23
SP1,2022-08-12 00:00:00+00:00,osasuna,barcelona,1,4,a,0,3,a,8,10,4,5,9,6,5,7,2,2,0,0,3.24,3.51,3.18,2022-23
SP1,2022-08-19 00:00:00+00:00,osasuna,atletico madrid,2,0,h,0,0,d,21,7,6,5,13,14,4,3,6,3,0,0,3.81,3.47,5.75,2022-23
SP1,2022-08-26 00:00:00+00:00,osasuna,sevilla,4,0,h,0,0,d,12,10,5,3,14,22,4,6,3,4,0,0,2.81,3.03,4.88,2022-23
SP1,2022-09-02 00:00:00+00:00,osasuna,real sociedad,1,0,h,1,0,h,13,12,4,4,7,13,3,5,0,7,0,0,3.26,3.63,3.2,2022-23
SP1,2022-09-09 00:00:00+00:00,osasuna,villarreal,0,3,a,0,1,a,9,6,8,3,13,14,5,6,2,1,0,0,2.38,4.0,3.91,2022-23
SP1,2022-09-16 00:00:00+00:00,osasuna,athletic club,2,2,d,1,0,h,13,9,3,1,10,13,5,4,6,2,0,0,3.54,3.19,5.44,2022-23
SP1,2022-09-23 00:00:00+00:00,osasuna,valencia,0,5,a,0,0,d,12,8,10,4,12,10,3,3,1,1,0,0,1.89,3.26,2.3,2022-23
SP1,2022-09-30 00:00:00+00:00,osasuna,real betis,2,0,h,1,0,h,9,4,6,5,11,20,4,7,3,0,0,0,2.21,3.63,5.9,2022-23
SP1,2022-10-07 00:00:00+00:00,osasuna,celta vigo,2,2,d,0,0,d,7,6,4,5,13,12,11,6,1,1,0,0,3.98,3.25,4.58,2022-23
SP1,2022-10-14 00:00:00+00:00,osasuna,getafe,1,2,h,0,1,a,19,9,0,6,14,14,1,4,0,1,0,0,2.7,3.01,5.57,2022-23
SP1,2022-10-21 00:00:00+00:00,osasuna,rayo vallecano,5,0,h,1,0,h,19,8,5,2,17,11,5,4,5,3,0,0,3.92,3.62,4.88,2022-23
SP1,2022-10-28 00:00:00+00:00,osasuna,girona,2,2,a,0,0,d,14,8,4,4,9,14,4,3,2,0,0,0,2.72,2.85,4.75,2022-23
SP1,2022-11-04 00:00:00+00:00,osasuna,mallorca,4,2,h,2,2,d,13,9,5,4,16,13,7,4,1,3,0,0,2.19,3.0,5.52,2022-23
SP1,2022-11-11 00:00:00+00:00,osasuna,almeria,3,1,h,1,1,d,10,12,9,5,17,9,8,5,2,1,0,0,3.68,3.0,5.02,2022-23
SP1,2022-11-18 00:00:00+00:00,osasuna,cadiz,2,2,d,0,0,d,20,5,7,5,11,11,3,3,1,0,0,0,1.68,3.94,3.27,2022-23
SP1,2022-11-25 00:00:00+00:00,osasuna,granada,1,1,d,1,0,h,9,6,6,6,11,8,9,7,3,0,0,0,2.95,3.1,5.87,2022-23
SP1,2022-12-02 00:00:00+00:00,osasuna,las palmas,3,0,h,0,0,d,17,10,3,2,12,11,4,2,0,1,0,0,3.16,3.7,4.11,2022-23
SP1,2022-12-09 00:00:00+00:00,osasuna,leganes,3,0,h,1,0,h,10,11,4,5,8,16,7,5,2,1,0,0,4.0,2.82,3.48,2022-23
SP1,2022-12-16 00:00:00+00:00,celta vigo,real madrid,1,3,a,0,1,a,14,11,6,1,10,14,8,2,4,2,0,0,2.38,3.9,4.38,2022-23
SP1,2022-12-23 00:00:00+00:00,celta vigo,barcelona,1,3,a,1,1,d,21,12,3,0,14,14,5,3,1,5,1,0,1.61,3.49,5.51,2022-23
SP1,2022-12-30 00:00:00+00:00,celta vigo,atletico madrid,2,1,h,0,0,d,11,14,7,7,10,12,5,4,0,1,0,0,2.65,3.57,5.02,2022-23
SP1,2023-01-06 00:00:00+00:00,celta vigo,sevilla,1,3,a,0,1,a,9,9,5,5,11,12,8,6,0,1,0,0,3.31,3.04,1.91,2022-23
SP1,2023-01-13 00:00:00+00:00,celta vigo,real sociedad,4,0,h,2,0,h,8,11,1,2,14,8,6,2,1,1,0,0,3.21,3.45,3.4,2022-23
SP1,2023-01-20 00:00:00+00:00,celta vigo,villarreal,0,0,d,0,0,d,12,10,6,3,15,21,6,4,1,1,0,0,2.13,3.95,3.94,2022-23
SP1,2023-01-27 00:00:00+00:00,celta vigo,athletic club,2,0,h,0,0,d,18,8,8,6,13,12,5,6,4,1,0,0,1.54,3.25,3.59,2022-23
SP1,2023-02-03 00:00:00+00:00,celta vigo,valencia,0,1,a,0,0,d,10,13,4,4,11,9,5,2,3,1,0,0,4.47,3.82,2.88,2022-23
SP1,2023-02-10 00:00:00+00:00,celta vigo,real betis,2,3,a,1,1,d,14,16,10,0,9,13,6,3,1,1,0,0,1.65,3.03,3.76,2022-23
SP1,2023-02-17 00:00:00+00:00,celta vigo,osasuna,3,5,a,0,0,d,20,11,5,3,14,9,3,5,3,2,0,0,4.38,3.56,4.41,2022-23
SP1,2023-02-24 00:00:00+00:00,celta vigo,getafe,5,0,h,0,0,d,18,15,9,8,5,15,6,5,3,3,0,0,4.12,2.8,5.31,2022-23
SP1,2023-03-03 00:00:00+00:00,celta vigo,rayo vallecano,1,3,a,1,0,h,11,13,5,3,11,8,7,3,1,2,0,0,2.45,3.09,5.2,2022-23
SP1,2023-03-10 00:00:00+00:00,celta vigo,girona,1,1,a,1,0,h,12,9,5,2,11,8,5,6,4,0,1,0,2.43,3.11,3.06,2022-23
SP1,2023-03-17 00:00:00+00:00,celta vigo,mallorca,4,1,h,0,1,a,20,14,7,2,9,13,5,3,3,2,0,0,1.56,3.37,3.69,2022-23
SP1,2023-03-24 00:00:00+00:00,celta vigo,almeria,3,3,d,2,0,h,17,12,6,0,13,13,6,5,1,0,0,0,1.93,3.43,4.41,2022-23
SP1,2023-03-31 00:00:00+00:00,celta vigo,cadiz,1,1,h,0,1,a,16,14,5,4,15,12,4,5,3,0,0,0,1.89,3.51,2.28,2022-23
SP1,2023-04-07 00:00:00+00:00,celta vigo,granada,1,1,d,0,0,d,16,9,4,3,12,18,5,2,1,1,0,0,2.45,3.45,5.5,2022-23
SP1,2023-04-14 00:00:00+00:00,celta vigo,las palmas,5,1,h,1,0,h,8,11,5,1,11,9,7,6,3,0,0,0,2.86,2.84,5.11,2022-23
SP1,2023-04-21 00:00:00+00:00,celta vigo,leganes,1,1,d,1,0,h,13,9,5,6,11,14,2,4,2,2,0,0,3.36,3.3,3.63,2022-23
SP1,2023-04-28 00:00:00+00:00,getafe,real madrid,2,1,a,0,1,a,13,10,3,5,11,14,6,4,5,1,0,0,1.82,3.44,3.67,2022-23
SP1,2023-05-05 00:00:00+00:00,getafe,barcelona,3,1,h,1,0,h,13,11,6,8,15,19,6,3,5,3,0,0,1.51,3.18,2.17,2022-23
SP1,2023-05-12 00:00:00+00:00,getafe,atletico madrid,1,1,d,1,1,d,10,13,4,1,10,14,5,6,2,2,0,0,2.3,3.55,5.4,2022-23
SP1,2023-05-19 00:00:00+00:00,getafe,sevilla,2,0,h,0,0,d,19,9,3,4,7,9,5,5,2,1,0,0,1.93,3.94,3.55,2022-23
SP1,2023-05-26 00:00:00+00:00,getafe,real sociedad,3,0,a,1,0,h,9,9,5,2,17,14,6,3,1,0,0,0,3.81,3.87,4.86,2022-23
SP1,2023-06-02 00:00:00+00:00,getafe,villarreal,0,1,a,0,0,d,15,16,7,4,10,9,3,5,4,6,0,0,4.43,3.71,5.88,2022-23
SP1,2022-08-12 00:00:00+00:00,getafe,athletic club,0,0,a,0,0,d,14,17,4,5,13,13,5,7,1,2,0,0,2.79,4.0,3.16,2022-23
SP1,2022-08-19 00:00:00+00:00,getafe,valencia,1,1,d,1,1,d,14,13,3,3,10,8,7,4,3,4,0,0,2.19,3.81,4.27,2022-23
SP1,2022-08-26 00:00:00+00:00,getafe,real betis,3,0,h,0,0,d,8,9,0,8,9,14,7,7,3,2,0,0,3.58,3.51,2.89,2022-23
SP1,2022-09-02 00:00:00+00:00,getafe,osasuna,5,0,h,1,0,h,17,6,5,3,13,8,9,5,3,6,0,0,2.59,2.93,3.98,2022-23
SP1,2022-09-09 00:00:00+00:00,getafe,celta vigo,2,1,h,1,1,d,15,6,7,3,9,9,6,5,0,0,0,0,3.24,3.98,1.89,2022-23
SP1,2022-09-16 00:00:00+00:00,getafe,rayo vallecano,1,3,a,0,0,d,9,4,5,2,12,13,4,6,4,5,0,0,2.42,3.69,3.29,2022-23
SP1,2022-09-23 00:00:00+00:00,getafe,girona,1,1,d,0,1,a,13,11,5,8,18,12,3,5,1,1,0,0,2.32,3.17,3.52,2022-23
SP1,2022-09-30 00:00:00+00:00,getafe,mallorca,1,1,d,0,0,d,9,7,0,6,14,12,2,5,4,2,0,0,4.29,3.46,4.24,2022-23
SP1,2022-10-07 00:00:00+00:00,getafe,almeria,2,0,h,0,0,d,16,8,8,3,11,15,4,6,1,5,0,0,3.49,3.71,5.19,2022-23
SP1,2022-10-14 00:00:00+00:00,getafe,cadiz,1,1,d,1,0,h,15,15,6,3,10,15,6,3,1,2,0,0,2.41,3.5,3.32,2022-23
SP1,2022-10-21 00:00:00+00:00,getafe,granada,2,1,h,0,0,d,17,8,5,3,17,13,3,0,1,0,0,0,4.28,3.32,3.59,2022-23
SP1,2022-10-28 00:00:00+00:00,getafe,las palmas,1,1,d,1,1,d,7,6,6,4,13,12,8,5,4,1,0,0,2.28,3.36,3.87,2022-23
SP1,2022-11-04 00:00:00+00:00,getafe,leganes,1,0,h,0,0,d,13,11,1,3,9,19,4,4,1,4,0,0,4.28,3.93,4.04,2022-23
SP1,2022-11-11 00:00:00+00:00,rayo vallecano,real madrid,1,1,a,0,0,d,15,15,6,4,11,14,4,6,1,3,0,0,1.55,2.99,3.27,2022-23
SP1,2022-11-18 00:00:00+00:00,rayo vallecano,barcelona,2,1,a,1,1,d,16,12,6,4,11,8,7,5,5,2,0,0,4.23,3.87,3.82,2022-23
SP1,2022-11-25 00:00:00+00:00,rayo vallecano,atletico madrid,0,5,a,0,0,d,12,6,5,2,16,10,4,6,4,3,0,1,2.09,3.05,5.51,2022-23
SP1,2022-12-02 00:00:00+00:00,rayo vallecano,sevilla,2,2,h,1,1,d,9,11,2,3,7,10,5,4,3,2,0,0,4.45,3.27,4.44,2022-23
SP1,2022-12-09 00:00:00+00:00,rayo vallecano,real sociedad,1,3,h,0,2,a,7,14,5,2,11,10,4,3,2,1,0,0,2.47,3.23,4.28,2022-23
SP1,2022-12-16 00:00:00+00:00,rayo vallecano,villarreal,1,3,a,1,1,d,6,5,6,3,16,11,6,4,1,3,0,0,3.09,2.86,3.65,2022-23
SP1,2022-12-23 00:00:00+00:00,rayo vallecano,athletic club,2,2,d,2,2,d,11,16,4,4,14,16,4,5,2,3,0,0,1.65,2.9,3.16,2022-23
SP1,2022-12-30 00:00:00+00:00,rayo vallecano,valencia,2,1,a,0,1,a,16,8,6,5,12,10,3,4,2,2,0,0,2.64,3.59,3.96,2022-23
SP1,2023-01-06 00:00:00+00:00,rayo vallecano,real betis,1,2,a,1,0,h,12,7,3,5,10,6,7,2,2,0,0,0,3.61,3.68,5.39,2022-23
SP1,2023-01-13 00:00:00+00:00,rayo vallecano,osasuna,1,1,d,1,0,h,12,7,10,7,14,16,2,4,2,2,0,0,3.32,3.75,5.37,2022-23
SP1,2023-01-20 00:00:00+00:00,rayo vallecano,celta vigo,1,0,a,0,0,d,13,11,4,2,17,21,4,3,1,4,0,0,1.6,3.39,3.59,2022-23
SP1,2023-01-27 00:00:00+00:00,rayo vallecano,getafe,2,0,h,0,0,d,12,5,3,7,9,16,5,1,2,5,0,0,3.64,3.5,2.75,2022-23
SP1,2023-02-03 00:00:00+00:00,rayo vallecano,girona,1,2,a,1,0,h,8,13,2,5,8,8,6,4,0,2,0,0,3.24,3.44,2.45,2022-23
SP1,2023-02-10 00:00:00+00:00,rayo vallecano,mallorca,0,0,d,0,0,d,19,13,8,3,7,10,11,4,5,0,0,0,3.32,3.89,1.89,2022-23
SP1,2023-02-17 00:00:00+00:00,rayo vallecano,almeria,0,2,a,0,0,d,11,16,4,2,5,17,4,1,4,1,0,0,3.57,3.98,5.28,2022-23
SP1,2023-02-24 00:00:00+00:00,rayo vallecano,cadiz,3,2,h,1,0,h,9,10,6,3,8,10,6,4,2,3,0,0,1.72,2.88,5.54,2022-23
SP1,2023-03-03 00:00:00+00:00,rayo vallecano,granada,0,3,a,0,2,a,14,11,3,4,7,12,7,3,1,3,0,0,2.48,3.37,2.48,2022-23
SP1,2023-03-10 00:00:00+00:00,rayo vallecano,las palmas,1,1,a,0,1,a,14,13,4,1,11,12,6,3,3,0,0,1,4.04,2.92,4.19,2022-23
SP1,2023-03-17 00:00:00+00:00,rayo vallecano,leganes,0,0,d,0,0,d,12,11,4,5,4,12,6,4,2,2,0,0,3.98,3.75,5.49,2022-23
SP1,2023-03-24 00:00:00+00:00,girona,real madrid,0,3,a,0,1,a,17,11,2,3,10,9,1,8,1,4,0,0,3.6,3.01,2.64,2022-23
SP1,2023-03-31 00:00:00+00:00,girona,barcelona,2,3,a,0,1,a,9,6,4,4,9,8,6,8,2,1,0,0,4.43,3.37,2.69,2022-23
SP1,2023-04-07 00:00:00+00:00,girona,atletico madrid,3,0,h,1,0,h,14,12,4,3,9,11,4,7,1,0,0,1,3.7,3.06,2.62,2022-23
SP1,2023-04-14 00:00:00+00:00,girona,sevilla,2,1,h,2,1,h,16,9,8,6,12,13,6,2,2,2,0,0,2.92,3.35,5.52,2022-23
SP1,2023-04-21 00:00:00+00:00,girona,real sociedad,1,2,h,0,1,a,13,15,5,2,10,14,3,7,5,3,0,0,1.54,3.96,5.23,2022-23
SP1,2023-04-28 00:00:00+00:00,girona,villarreal,2,5,h,0,0,d,13,4,6,2,14,6,4,4,1,2,0,0,2.79,2.94,2.05,2022-23
SP1,2023-05-05 00:00:00+00:00,girona,athletic club,1,2,h,1,2,a,14,12,4,6,12,9,2,5,1,4,0,0,1.78,3.07,2.54,2022-23
SP1,2023-05-12 00:00:00+00:00,girona,valencia,1,0,h,1,0,h,12,14,3,2,18,12,7,4,2,1,0,0,3.72,3.09,5.94,2022-23
SP1,2023-05-19 00:00:00+00:00,girona,real betis,3,3,d,1,0,h,12,8,7,3,14,17,4,8,1,6,0,0,4.24,3.88,2.32,2022-23
SP1,2023-05-26 00:00:00+00:00,girona,osasuna,2,2,d,2,1,h,13,9,4,5,11,15,6,3,2,2,0,0,1.92,3.43,5.66,2022-23
SP1,2023-06-02 00:00:00+00:00,girona,celta vigo,2,2,h,0,1,a,12,8,9,5,12,12,7,4,3,4,0,0,4.43,3.18,3.25,2022-23
SP1,2022-08-12 00:00:00+00:00,girona,getafe,1,0,h,0,0,d,12,6,5,3,12,9,6,5,3,5,0,0,3.59,3.31,2.41,2022-23
SP1,2022-08-19 00:00:00+00:00,girona,rayo vallecano,3,3,d,0,2,a,6,9,6,3,10,11,6,7,5,4,0,0,2.51,3.94,5.41,2022-23
SP1,2022-08-26 00:00:00+00:00,girona,mallorca,0,0,h,0,0,d,15,14,5,4,10,16,3,6,3,6,0,0,4.3,3.71,2.0,2022-23
SP1,2022-09-02 00:00:00+00:00,girona,almeria,3,0,h,0,0,d,9,14,4,3,10,9,4,7,2,1,0,0,4.22,3.07,4.74,2022-23
SP1,2022-09-09 00:00:00+00:00,girona,cadiz,1,0,h,1,0,h,12,5,10,3,11,14,6,4,1,1,0,0,3.62,3.02,5.7,2022-23
SP1,2022-09-16 00:00:00+00:00,girona,granada,2,2,d,2,0,h,19,12,5,2,11,13,4,1,2,1,0,0,1.65,3.73,3.63,2022-23
SP1,2022-09-23 00:00:00+00:00,girona,las palmas,1,1,d,1,1,d,12,11,8,1,10,14,2,1,2,1,0,0,4.07,3.59,2.04,2022-23
SP1,2022-09-30 00:00:00+00:00,girona,leganes,3,0,h,0,0,d,12,8,5,1,9,9,9,1,1,2,0,0,2.23,3.07,4.17,2022-23
SP1,2022-10-07 00:00:00+00:00,mallorca,real madrid,0,0,d,0,0,d,13,18,5,2,11,9,4,3,4,2,0,0,4.02,3.29,2.53,2022-23
SP1,2022-10-14 00:00:00+00:00,mallorca,barcelona,0,2,a,0,1,a,7,12,8,3,14,14,4,2,3,4,0,0,2.58,3.31,5.23,2022-23
SP1,2022-10-21 00:00:00+00:00,mallorca,atletico madrid,1,4,a,1,0,h,11,9,7,1,9,12,6,7,0,2,0,0,1.55,3.77,1.86,2022-23
SP1,2022-10-28 00:00:00+00:00,mallorca,sevilla,1,1,d,0,1,a,9,3,10,5,8,12,5,0,3,1,0,0,2.12,3.23,2.01,2022-23
SP1,2022-11-04 00:00:00+00:00,mallorca,real sociedad,2,2,d,1,2,a,16,11,6,6,10,16,5,3,0,4,0,0,1.92,3.45,3.51,2022-23
SP1,2022-11-11 00:00:00+00:00,mallorca,villarreal,1,0,h,0,0,d,9,5,4,3,12,14,6,5,2,2,0,0,3.97,3.05,4.23,2022-23
SP1,2022-11-18 00:00:00+00:00,mallorca,athletic club,1,0,h,0,0,d,19,3,6,4,15,9,5,3,1,3,0,0,3.94,3.88,5.17,2022-23
SP1,2022-11-25 00:00:00+00:00,mallorca,valencia,1,1,d,1,0,h,12,14,5,2,4,11,3,6,2,2,0,0,4.21,2.92,3.24,2022-23
SP1,2022-12-02 00:00:00+00:00,mallorca,real betis,3,2,h,0,0,d,13,15,4,6,12,13,3,3,0,2,0,0,4.15,2.81,4.91,2022-23
SP1,2022-12-09 00:00:00+00:00,mallorca,osasuna,0,0,d,0,0,d,16,9,5,5,12,17,2,4,4,2,0,0,2.03,3.83,3.02,2022-23
SP1,2022-12-16 00:00:00+00:00,mallorca,celta vigo,2,2,d,2,0,h,8,11,4,2,19,21,2,4,2,0,0,0,3.58,3.92,2.2,2022-23
SP1,2022-12-23 00:00:00+00:00,mallorca,getafe,0,1,a,0,1,a,17,13,4,4,17,14,5,7,5,1,0,0,3.59,2.9,5.03,2022-23
SP1,2022-12-30 00:00:00+00:00,mallorca,rayo vallecano,0,0,d,0,0,d,19,3,8,4,10,8,10,1,2,3,0,0,4.09,3.2,2.26,2022-23
SP1,2023-01-06 00:00:00+00:00,mallorca,girona,2,2,d,2,0,h,12,10,7,3,10,12,6,2,1,2,0,0,4.4,3.96,3.78,2022-23
SP1,2023-01-13 00:00:00+00:00,mallorca,almeria,1,2,a,0,1,a,13,12,5,1,13,10,1,5,1,2,0,0,1.97,3.08,3.02,2022-23
SP1,2023-01-20 00:00:00+00:00,mallorca,cadiz,0,0,d,0,0,d,13,3,5,6,12,15,5,3,1,1,0,0,1.96,3.62,2.81,2022-23
SP1,2023-01-27 00:00:00+00:00,mallorca,granada,2,2,h,0,0,d,13,7,2,4,17,14,6,3,1,2,0,0,3.17,2.99,3.03,2022-23
SP1,2023-02-03 00:00:00+00:00,mallorca,las palmas,2,1,h,0,0,d,12,17,1,6,9,9,5,3,3,1,0,0,4.2,3.03,2.41,2022-23
SP1,2023-02-10 00:00:00+00:00,mallorca,leganes,2,3,h,1,0,h,12,9,6,3,15,11,9,3,2,5,0,1,1.67,3.75,4.81,2022-23
SP1,2023-02-17 00:00:00+00:00,almeria,real madrid,2,1,h,1,0,h,12,8,3,3,12,13,5,2,0,1,1,1,3.88,2.81,2.8,2022-23
SP1,2023-02-24 00:00:00+00:00,almeria,barcelona,2,2,d,0,0,d,12,8,4,4,14,13,7,2,0,1,0,0,3.44,3.98,5.23,2022-23
SP1,2023-03-03 00:00:00+00:00,almeria,atletico madrid,1,1,h,0,0,d,14,10,6,4,11,13,4,1,2,3,0,0,2.42,2.8,4.22,2022-23
SP1,2023-03-10 00:00:00+00:00,almeria,sevilla,5,0,h,2,0,h,12,7,6,6,17,15,5,4,2,1,0,0,2.47,3.17,3.32,2022-23
SP1,2023-03-17 00:00:00+00:00,almeria,real sociedad,5,1,h,1,1,d,12,8,2,5,17,9,7,10,0,1,0,0,2.83,2.9,5.02,2022-23
SP1,2023-03-24 00:00:00+00:00,almeria,villarreal,1,1,h,0,1,a,14,13,4,6,13,20,4,6,1,1,0,0,3.22,3.04,3.07,2022-23
SP1,2023-03-31 00:00:00+00:00,almeria,athletic club,0,3,a,0,1,a,14,7,7,7,14,12,3,3,2,1,0,0,1.67,3.88,4.87,2022-23
SP1,2023-04-07 00:00:00+00:00,almeria,valencia,1,4,a,1,1,d,13,16,4,4,12,14,3,6,1,3,1,0,1.6,3.67,5.71,2022-23
SP1,2023-04-14 00:00:00+00:00,almeria,real betis,0,3,a,0,0,d,10,16,1,6,15,14,7,3,2,5,0,0,2.24,3.49,5.58,2022-23
SP1,2023-04-21 00:00:00+00:00,almeria,osasuna,1,0,h,1,0,h,14,14,0,4,9,15,6,2,1,2,0,0,4.1,3.35,5.34,2022-23
SP1,2023-04-28 00:00:00+00:00,almeria,celta vigo,1,1,d,1,0,h,10,16,5,0,18,16,2,4,3,2,0,0,1.68,3.96,3.01,2022-23
SP1,2023-05-05 00:00:00+00:00,almeria,getafe,3,3,d,0,1,a,13,12,10,2,16,19,3,3,2,3,0,0,1.55,2.99,4.95,2022-23
SP1,2023-05-12 00:00:00+00:00,almeria,rayo vallecano,5,3,h,0,1,a,19,5,7,2,11,14,7,4,3,4,0,0,1.84,2.81,3.97,2022-23
SP1,2023-05-19 00:00:00+00:00,almeria,girona,1,0,h,1,0,h,9,8,7,4,13,10,4,5,4,2,0,0,1.61,3.62,5.78,2022-23
SP1,2023-05-26 00:00:00+00:00,almeria,mallorca,4,0,h,0,0,d,11,8,4,4,12,11,5,1,4,0,0,0,2.95,3.69,5.45,2022-23
SP1,2023-06-02 00:00:00+00:00,almeria,cadiz,0,2,h,0,2,a,11,13,4,7,14,12,5,3,0,1,0,0,2.81,3.9,3.91,2022-23
SP1,2022-08-12 00:00:00+00:00,almeria,granada,2,1,h,0,0,d,18,7,9,2,9,10,11,5,4,3,0,1,2.06,3.91,4.12,2022-23
SP1,2022-08-19 00:00:00+00:00,almeria,las palmas,3,1,h,1,0,h,14,12,9,4,15,11,1,2,2,3,1,0,1.96,2.84,3.59,2022-23
SP1,2022-08-26 00:00:00+00:00,almeria,leganes,0,0,d,0,0,d,15,11,8,3,14,9,6,3,3,3,0,0,1.52,2.92,2.24,2022-23
SP1,2022-09-02 00:00:00+00:00,cadiz,real madrid,1,0,h,1,0,h,15,7,10,7,16,9,4,3,2,1,0,0,3.23,3.94,2.7,2022-23
SP1,2022-09-09 00:00:00+00:00,cadiz,barcelona,4,1,h,2,1,h,7,9,5,2,19,14,4,12,1,0,0,0,2.78,3.3,3.36,2022-23
SP1,2022-09-16 00:00:00+00:00,cadiz,atletico madrid,2,0,h,1,0,h,9,7,2,0,15,16,8,2,0,1,0,0,3.69,3.03,2.25,2022-23
SP1,2022-09-23 00:00:00+00:00,cadiz,sevilla,3,0,h,1,0,h,15,6,4,6,12,13,3,1,2,2,0,0,3.43,3.94,5.13,2022-23
SP1,2022-09-30 00:00:00+00:00,cadiz,real sociedad,4,4,d,0,4,a,15,6,6,3,14,13,4,4,1,5,0,0,4.4,3.61,4.27,2022-23
SP1,2022-10-07 00:00:00+00:00,cadiz,villarreal,0,0,d,0,0,d,13,14,5,2,10,12,2,5,2,2,0,0,3.86,3.19,4.52,2022-23
SP1,2022-10-14 00:00:00+00:00,cadiz,athletic club,1,4,a,0,1,a,10,10,3,4,17,6,6,4,1,2,0,0,4.47,3.61,2.17,2022-23
SP1,2022-10-21 00:00:00+00:00,cadiz,valencia,0,0,h,0,0,d,9,12,6,4,17,11,2,5,0,3,0,0,2.75,2.94,4.0,2022-23
SP1,2022-10-28 00:00:00+00:00,cadiz,real betis,0,2,a,0,2,a,13,11,6,3,17,16,4,2,1,2,0,0,2.4,2.88,5.68,2022-23
SP1,2022-11-04 00:00:00+00:00,cadiz,osasuna,2,4,a,0,0,d,12,2,5,6,9,14,5,6,3,4,0,0,3.05,3.09,4.76,2022-23
SP1,2022-11-11 00:00:00+00:00,cadiz,celta vigo,3,0,h,2,0,h,16,5,3,3,12,11,3,5,5,1,0,0,2.59,3.38,2.68,2022-23
SP1,2022-11-18 00:00:00+00:00,cadiz,getafe,3,3,d,1,0,h,12,16,3,3,16,13,6,4,4,3,0,0,3.14,3.16,2.09,2022-23
SP1,2022-11-25 00:00:00+00:00,cadiz,rayo vallecano,0,0,h,0,0,d,13,18,5,4,8,9,6,8,0,1,0,0,4.06,3.66,4.62,2022-23
SP1,2022-12-02 00:00:00+00:00,cadiz,girona,2,2,h,0,0,d,15,11,3,3,10,7,3,3,1,2,0,0,3.47,3.79,4.16,2022-23
SP1,2022-12-09 00:00:00+00:00,cadiz,mallorca,2,1,h,0,0,d,21,12,5,8,11,13,5,6,1,3,0,0,3.84,3.25,5.34,2022-23
SP1,2022-12-16 00:00:00+00:00,cadiz,almeria,1,1,d,1,0,h,7,7,8,7,14,10,5,8,2,3,0,0,1.72,3.38,5.33,2022-23
SP1,2022-12-23 00:00:00+00:00,cadiz,granada,3,1,a,0,1,a,18,7,7,4,11,10,3,2,0,3,0,0,3.12,2.97,4.49,2022-23
SP1,2022-12-30 00:00:00+00:00,cadiz,las palmas,0,4,a,0,0,d,10,12,5,7,13,15,7,7,1,2,0,0,2.67,3.66,5.56,2022-23
SP1,2023-01-06 00:00:00+00:00,cadiz,leganes,3,0,h,1,0,h,19,13,3,1,9,9,1,4,0,1,0,0,2.23,3.9,3.23,2022-23
SP1,2023-01-13 00:00:00+00:00,granada,real madrid,2,1,h,0,0,d,12,8,3,2,10,12,4,4,3,1,0,1,2.15,2.85,2.22,2022-23
SP1,2023-01-20 00:00:00+00:00,granada,barcelona,4,0,h,1,0,h,8,4,2,6,7,11,4,6,2,3,0,0,3.17,3.28,2.24,2022-23
SP1,2023-01-27 00:00:00+00:00,granada,atletico madrid,1,1,h,0,0,d,8,9,2,6,17,7,5,2,2,1,0,0,3.57,3.3,5.0,2022-23
SP1,2023-02-03 00:00:00+00:00,granada,sevilla,0,0,d,0,0,d,9,10,6,2,12,9,3,5,0,2,0,0,1.83,2.95,3.2,2022-23
SP1,2023-02-10 00:00:00+00:00,granada,real sociedad,3,2,h,0,1,a,11,10,4,8,10,13,4,4,2,2,0,0,4.02,3.68,5.79,2022-23
SP1,2023-02-17 00:00:00+00:00,granada,villarreal,2,1,h,0,1,a,11,9,4,6,19,10,2,2,3,0,0,0,4.2,3.66,4.52,2022-23
SP1,2023-02-24 00:00:00+00:00,granada,athletic club,0,3,a,0,0,d,12,16,5,4,15,15,3,3,2,1,0,0,3.27,3.51,2.19,2022-23
SP1,2023-03-03 00:00:00+00:00,granada,valencia,0,0,a,0,0,d,20,13,1,3,12,10,3,4,0,1,0,0,3.38,3.47,4.13,2022-23
SP1,2023-03-10 00:00:00+00:00,granada,real betis,0,0,d,0,0,d,14,12,5,4,10,5,4,7,4,2,0,0,2.14,2.86,5.79,2022-23
SP1,2023-03-17 00:00:00+00:00,granada,osasuna,3,1,h,1,0,h,19,11,8,6,12,12,9,3,1,3,0,0,1.56,3.6,3.58,2022-23
SP1,2023-03-24 00:00:00+00:00,granada,celta vigo,0,3,a,0,0,d,15,12,4,5,10,12,8,6,1,2,0,0,1.93,3.93,3.68,2022-23
SP1,2023-03-31 00:00:00+00:00,granada,getafe,1,1,d,1,1,d,7,15,3,2,7,10,9,6,2,1,0,0,3.03,3.45,1.93,2022-23
SP1,2023-04-07 00:00:00+00:00,granada,rayo vallecano,3,0,h,0,0,d,11,4,6,4,9,9,1,4,2,2,0,0,3.44,3.05,4.98,2022-23
SP1,2023-04-14 00:00:00+00:00,granada,girona,2,1,h,0,1,a,19,7,3,2,13,6,7,4,2,2,0,0,2.73,2.94,5.1,2022-23
SP1,2023-04-21 00:00:00+00:00,granada,mallorca,0,0,d,0,0,d,13,4,5,5,10,11,1,5,1,2,0,0,3.16,3.75,5.72,2022-23
SP1,2023-04-28 00:00:00+00:00,granada,almeria,1,2,a,0,0,d,11,3,3,5,7,11,5,5,2,0,0,0,4.08,2.91,3.11,2022-23
SP1,2023-05-05 00:00:00+00:00,granada,cadiz,1,5,a,1,1,d,16,11,7,2,9,13,4,1,2,2,0,0,3.05,3.53,4.31,2022-23
SP1,2023-05-12 00:00:00+00:00,granada,las palmas,5,1,h,1,0,h,9,5,4,4,10,4,2,4,4,3,0,0,2.37,2.98,3.12,2022-23
SP1,2023-05-19 00:00:00+00:00,granada,leganes,0,2,a,0,0,d,15,6,3,4,12,13,6,4,1,2,1,1,2.45,3.82,4.49,2022-23
SP1,2023-05-26 00:00:00+00:00,las palmas,real madrid,3,3,d,0,1,a,10,8,8,3,4,15,7,1,1,0,0,0,3.04,3.11,2.38,2022-23
SP1,2023-06-02 00:00:00+00:00,las palmas,barcelona,0,0,d,0,0,d,16,8,2,5,12,10,4,2,2,1,0,1,1.68,3.64,4.55,2022-23
SP1,2022-08-12 00:00:00+00:00,las palmas,atletico madrid,4,4,d,0,1,a,8,10,8,2,16,5,5,5,1,2,0,0,2.18,3.43,5.42,2022-23
SP1,2022-08-19 00:00:00+00:00,las palmas,sevilla,2,1,h,2,0,h,12,17,3,4,10,17,9,0,1,0,0,0,3.82,3.3,5.45,2022-23
SP1,2022-08-26 00:00:00+00:00,las palmas,real sociedad,1,1,d,1,1,d,6,13,7,6,14,6,3,1,2,6,0,1,2.19,3.85,3.99,2022-23
SP1,2022-09-02 00:00:00+00:00,las palmas,villarreal,4,1,h,0,0,d,16,15,11,0,14,6,1,1,2,4,0,0,3.53,3.15,3.42,2022-23
SP1,2022-09-09 00:00:00+00:00,las palmas,athletic club,0,1,a,0,1,a,16,10,7,1,11,8,6,6,4,2,0,0,4.38,2.93,3.06,2022-23
SP1,2022-09-16 00:00:00+00:00,las palmas,valencia,1,3,a,0,0,d,11,12,1,4,14,7,3,12,2,3,0,0,4.09,3.81,3.1,2022-23
SP1,2022-09-23 00:00:00+00:00,las palmas,real betis,1,4,a,0,1,a,13,7,6,5,10,8,3,0,3,0,0,0,2.17,3.13,5.03,2022-23
SP1,2022-09-30 00:00:00+00:00,las palmas,osasuna,4,1,a,0,1,a,7,13,4,3,12,10,5,6,0,0,0,0,1.92,3.58,4.91,2022-23
SP1,2022-10-07 00:00:00+00:00,las palmas,celta vigo,5,1,h,0,1,a,14,8,6,2,18,11,9,6,3,3,0,0,3.84,3.35,4.99,2022-23
SP1,2022-10-14 00:00:00+00:00,las palmas,getafe,1,1,d,0,0,d,9,13,4,1,11,9,5,4,2,3,0,0,3.86,3.65,3.57,2022-23
SP1,2022-10-21 00:00:00+00:00,las palmas,rayo vallecano,1,2,h,1,1,d,10,10,4,5,6,8,6,0,2,0,0,0,4.07,2.84,4.81,2022-23
SP1,2022-10-28 00:00:00+00:00,las palmas,girona,0,0,d,0,0,d,10,5,5,4,17,8,1,5,2,3,0,0,4.02,3.41,3.98,2022-23
SP1,2022-11-04 00:00:00+00:00,las palmas,mallorca,0,0,h,0,0,d,13,10,4,2,12,9,5,6,2,2,0,0,4.28,2.94,4.1,2022-23
SP1,2022-11-11 00:00:00+00:00,las palmas,almeria,4,1,h,1,0,h,14,17,10,3,9,12,5,4,2,1,0,0,2.94,3.04,4.44,2022-23
SP1,2022-11-18 00:00:00+00:00,las palmas,cadiz,2,0,h,0,0,d,10,15,1,3,18,12,4,5,1,1,0,0,3.49,3.19,5.2,2022-23
SP1,2022-11-25 00:00:00+00:00,las palmas,granada,2,2,d,2,1,h,8,12,4,3,13,15,4,7,3,4,0,0,3.82,3.16,2.51,2022-23
SP1,2022-12-02 00:00:00+00:00,las palmas,leganes,5,2,h,0,0,d,11,14,3,6,12,14,6,10,2,0,1,0,3.63,3.02,3.3,2022-23
SP1,2022-12-09 00:00:00+00:00,leganes,real madrid,4,1,h,1,0,h,11,13,8,8,15,11,7,3,1,3,0,0,2.72,3.46,3.04,2022-23
SP1,2022-12-16 00:00:00+00:00,leganes,barcelona,1,2,a,0,1,a,20,10,3,4,14,12,3,6,1,5,0,0,2.25,3.01,4.06,2022-23
SP1,2022-12-23 00:00:00+00:00,leganes,atletico madrid,1,3,a,0,1,a,12,3,5,6,18,16,4,6,4,0,0,0,3.96,3.24,5.46,2022-23
SP1,2022-12-30 00:00:00+00:00,leganes,sevilla,1,0,h,0,0,d,17,8,4,1,11,10,7,4,4,1,0,0,1.59,2.9,4.16,2022-23
SP1,2023-01-06 00:00:00+00:00,leganes,real sociedad,1,0,h,0,0,d,13,12,3,2,16,11,7,4,2,0,0,0,4.12,3.59,5.28,2022-23
SP1,2023-01-13 00:00:00+00:00,leganes,villarreal,0,0,a,0,0,d,21,11,5,3,10,8,6,3,1,4,0,0,3.59,3.71,2.98,2022-23
SP1,2023-01-20 00:00:00+00:00,leganes,athletic club,1,1,a,0,1,a,7,12,5,3,14,18,7,4,1,2,0,0,2.43,3.84,3.18,2022-23
SP1,2023-01-27 00:00:00+00:00,leganes,valencia,1,0,h,1,0,h,14,9,6,4,8,11,9,4,1,3,0,0,3.96,3.2,4.12,2022-23
SP1,2023-02-03 00:00:00+00:00,leganes,real betis,1,1,h,1,1,d,16,11,1,7,11,12,6,3,3,2,0,0,3.24,3.34,4.82,2022-23
SP1,2023-02-10 00:00:00+00:00,leganes,osasuna,0,1,h,0,1,a,16,14,6,5,9,10,5,2,2,2,0,0,2.01,3.14,2.66,2022-23
SP1,2023-02-17 00:00:00+00:00,leganes,celta vigo,0,0,a,0,0,d,11,8,7,3,16,14,5,6,2,2,0,0,3.7,3.48,1.93,2022-23
SP1,2023-02-24 00:00:00+00:00,leganes,getafe,2,3,a,2,0,h,12,12,3,7,9,19,5,1,0,3,0,0,3.09,3.92,4.25,2022-23
SP1,2023-03-03 00:00:00+00:00,leganes,rayo vallecano,2,5,a,2,2,d,13,6,4,3,10,8,6,6,3,3,0,0,4.04,3.75,2.24,2022-23
SP1,2023-03-10 00:00:00+00:00,leganes,girona,1,2,a,1,0,h,12,8,7,8,12,13,8,7,1,2,0,0,1.81,3.49,2.53,2022-23
SP1,2023-03-17 00:00:00+00:00,leganes,mallorca,2,2,d,2,0,h,13,11,5,3,18,13,7,1,2,2,0,1,2.75,2.98,1.84,2022-23
SP1,2023-03-24 00:00:00+00:00,leganes,almeria,0,0,h,0,0,d,18,6,5,4,13,8,11,3,3,2,0,2,3.01,2.94,5.95,2022-23
SP1,2023-03-31 00:00:00+00:00,leganes,cadiz,0,2,a,0,0,d,9,8,8,6,17,17,5,2,1,1,0,0,2.11,3.62,2.27,2022-23
SP1,2023-04-07 00:00:00+00:00,leganes,granada,0,0,d,0,0,d,10,7,7,5,11,13,6,4,0,1,0,0,3.04,3.82,5.68,2022-23
SP1,2023-04-14 00:00:00+00:00,leganes,las palmas,0,2,a,0,0,d,13,8,4,2,13,17,7,4,3,2,0,0,1.93,3.47,2.31,2022-23
SP1,2023-08-11 00:00:00+00:00,real madrid,barcelona,0,0,h,0,0,d,17,6,3,3,19,9,1,3,1,3,0,0,3.49,2.89,5.71,2023-24
SP1,2023-08-18 00:00:00+00:00,real madrid,atletico madrid,0,2,a,0,0,d,20,9,12,5,6,7,4,3,3,3,0,0,1.72,2.87,5.89,2023-24
SP1,2023-08-25 00:00:00+00:00,real madrid,sevilla,2,2,d,1,1,d,18,9,5,4,13,14,6,2,2,0,0,0,2.33,3.5,3.56,2023-24
SP1,2023-09-01 00:00:00+00:00,real madrid,real sociedad,1,1,a,1,0,h,9,8,1,5,16,10,7,3,3,3,0,0,2.55,3.87,2.35,2023-24
SP1,2023-09-08 00:00:00+00:00,real madrid,villarreal,1,0,h,0,0,d,14,10,5,5,6,12,6,5,1,1,1,0,1.79,3.04,4.48,2023-24
SP1,2023-09-15 00:00:00+00:00,real madrid,athletic club,2,1,h,0,0,d,16,7,3,4,10,7,5,7,0,6,0,0,2.39,3.83,5.51,2023-24
SP1,2023-09-22 00:00:00+00:00,real madrid,valencia,1,5,a,0,0,d,8,8,7,3,16,9,5,0,0,2,0,0,3.01,3.77,5.9,2023-24
SP1,2023-09-29 00:00:00+00:00,real madrid,real betis,3,3,d,0,0,d,15,8,8,6,12,19,4,6,1,2,1,0,1.62,3.28,3.78,2023-24
SP1,2023-10-06 00:00:00+00:00,real madrid,osasuna,1,0,a,1,0,h,13,8,5,2,11,12,4,4,2,1,0,1,1.92,3.82,5.76,2023-24
SP1,2023-10-13 00:00:00+00:00,real madrid,celta vigo,0,4,a,0,1,a,13,5,7,2,10,13,10,4,3,2,0,0,4.0,3.26,3.53,2023-24
SP1,2023-10-20 00:00:00+00:00,real madrid,getafe,2,2,a,0,0,d,21,5,6,3,11,14,7,8,1,1,0,0,2.85,3.95,5.22,2023-24
SP1,2023-10-27 00:00:00+00:00,real madrid,rayo vallecano,1,1,d,1,0,h,15,8,6,1,17,11,2,1,2,3,0,0,3.83,3.5,4.96,2023-24
SP1,2023-11-03 00:00:00+00:00,real madrid,girona,0,1,a,0,1,a,14,11,2,5,13,16,7,3,1,2,0,0,2.52,3.19,4.86,2023-24
SP1,2023-11-10 00:00:00+00:00,real madrid,mallorca,2,1,h,2,1,h,18,6,7,2,7,10,8,3,2,3,0,0,2.46,3.94,3.25,2023-24
SP1,2023-11-17 00:00:00+00:00,real madrid,almeria,0,2,a,0,0,d,12,10,6,4,9,13,6,2,0,3,0,0,2.55,3.43,1.98,2023-24
SP1,2023-11-24 00:00:00+00:00,real madrid,cadiz,1,0,h,1,0,h,19,14,2,4,12,9,5,6,3,5,0,0,2.33,3.0,4.1,2023-24
SP1,2023-12-01 00:00:00+00:00,real madrid,granada,0,2,h,0,2,a,7,7,5,4,13,9,3,2,2,1,0,0,2.86,3.34,4.77,2023-24
SP1,2023-12-08 00:00:00+00:00,real madrid,las palmas,1,1,d,0,1,a,10,9,3,5,16,11,6,2,7,1,0,1,4.37,3.96,2.99,2023-24
SP1,2023-12-15 00:00:00+00:00,real madrid,leganes,4,0,h,0,0,d,11,18,0,7,10,14,3,3,3,2,0,0,4.2,2.92,5.88,2023-24
SP1,2023-12-22 00:00:00+00:00,barcelona,real madrid,1,1,d,1,0,h,9,9,4,3,13,18,1,3,3,3,0,0,4.32,3.42,5.78,2023-24
SP1,2023-12-29 00:00:00+00:00,barcelona,atletico madrid,4,0,h,1,0,h,16,8,2,3,10,15,7,3,0,1,0,0,3.32,3.99,2.77,2023-24
SP1,2024-01-05 00:00:00+00:00,barcelona,sevilla,4,0,h,1,0,h,11,13,3,2,8,14,2,3,0,1,0,0,1.53,3.03,2.82,2023-24
SP1,2024-01-12 00:00:00+00:00,barcelona,real sociedad,3,3,d,1,0,h,10,13,3,6,9,10,4,5,0,0,0,0,2.91,3.26,4.35,2023-24
SP1,2024-01-19 00:00:00+00:00,barcelona,villarreal,2,0,h,0,0,d,12,9,5,3,13,7,6,4,4,2,0,0,2.91,3.19,2.05,2023-24
SP1,2024-01-26 00:00:00+00:00,barcelona,athletic club,4,0,h,0,0,d,14,11,6,2,25,5,3,4,1,2,0,0,2.22,3.23,5.84,2023-24
SP1,2024-02-02 00:00:00+00:00,barcelona,valencia,1,3,a,1,0,h,13,9,8,6,10,9,3,3,5,2,0,0,3.87,3.17,3.76,2023-24
SP1,2024-02-09 00:00:00+00:00,barcelona,real betis,2,2,a,2,1,h,21,7,5,8,9,10,4,5,3,1,0,0,2.7,3.39,4.17,2023-24
SP1,2024-02-16 00:00:00+00:00,barcelona,osasuna,1,0,h,0,0,d,13,7,4,2,18,10,5,3,1,1,0,0,2.47,3.47,3.36,2023-24
SP1,2024-02-23 00:00:00+00:00,barcelona,celta vigo,0,1,h,0,0,d,17,12,4,3,13,11,6,2,2,4,0,0,4.41,3.1,3.91,2023-24
SP1,2024-03-01 00:00:00+00:00,barcelona,getafe,2,1,h,0,0,d,13,8,6,3,9,9,5,3,2,0,0,0,4.14,3.37,3.3,2023-24
SP1,2024-03-08 00:00:00+00:00,barcelona,rayo vallecano,2,1,h,0,1,a,17,9,6,5,14,14,6,4,2,2,0,1,3.76,3.36,5.54,2023-24
SP1,2024-03-15 00:00:00+00:00,barcelona,girona,3,0,h,0,0,d,19,11,2,2,10,17,5,4,3,0,0,0,4.26,3.64,3.78,2023-24
SP1,2024-03-22 00:00:00+00:00,barcelona,mallorca,1,0,h,1,0,h,15,12,9,3,14,19,2,7,0,4,0,0,2.58,3.4,4.69,2023-24
SP1,2024-03-29 00:00:00+00:00,barcelona,almeria,1,1,a,1,0,h,14,8,6,2,13,10,3,2,1,2,1,0,3.79,3.44,2.26,2023-24
SP1,2024-04-05 00:00:00+00:00,barcelona,cadiz,1,1,h,1,1,d,13,16,8,6,7,13,4,5,2,1,0,0,2.45,3.58,2.56,2023-24
SP1,2024-04-12 00:00:00+00:00,barcelona,granada,1,0,h,0,0,d,7,17,2,5,19,19,8,2,1,5,0,0,4.09,3.92,2.67,2023-24
SP1,2024-04-19 00:00:00+00:00,barcelona,las palmas,1,1,d,0,1,a,15,6,6,3,10,12,6,8,1,4,0,0,1.56,3.42,4.28,2023-24
SP1,2024-04-26 00:00:00+00:00,barcelona,leganes,1,1,h,0,1,a,9,15,4,5,9,16,6,5,3,2,0,0,4.34,3.83,3.67,2023-24
SP1,2024-05-03 00:00:00+00:00,atletico madrid,real madrid,0,0,d,0,0,d,14,7,3,2,11,13,5,2,1,3,0,0,3.84,3.06,2.25,2023-24
SP1,2024-05-10 00:00:00+00:00,atletico madrid,barcelona,3,3,a,2,0,h,21,12,7,4,10,11,5,4,4,1,0,0,2.09,3.03,3.31,2023-24
SP1,2024-05-17 00:00:00+00:00,atletico madrid,sevilla,2,2,d,1,0,h,16,16,5,2,8,15,8,2,0,0,0,0,1.6,3.82,3.86,2023-24
SP1,2024-05-24 00:00:00+00:00,atletico madrid,real sociedad,1,2,h,1,2,a,13,13,3,7,10,14,6,2,1,0,0,0,1.6,3.6,3.52,2023-24
SP1,2023-08-11 00:00:00+00:00,atletico madrid,villarreal,0,1,a,0,1,a,16,9,4,1,13,5,4,1,1,1,0,0,2.45,3.39,5.28,2023-24
SP1,2023-08-18 00:00:00+00:00,atletico madrid,athletic club,0,2,a,0,0,d,8,9,7,5,14,10,4,6,2,1,0,0,2.56,3.79,2.87,2023-24
SP1,2023-08-25 00:00:00+00:00,atletico madrid,valencia,1,0,h,0,0,d,10,12,3,5,13,13,8,4,3,3,0,0,2.86,2.83,1.93,2023-24
SP1,2023-09-01 00:00:00+00:00,atletico madrid,real betis,2,2,d,1,2,a,18,12,5,2,12,9,7,3,1,3,0,0,1.99,3.48,3.44,2023-24
SP1,2023-09-08 00:00:00+00:00,atletico madrid,osasuna,2,0,h,0,0,d,17,6,3,1,15,10,7,0,2,0,0,0,3.35,3.13,5.72,2023-24
SP1,2023-09-15 00:00:00+00:00,atletico madrid,celta vigo,0,0,d,0,0,d,17,16,8,2,14,8,3,7,3,2,0,0,4.1,2.98,4.66,2023-24
SP1,2023-09-22 00:00:00+00:00,atletico madrid,getafe,1,1,h,0,0,d,13,9,8,6,12,18,7,5,0,2,0,0,1.52,3.9,6.0,2023-24
SP1,2023-09-29 00:00:00+00:00,atletico madrid,rayo vallecano,2,2,d,1,1,d,8,9,5,5,14,8,9,5,3,5,0,0,3.95,2.87,5.52,2023-24
SP1,2023-10-06 00:00:00+00:00,atletico madrid,girona,3,1,h,0,0,d,11,11,5,1,12,9,2,6,1,3,0,0,2.99,3.31,5.09,2023-24
SP1,2023-10-13 00:00:00+00:00,atletico madrid,mallorca,2,0,h,0,0,d,10,7,3,8,13,14,2,6,3,1,0,0,1.95,3.84,4.18,2023-24
SP1,2023-10-20 00:00:00+00:00,atletico madrid,almeria,1,1,d,1,0,h,8,14,5,2,16,14,6,2,0,3,0,0,2.1,3.48,2.81,2023-24
SP1,2023-10-27 00:00:00+00:00,atletico madrid,cadiz,2,1,h,2,1,h,13,15,4,3,10,18,2,6,1,2,0,0,2.24,3.82,3.72,2023-24
SP1,2023-11-03 00:00:00+00:00,atletico madrid,granada,1,0,h,1,0,h,8,6,7,5,11,14,6,4,2,4,0,0,2.45,3.56,4.58,2023-24
SP1,2023-11-10 00:00:00+00:00,atletico madrid,las palmas,4,1,h,1,1,d,18,10,4,1,17,11,2,5,0,3,0,0,1.6,3.26,3.18,2023-24
SP1,2023-11-17 00:00:00+00:00,atletico madrid,leganes,5,2,h,1,0,h,12,14,5,3,8,13,5,5,0,4,0,0,3.42,3.24,4.37,2023-24
SP1,2023-11-24 00:00:00+00:00,sevilla,real madrid,1,0,h,0,0,d,13,12,7,3,18,10,5,3,3,3,0,0,3.91,3.36,4.12,2023-24
SP1,2023-12-01 00:00:00+00:00,sevilla,barcelona,1,2,a,1,0,h,11,17,0,4,3,15,1,2,4,4,0,0,2.89,3.72,2.16,2023-24
SP1,2023-12-08 00:00:00+00:00,sevilla,atletico madrid,1,1,d,1,0,h,11,14,4,5,17,7,7,1,5,2,0,0,3.97,3.44,4.31,2023-24
SP1,2023-12-15 00:00:00+00:00,sevilla,real sociedad,0,1,h,0,0,d,14,13,4,1,14,15,3,4,0,5,0,0,2.89,3.33,2.5,2023-24
SP1,2023-12-22 00:00:00+00:00,sevilla,villarreal,0,0,d,0,0,d,12,10,7,5,13,16,5,5,1,2,0,0,3.46,3.64,5.16,2023-24
SP1,2023-12-29 00:00:00+00:00,sevilla,athletic club,0,0,h,0,0,d,11,8,7,1,10,3,6,7,2,1,0,0,4.01,3.24,4.31,2023-24
SP1,2024-01-05 00:00:00+00:00,sevilla,valencia,2,2,d,1,0,h,12,10,4,4,12,8,5,4,4,3,0,0,3.68,3.0,4.15,2023-24
SP1,2024-01-12 00:00:00+00:00,sevilla,real betis,0,2,h,0,0,d,15,9,3,4,13,12,3,4,0,2,0,0,4.05,3.32,2.72,2023-24
SP1,2024-01-19 00:00:00+00:00,sevilla,osasuna,1,1,a,1,0,h,16,7,5,3,10,11,3,4,3,2,0,0,2.77,3.73,2.59,2023-24
SP1,2024-01-26 00:00:00+00:00,sevilla,celta vigo,5,0,h,0,0,d,18,4,10,4,15,6,8,3,2,1,0,0,3.22,3.57,4.04,2023-24
SP1,2024-02-02 00:00:00+00:00,sevilla,getafe,3,0,h,0,0,d,18,13,5,3,10,14,8,4,3,3,0,0,2.08,3.81,5.43,2023-24
SP1,2024-02-09 00:00:00+00:00,sevilla,rayo vallecano,2,2,d,1,2,a,14,9,3,6,12,12,5,5,2,4,0,0,3.68,3.97,5.08,2023-24
SP1,2024-02-16 00:00:00+00:00,sevilla,girona,1,1,d,1,0,h,11,8,9,6,8,10,4,4,1,0,0,0,3.81,3.63,2.57,2023-24
SP1,2024-02-23 00:00:00+00:00,sevilla,mallorca,1,0,h,1,0,h,13,12,5,6,8,15,8,6,1,4,0,0,3.8,3.11,4.68,2023-24
SP1,2024-03-01 00:00:00+00:00,sevilla,almeria,3,0,h,1,0,h,11,8,4,4,10,14,6,0,1,1,0,0,4.42,3.21,2.91,2023-24
SP1,2024-03-08 00:00:00+00:00,sevilla,cadiz,4,1,h,1,1,d,18,10,5,2,11,19,3,3,1,0,0,0,2.98,3.21,4.82,2023-24
SP1,2024-03-15 00:00:00+00:00,sevilla,granada,2,0,h,0,0,d,5,12,4,0,12,10,4,3,1,1,0,0,3.61,3.44,1.91,2023-24
SP1,2024-03-22 00:00:00+00:00,sevilla,las palmas,4,1,h,0,0,d,7,9,9,8,10,11,7,2,1,1,0,0,1.58,3.46,5.58,2023-24
SP1,2024-03-29 00:00:00+00:00,sevilla,leganes,2,2,d,1,1,d,11,8,3,6,12,11,5,2,3,2,0,0,3.05,3.59,3.86,2023-24
SP1,2024-04-05 00:00:00+00:00,real sociedad,real madrid,0,0,d,0,0,d,15,10,5,4,16,18,10,4,4,1,0,0,1.66,3.6,2.65,2023-24
SP1,2024-04-12 00:00:00+00:00,real sociedad,barcelona,1,1,d,0,1,a,20,12,8,4,10,6,1,2,1,3,0,0,3.87,3.9,2.87,2023-24
SP1,2024-04-19 00:00:00+00:00,real sociedad,atletico madrid,1,1,h,1,0,h,13,8,3,4,17,10,2,2,1,1,0,0,3.48,3.1,2.97,2023-24
SP1,2024-04-26 00:00:00+00:00,real sociedad,sevilla,0,0,h,0,0,d,19,8,4,5,10,12,3,5,2,3,0,0,1.58,3.71,3.52,2023-24
SP1,2024-05-03 00:00:00+00:00,real sociedad,villarreal,1,1,a,1,1,d,16,7,4,1,13,10,4,2,2,3,1,0,2.7,3.71,2.03,2023-24
SP1,2024-05-10 00:00:00+00:00,real sociedad,athletic club,1,1,h,0,0,d,21,14,3,5,5,9,11,2,1,3,0,0,1.66,3.13,2.45,2023-24
SP1,2024-05-17 00:00:00+00:00,real sociedad,valencia,1,1,h,1,1,d,10,12,4,3,16,8,9,7,1,0,0,0,3.0,3.1,1.86,2023-24
SP1,2024-05-24 00:00:00+00:00,real sociedad,real betis,3,0,h,0,0,d,12,9,4,5,12,9,7,5,1,0,0,0,3.64,3.3,5.55,2023-24
SP1,2023-08-11 00:00:00+00:00,real sociedad,osasuna,1,0,h,0,0,d,15,9,6,1,12,17,3,5,1,1,0,0,1.89,3.41,4.65,2023-24
SP1,2023-08-18 00:00:00+00:00,real sociedad,celta vigo,3,0,h,1,0,h,12,9,2,2,11,7,5,3,2,0,0,0,2.77,2.97,5.97,2023-24
SP1,2023-08-25 00:00:00+00:00,real sociedad,getafe,1,1,a,0,0,d,10,17,6,6,14,18,5,4,2,1,1,0,3.22,3.96,2.38,2023-24
SP1,2023-09-01 00:00:00+00:00,real sociedad,rayo vallecano,1,1,d,0,0,d,13,15,1,4,7,12,6,1,1,0,0,0,4.18,3.9,3.86,2023-24
SP1,2023-09-08 00:00:00+00:00,real sociedad,girona,0,0,d,0,0,d,11,10,4,3,15,14,7,1,1,0,0,0,4.31,3.07,3.16,2023-24
SP1,2023-09-15 00:00:00+00:00,real sociedad,mallorca,0,3,a,0,0,d,16,10,5,8,6,13,3,7,4,1,0,0,3.87,3.51,3.59,2023-24
SP1,2023-09-22 00:00:00+00:00,real sociedad,almeria,0,0,d,0,0,d,11,13,3,1,15,14,6,4,6,2,0,0,3.52,3.28,5.06,2023-24
SP1,2023-09-29 00:00:00+00:00,real sociedad,cadiz,3,2,h,2,1,h,12,9,5,3,12,8,3,4,0,1,0,1,4.1,2.91,5.92,2023-24
SP1,2023-10-06 00:00:00+00:00,real sociedad,granada,0,0,d,0,0,d,10,15,3,4,14,19,2,2,0,4,0,0,1.8,2.87,5.29,2023-24
SP1,2023-10-13 00:00:00+00:00,real sociedad,las palmas,1,1,d,1,0,h,10,11,5,8,15,8,4,3,1,3,0,0,3.91,3.34,4.17,2023-24
SP1,2023-10-20 00:00:00+00:00,real sociedad,leganes,2,4,h,2,1,h,17,11,4,3,4,11,5,5,5,1,0,0,2.03,2.96,4.73,2023-24
SP1,2023-10-27 00:00:00+00:00,villarreal,real madrid,0,0,a,0,0,d,14,12,5,4,11,7,1,2,3,1,0,0,2.7,3.33,3.6,2023-24
SP1,2023-11-03 00:00:00+00:00,villarreal,barcelona,3,3,d,2,0,h,13,13,5,7,8,10,7,4,1,2,0,0,1.74,3.24,4.56,2023-24
SP1,2023-11-10 00:00:00+00:00,villarreal,atletico madrid,1,1,d,1,1,d,12,14,7,5,14,6,3,1,2,2,0,0,3.71,3.92,2.9,2023-24
SP1,2023-11-17 00:00:00+00:00,villarreal,sevilla,0,1,a,0,1,a,10,6,0,0,15,14,5,3,2,1,0,0,3.29,3.84,4.6,2023-24
SP1,2023-11-24 00:00:00+00:00,villarreal,real sociedad,1,1,d,1,1,d,10,10,3,5,9,15,6,3,2,0,0,0,1.66,2.92,2.15,2023-24
SP1,2023-12-01 00:00:00+00:00,villarreal,athletic club,1,1,d,0,1,a,12,15,4,6,11,16,10,8,3,0,0,0,3.1,3.06,4.65,2023-24
SP1,2023-12-08 00:00:00+00:00,villarreal,valencia,0,2,a,0,0,d,16,11,2,4,11,13,3,3,1,1,0,0,3.85,3.16,3.93,2023-24
SP1,2023-12-15 00:00:00+00:00,villarreal,real betis,1,1,h,0,0,d,15,10,7,4,13,8,6,4,1,1,1,0,2.93,3.85,4.33,2023-24
SP1,2023-12-22 00:00:00+00:00,villarreal,osasuna,0,1,a,0,1,a,13,7,4,5,9,16,5,2,1,1,0,0,2.02,3.27,3.7,2023-24
SP1,2023-12-29 00:00:00+00:00,villarreal,celta vigo,0,0,d,0,0,d,13,6,3,2,13,13,4,5,2,3,0,0,1.83,3.74,5.91,2023-24
SP1,2024-01-05 00:00:00+00:00,villarreal,getafe,0,0,d,0,0,d,17,17,7,6,15,12,3,7,5,1,0,0,3.57,3.86,5.6,2023-24
SP1,2024-01-12 00:00:00+00:00,villarreal,rayo vallecano,2,3,h,2,0,h,8,9,10,0,10,15,5,5,8,0,0,0,1.55,3.23,3.84,2023-24
SP1,2024-01-19 00:00:00+00:00,villarreal,girona,0,0,d,0,0,d,21,8,4,1,15,8,4,6,1,5,0,0,3.19,3.03,4.59,2023-24
SP1,2024-01-26 00:00:00+00:00,villarreal,mallorca,1,1,h,0,1,a,13,17,6,2,12,15,5,6,0,2,0,0,1.96,3.86,3.15,2023-24
SP1,2024-02-02 00:00:00+00:00,villarreal,almeria,2,1,h,1,0,h,12,10,7,2,8,12,9,4,2,0,0,0,1.88,3.2,5.69,2023-24
SP1,2024-02-09 00:00:00+00:00,villarreal,cadiz,0,4,a,0,1,a,16,7,3,1,11,7,5,6,2,0,0,0,3.38,3.76,2.52,2023-24
SP1,2024-02-16 00:00:00+00:00,villarreal,granada,2,4,a,2,1,h,10,5,2,7,8,15,11,6,2,2,0,1,2.39,3.47,3.1,2023-24
SP1,2024-02-23 00:00:00+00:00,villarreal,las palmas,3,1,h,0,0,d,15,10,6,4,13,10,6,2,0,2,0,0,1.6,3.18,2.43,2023-24
SP1,2024-03-01 00:00:00+00:00,villarreal,leganes,0,0,h,0,0,d,16,9,4,1,12,7,2,4,1,3,0,0,2.81,3.31,5.59,2023-24
SP1,2024-03-08 00:00:00+00:00,athletic club,real madrid,3,0,h,1,0,h,10,4,4,6,12,17,6,6,1,1,0,0,4.09,3.25,5.92,2023-24
SP1,2024-03-15 00:00:00+00:00,athletic club,barcelona,3,2,h,2,2,d,12,16,8,2,13,13,7,4,3,0,0,0,2.75,3.55,5.72,2023-24
SP1,2024-03-22 00:00:00+00:00,athletic club,atletico madrid,3,0,h,1,0,h,12,12,4,3,10,10,2,4,2,2,1,0,2.76,3.18,2.64,2023-24
SP1,2024-03-29 00:00:00+00:00,athletic club,sevilla,0,0,h,0,0,d,12,7,3,5,12,5,6,4,4,1,0,0,3.86,3.86,2.05,2023-24
SP1,2024-04-05 00:00:00+00:00,athletic club,real sociedad,1,0,a,1,0,h,14,13,4,7,11,14,5,4,2,4,1,0,4.32,3.28,3.16,2023-24
SP1,2024-04-12 00:00:00+00:00,athletic club,villarreal,2,1,h,0,0,d,13,7,7,2,19,15,6,5,1,3,0,0,3.8,3.27,2.17,2023-24
SP1,2024-04-19 00:00:00+00:00,athletic club,valencia,2,1,h,0,0,d,11,2,6,3,11,12,8,3,2,4,0,0,3.14,3.1,2.01,2023-24
SP1,2024-04-26 00:00:00+00:00,athletic club,real betis,3,0,h,1,0,h,14,7,4,3,13,9,6,5,1,3,0,1,3.33,3.57,4.89,2023-24
SP1,2024-05-03 00:00:00+00:00,athletic club,osasuna,5,0,h,0,0,d,17,8,5,4,13,9,6,7,0,1,0,0,4.48,3.11,3.39,2023-24
SP1,2024-05-10 00:00:00+00:00,athletic club,celta vigo,0,0,d,0,0,d,15,5,7,2,10,12,6,2,1,3,0,0,3.87,3.87,4.54,2023-24
SP1,2024-05-17 00:00:00+00:00,athletic club,getafe,3,3,d,1,2,a,14,12,4,7,9,10,2,3,3,0,0,0,3.18,2.84,5.61,2023-24
SP1,2024-05-24 00:00:00+00:00,athletic club,rayo vallecano,0,1,h,0,0,d,10,14,7,4,19,14,6,3,1,1,0,0,4.46,3.66,4.03,2023-24
SP1,2023-08-11 00:00:00+00:00,athletic club,girona,0,2,a,0,0,d,9,14,3,3,5,9,3,4,2,5,0,0,2.25,3.49,5.14,2023-24
SP1,2023-08-18 00:00:00+00:00,athletic club,mallorca,0,1,h,0,0,d,19,8,2,3,7,14,7,3,4,1,0,0,1.99,3.41,5.4,2023-24
SP1,2023-08-25 00:00:00+00:00,athletic club,almeria,3,2,a,0,0,d,11,9,7,5,17,11,3,5,0,4,0,0,2.55,2.9,2.92,2023-24
SP1,2023-09-01 00:00:00+00:00,athletic club,cadiz,3,0,h,0,0,d,15,8,5,8,12,14,5,3,3,4,0,0,1.82,3.88,4.01,2023-24
SP1,2023-09-08 00:00:00+00:00,athletic club,granada,2,0,h,1,0,h,7,3,4,4,14,8,4,3,1,0,0,1,2.61,3.85,4.39,2023-24
SP1,2023-09-15 00:00:00+00:00,athletic club,las palmas,4,0,h,0,0,d,12,11,3,7,8,11,4,3,1,1,0,0,2.52,3.58,3.94,2023-24
SP1,2023-09-22 00:00:00+00:00,athletic club,leganes,1,0,a,1,0,h,12,10,3,3,11,15,6,4,0,2,0,0,2.37,3.2,4.19,2023-24
SP1,2023-09-29 00:00:00+00:00,valencia,real madrid,2,0,a,0,0,d,10,14,5,6,12,12,3,1,1,3,0,0,1.84,3.19,2.18,2023-24
SP1,2023-10-06 00:00:00+00:00,valencia,barcelona,5,0,h,1,0,h,14,7,6,1,17,7,7,3,2,0,0,0,3.22,3.72,2.92,2023-24
SP1,2023-10-13 00:00:00+00:00,valencia,atletico madrid,2,2,d,2,2,d,21,18,2,3,9,9,3,2,2,1,1,1,3.94,3.69,2.96,2023-24
SP1,2023-10-20 00:00:00+00:00,valencia,sevilla,0,2,a,0,0,d,14,15,5,6,10,15,3,1,2,5,0,0,3.24,3.25,2.45,2023-24
SP1,2023-10-27 00:00:00+00:00,valencia,real sociedad,1,1,d,0,1,a,15,11,6,1,6,12,6,2,0,4,0,0,2.31,3.39,5.89,2023-24
SP1,2023-11-03 00:00:00+00:00,valencia,villarreal,0,1,a,0,1,a,9,8,3,2,11,11,5,5,0,2,0,0,2.89,3.59,4.06,2023-24
SP1,2023-11-10 00:00:00+00:00,valencia,athletic club,1,3,a,1,1,d,13,8,6,7,14,13,8,5,1,1,0,0,1.89,3.84,2.03,2023-24
SP1,2023-11-17 00:00:00+00:00,valencia,real betis,3,2,a,0,0,d,16,13,9,2,13,10,7,3,1,1,0,0,4.11,3.41,4.52,2023-24
SP1,2023-11-24 00:00:00+00:00,valencia,osasuna,1,1,h,1,1,d,10,8,11,4,17,8,4,2,0,3,0,0,3.42,3.9,2.63,2023-24
SP1,2023-12-01 00:00:00+00:00,valencia,celta vigo,1,1,d,0,1,a,17,10,7,5,10,13,5,1,2,3,0,0,2.58,3.52,4.72,2023-24
SP1,2023-12-08 00:00:00+00:00,valencia,getafe,1,1,d,0,1,a,10,8,8,2,5,11,5,5,0,2,0,0,1.95,3.14,4.28,2023-24
SP1,2023-12-15 00:00:00+00:00,valencia,rayo vallecano,0,0,d,0,0,d,14,8,5,6,17,16,4,3,1,1,0,0,2.18,3.21,4.54,2023-24
SP1,2023-12-22 00:00:00+00:00,valencia,girona,1,1,d,1,0,h,16,5,5,3,14,18,6,0,2,1,0,0,3.23,3.01,5.88,2023-24
SP1,2023-12-29 00:00:00+00:00,valencia,mallorca,1,1,d,1,0,h,20,10,2,8,21,14,7,3,2,2,0,0,3.9,3.88,3.73,2023-24
SP1,2024-01-05 00:00:00+00:00,valencia,almeria,2,2,d,0,2,a,17,6,4,4,14,14,10,4,4,1,0,0,3.23,3.7,3.7,2023-24
SP1,2024-01-12 00:00:00+00:00,valencia,cadiz,2,0,h,0,0,d,14,14,4,1,14,10,0,4,3,4,0,0,1.91,3.31,4.47,2023-24
SP1,2024-01-19 00:00:00+00:00,valencia,granada,1,2,h,1,0,h,15,11,4,3,10,17,5,3,1,3,0,0,4.41,3.29,2.06,2023-24
SP1,2024-01-26 00:00:00+00:00,valencia,las palmas,2,0,h,0,0,d,13,9,4,4,10,13,7,2,3,1,0,0,3.45,3.07,5.51,2023-24
SP1,2024-02-02 00:00:00+00:00,valencia,leganes,1,0,h,0,0,d,18,9,4,4,11,17,6,3,2,1,0,0,2.95,3.81,3.46,2023-24
SP1,2024-02-09 00:00:00+00:00,real betis,real madrid,3,1,a,0,1,a,19,6,8,2,15,8,4,2,1,4,0,0,3.02,3.25,3.82,2023-24
SP1,2024-02-16 00:00:00+00:00,real betis,barcelona,2,2,d,1,1,d,8,8,6,5,13,22,5,4,5,2,0,0,3.85,3.31,5.82,2023-24
SP1,2024-02-23 00:00:00+00:00,real betis,atletico madrid,1,0,h,1,0,h,10,9,5,5,11,14,8,2,1,3,0,0,1.56,3.42,3.26,2023-24
SP1,2024-03-01 00:00:00+00:00,real betis,sevilla,0,1,a,0,0,d,8,8,3,6,13,10,4,6,2,2,0,0,4.11,3.58,5.86,2023-24
SP1,2024-03-08 00:00:00+00:00,real betis,real sociedad,1,1,a,1,1,d,11,6,8,6,11,12,6,5,0,3,1,0,3.57,3.83,3.09,2023-24
SP1,2024-03-15 00:00:00+00:00,real betis,villarreal,2,1,h,1,1,d,9,10,4,3,5,17,4,2,0,1,1,0,2.4,2.87,2.49,2023-24
SP1,2024-03-22 00:00:00+00:00,real betis,athletic club,2,1,h,0,1,a,16,15,3,3,11,15,7,7,2,3,0,0,4.46,3.66,4.44,2023-24
SP1,2024-03-29 00:00:00+00:00,real betis,valencia,2,0,h,1,0,h,16,10,8,5,8,11,4,2,1,2,0,0,2.26,2.87,3.66,2023-24
SP1,2024-04-05 00:00:00+00:00,real betis,osasuna,2,0,h,1,0,h,9,6,6,1,12,11,0,2,0,0,0,0,1.53,2.94,3.03,2023-24
SP1,2024-04-12 00:00:00+00:00,real betis,celta vigo,1,0,h,1,0,h,17,13,4,4,10,15,4,8,2,0,0,0,2.65,2.96,5.51,2023-24
SP1,2024-04-19 00:00:00+00:00,real betis,getafe,1,1,d,1,1,d,16,14,7,7,10,13,4,5,3,2,0,0,1.76,3.94,2.98,2023-24
SP1,2024-04-26 00:00:00+00:00,real betis,rayo vallecano,1,1,a,0,0,d,12,9,2,5,11,14,6,3,1,3,1,1,3.8,3.7,5.99,2023-24
SP1,2024-05-03 00:00:00+00:00,real betis,girona,1,1,a,1,1,d,18,13,8,4,10,15,2,4,2,0,0,0,2.29,3.63,1.92,2023-24
SP1,2024-05-10 00:00:00+00:00,real betis,mallorca,2,2,h,1,0,h,17,7,3,2,12,9,3,4,2,1,0,0,1.57,3.4,4.17,2023-24
SP1,2024-05-17 00:00:00+00:00,real betis,almeria,1,1,h,1,1,d,18,4,8,0,17,9,4,7,1,4,0,0,3.6,3.23,3.08,2023-24
SP1,2024-05-24 00:00:00+00:00,real betis,cadiz,2,2,a,0,2,a,13,13,6,5,10,11,6,4,5,0,0,0,3.01,3.05,2.34,2023-24
SP1,2023-08-11 00:00:00+00:00,real betis,granada,0,0,d,0,0,d,16,12,3,4,10,12,3,6,1,0,0,0,2.97,3.57,4.2,2023-24
SP1,2023-08-18 00:00:00+00:00,real betis,las palmas,1,1,h,1,0,h,10,9,6,5,21,9,2,6,1,0,0,1,2.31,3.11,2.25,2023-24
SP1,2023-08-25 00:00:00+00:00,real betis,leganes,1,1,d,1,1,d,19,9,8,4,14,12,1,8,2,3,0,0,2.23,2.95,3.17,2023-24
SP1,2023-09-01 00:00:00+00:00,osasuna,real madrid,1,0,h,0,0,d,11,12,5,8,10,13,3,4,1,0,0,0,3.81,3.88,3.86,2023-24
SP1,2023-09-08 00:00:00+00:00,osasuna,barcelona,1,0,a,0,0,d,12,14,8,4,12,9,6,3,1,2,0,0,1.59,3.51,1.89,2023-24
SP1,2023-09-15 00:00:00+00:00,osasuna,atletico madrid,3,2,h,0,0,d,9,11,2,6,11,15,11,3,3,3,0,0,3.49,3.24,4.7,2023-24
SP1,2023-09-22 00:00:00+00:00,osasuna,sevilla,0,0,h,0,0,d,14,7,7,2,11,17,5,3,0,2,0,0,4.3,2.99,2.53,2023-24
SP1,2023-09-29 00:00:00+00:00,osasuna,real sociedad,2,1,h,0,1,a,16,16,4,3,17,12,5,4,2,5,0,0,3.39,3.93,2.85,2023-24
SP1,2023-10-06 00:00:00+00:00,osasuna,villarreal,3,2,h,1,0,h,14,9,4,5,9,10,8,4,1,0,0,0,3.98,3.27,2.0,2023-24
SP1,2023-10-13 00:00:00+00:00,osasuna,athletic club,3,3,d,3,2,h,16,12,7,1,12,16,7,4,3,1,1,0,4.41,3.42,3.61,2023-24
SP1,2023-10-20 00:00:00+00:00,osasuna,valencia,2,2,d,0,0,d,7,11,5,5,11,10,7,1,2,2,0,0,2.23,3.59,5.71,2023-24
SP1,2023-10-27 00:00:00+00:00,osasuna,real betis,2,0,h,2,0,h,21,18,10,3,17,12,4,5,1,1,0,0,2.64,3.14,5.26,2023-24
SP1,2023-11-03 00:00:00+00:00,osasuna,celta vigo,0,3,a,0,2,a,15,8,5,5,21,19,2,6,3,0,0,0,3.59,3.95,4.44,2023-24
SP1,2023-11-10 00:00:00+00:00,osasuna,getafe,2,0,h,2,0,h,9,12,4,2,22,12,3,4,2,2,0,0,2.44,3.22,5.34,2023-24
SP1,2023-11-17 00:00:00+00:00,osasuna,rayo vallecano,3,1,h,1,1,d,15,11,3,6,15,13,4,1,4,0,0,0,3.32,3.94,4.68,2023-24
SP1,2023-11-24 00:00:00+00:00,osasuna,girona,1,1,d,1,1,d,11,14,3,7,15,14,7,7,2,4,0,0,4.42,3.58,4.68,2023-24
SP1,2023-12-01 00:00:00+00:00,osasuna,mallorca,1,1,a,1,1,d,13,13,6,7,14,7,2,3,2,2,0,0,3.99,3.71,4.36,2023-24
SP1,2023-12-08 00:00:00+00:00,osasuna,almeria,1,1,h,1,1,d,13,10,3,7,13,13,3,6,1,2,0,0,3.73,2.89,5.31,2023-24
SP1,2023-12-15 00:00:00+00:00,osasuna,cadiz,1,1,d,1,0,h,13,12,7,2,12,13,6,5,3,1,0,0,2.03,3.15,5.28,2023-24
SP1,2023-12-22 00:00:00+00:00,osasuna,granada,1,1,a,0,0,d,11,9,4,6,12,9,1,3,2,2,0,0,2.45,3.13,5.15,2023-24
SP1,2023-12-29 00:00:00+00:00,osasuna,las palmas,1,1,h,1,1,d,16,12,5,5,4,8,9,4,3,0,0,0,3.45,2.93,2.51,2023-24
SP1,2024-01-05 00:00:00+00:00,osasuna,leganes,1,1,h,0,1,a,11,9,4,5,15,11,3,3,1,1,0,0,1.63,2.93,3.0,2023-24
SP1,2024-01-12 00:00:00+00:00,celta vigo,real madrid,0,2,a,0,2,a,16,11,6,5,18,9,12,7,1,4,0,0,2.43,3.24,3.99,2023-24
SP1,2024-01-19 00:00:00+00:00,celta vigo,barcelona,0,2,a,0,1,a,12,7,5,6,9,15,5,1,2,2,0,0,3.99,3.15,5.22,2023-24
SP1,2024-01-26 00:00:00+00:00,celta vigo,atletico madrid,1,0,h,1,0,h,7,5,4,4,21,8,7,3,1,1,0,0,4.35,3.34,5.8,2023-24
SP1,2024-02-02 00:00:00+00:00,celta vigo,sevilla,1,1,d,0,0,d,16,8,8,5,12,14,9,1,0,0,0,0,2.15,3.74,3.88,2023-24
SP1,2024-02-09 00:00:00+00:00,celta vigo,real sociedad,3,3,h,1,1,d,9,11,2,5,15,12,1,5,3,0,0,0,3.02,3.53,5.79,2023-24
SP1,2024-02-16 00:00:00+00:00,celta vigo,villarreal,0,0,a,0,0,d,6,17,6,3,15,9,6,3,0,1,0,0,2.21,3.0,3.4,2023-24
SP1,2024-02-23 00:00:00+00:00,celta vigo,athletic club,0,0,d,0,0,d,12,10,2,3,5,13,6,5,0,1,0,0,1.75,2.81,3.6,2023-24
SP1,2024-03-01 00:00:00+00:00,celta vigo,valencia,0,0,d,0,0,d,17,12,4,5,16,12,2,2,0,1,0,0,1.53,3.49,4.18,2023-24
SP1,2024-03-08 00:00:00+00:00,celta vigo,real betis,0,3,a,0,0,d,11,7,6,2,18,9,6,3,1,3,0,0,1.71,3.95,3.91,2023-24
SP1,2024-03-15 00:00:00+00:00,celta vigo,osasuna,0,0,d,0,0,d,7,17,8,0,20,12,5,2,1,2,0,1,2.77,2.97,4.77,2023-24
SP1,2024-03-22 00:00:00+00:00,celta vigo,getafe,2,0,h,0,0,d,11,5,3,4,16,11,7,7,1,0,0,0,2.88,3.66,5.26,2023-24
SP1,2024-03-29 00:00:00+00:00,celta vigo,rayo vallecano,1,1,h,1,1,d,19,10,5,4,13,14,5,6,0,4,0,0,3.83,3.55,5.9,2023-24
SP1,2024-04-05 00:00:00+00:00,celta vigo,girona,0,0,h,0,0,d,11,12,3,2,10,10,5,5,1,2,0,0,2.41,3.21,2.68,2023-24
SP1,2024-04-12 00:00:00+00:00,celta vigo,mallorca,0,0,d,0,0,d,12,14,5,6,9,15,3,4,5,2,0,0,2.6,3.22,5.03,2023-24
SP1,2024-04-19 00:00:00+00:00,celta vigo,almeria,1,1,h,0,1,a,12,7,7,7,10,18,11,4,0,0,0,1,2.39,3.02,2.47,2023-24
SP1,2024-04-26 00:00:00+00:00,celta vigo,cadiz,0,2,a,0,1,a,12,11,4,4,13,14,5,3,2,2,0,0,2.76,3.22,3.26,2023-24
SP1,2024-05-03 00:00:00+00:00,celta vigo,granada,2,1,h,2,1,h,21,8,6,3,6,14,3,8,3,1,0,0,3.36,3.1,4.53,2023-24
SP1,2024-05-10 00:00:00+00:00,celta vigo,las palmas,0,2,a,0,1,a,15,16,2,2,14,18,7,4,4,1,0,0,1.55,3.96,4.0,2023-24
SP1,2024-05-17 00:00:00+00:00,celta vigo,leganes,4,4,d,4,2,h,11,9,2,3,17,17,8,1,2,3,0,0,1.76,3.08,2.39,2023-24
SP1,2024-05-24 00:00:00+00:00,getafe,real madrid,3,1,h,2,0,h,12,7,6,3,9,8,4,3,0,1,1,0,3.18,3.56,3.84,2023-24
SP1,2023-08-11 00:00:00+00:00,getafe,barcelona,2,0,h,0,0,d,13,15,4,6,13,21,7,5,3,0,0,0,2.58,3.73,4.04,2023-24
SP1,2023-08-18 00:00:00+00:00,getafe,atletico madrid,1,1,h,0,0,d,15,13,4,1,13,14,5,3,1,0,0,0,4.17,3.23,2.51,2023-24
SP1,2023-08-25 00:00:00+00:00,getafe,sevilla,2,1,h,0,0,d,10,11,3,2,15,13,4,6,0,2,0,0,1.51,3.43,4.72,2023-24
SP1,2023-09-01 00:00:00+00:00,getafe,real sociedad,2,2,h,0,0,d,18,18,3,6,6,11,6,4,2,1,0,0,3.3,3.41,4.16,2023-24
SP1,2023-09-08 00:00:00+00:00,getafe,villarreal,1,1,h,1,1,d,13,11,12,8,18,18,4,3,6,3,0,0,3.01,3.51,3.63,2023-24
SP1,2023-09-15 00:00:00+00:00,getafe,athletic club,1,1,d,0,0,d,10,14,4,2,8,11,3,1,2,2,1,0,1.62,2.84,4.32,2023-24
SP1,2023-09-22 00:00:00+00:00,getafe,valencia,0,3,a,0,1,a,14,11,7,2,13,15,7,7,1,0,0,1,2.67,3.08,5.99,2023-24
SP1,2023-09-29 00:00:00+00:00,getafe,real betis,1,1,a,1,0,h,12,10,5,4,22,7,2,3,1,4,0,0,4.45,3.39,4.01,2023-24
SP1,2023-10-06 00:00:00+00:00,getafe,osasuna,1,0,a,0,0,d,13,18,10,4,9,14,4,3,4,4,0,0,3.05,3.16,1.89,2023-24
SP1,2023-10-13 00:00:00+00:00,getafe,celta vigo,1,2,a,0,0,d,12,14,3,6,15,11,4,5,3,3,0,0,1.88,2.8,1.89,2023-24
SP1,2023-10-20 00:00:00+00:00,getafe,rayo vallecano,1,1,h,0,0,d,12,11,4,3,11,9,7,3,0,4,0,0,4.32,3.31,3.02,2023-24
SP1,2023-10-27 00:00:00+00:00,getafe,girona,3,0,h,1,0,h,11,7,5,4,8,13,2,6,1,4,0,0,2.5,3.81,2.92,2023-24
SP1,2023-11-03 00:00:00+00:00,getafe,mallorca,1,0,h,1,0,h,12,11,7,1,14,15,5,7,1,2,0,0,3.79,3.64,3.26,2023-24
SP1,2023-11-10 00:00:00+00:00,getafe,almeria,2,0,h,0,0,d,8,6,5,4,12,13,5,7,3,1,0,0,4.48,2.91,4.81,2023-24
SP1,2023-11-17 00:00:00+00:00,getafe,cadiz,0,0,a,0,0,d,14,10,8,7,10,15,7,3,2,1,0,0,1.63,3.07,3.14,2023-24
SP1,2023-11-24 00:00:00+00:00,getafe,granada,0,3,a,0,0,d,14,10,3,6,6,10,4,4,2,3,0,1,2.37,3.57,4.81,2023-24
SP1,2023-12-01 00:00:00+00:00,getafe,las palmas,3,3,d,1,0,h,13,7,5,3,10,11,3,6,1,1,0,0,2.6,3.47,4.71,2023-24
SP1,2023-12-08 00:00:00+00:00,getafe,leganes,4,2,h,0,0,d,14,12,3,8,5,11,6,3,1,2,0,0,3.16,3.93,5.79,2023-24
SP1,2023-12-15 00:00:00+00:00,rayo vallecano,real madrid,1,2,h,0,0,d,14,7,4,2,7,13,6,2,4,3,0,0,2.4,3.2,5.85,2023-24
SP1,2023-12-22 00:00:00+00:00,rayo vallecano,barcelona,2,1,h,0,1,a,11,10,6,3,14,5,2,5,2,1,0,0,3.56,3.41,3.04,2023-24
SP1,2023-12-29 00:00:00+00:00,rayo vallecano,atletico madrid,1,2,a,1,0,h,18,4,6,2,15,14,5,4,2,1,0,0,3.27,3.64,2.6,2023-24
SP1,2024-01-05 00:00:00+00:00,rayo vallecano,sevilla,3,2,h,0,0,d,13,12,4,4,11,15,8,5,3,3,0,0,2.46,3.83,3.2,2023-24
SP1,2024-01-12 00:00:00+00:00,rayo vallecano,real sociedad,2,3,a,1,0,h,10,8,5,3,12,26,1,3,3,1,1,0,4.42,3.78,3.53,2023-24
SP1,2024-01-19 00:00:00+00:00,rayo vallecano,villarreal,2,2,d,0,1,a,16,16,9,3,11,17,6,4,5,4,0,0,1.81,2.87,2.28,2023-24
SP1,2024-01-26 00:00:00+00:00,rayo vallecano,athletic club,2,0,h,0,0,d,15,9,4,8,15,8,1,3,2,0,0,0,2.15,3.03,4.41,2023-24
SP1,2024-02-02 00:00:00+00:00,rayo vallecano,valencia,1,1,d,0,0,d,10,11,3,4,15,7,2,3,1,4,0,0,3.35,3.13,3.7,2023-24
SP1,2024-02-09 00:00:00+00:00,rayo vallecano,real betis,2,2,d,1,0,h,14,12,7,4,9,15,6,6,2,1,0,0,3.19,3.4,4.84,2023-24
SP1,2024-02-16 00:00:00+00:00,rayo vallecano,osasuna,4,0,h,1,0,h,11,15,6,3,17,11,9,0,2,1,0,1,2.05,3.81,4.98,2023-24
SP1,2024-02-23 00:00:00+00:00,rayo vallecano,celta vigo,0,2,h,0,0,d,16,16,5,3,14,8,4,5,0,4,0,0,3.66,3.2,5.68,2023-24
SP1,2024-03-01 00:00:00+00:00,rayo vallecano,getafe,0,1,h,0,1,a,15,9,2,5,13,11,4,3,1,1,0,0,3.55,3.85,2.58,2023-24
SP1,2024-03-08 00:00:00+00:00,rayo vallecano,girona,3,0,h,1,0,h,14,12,4,6,18,19,7,4,1,4,0,0,4.09,3.54,4.87,2023-24
SP1,2024-03-15 00:00:00+00:00,rayo vallecano,mallorca,1,0,h,1,0,h,11,10,2,4,15,11,6,3,2,1,0,0,3.41,3.7,4.98,2023-24
SP1,2024-03-22 00:00:00+00:00,rayo vallecano,almeria,0,0,a,0,0,d,12,7,6,3,14,13,4,4,6,2,0,0,2.75,3.35,2.69,2023-24
SP1,2024-03-29 00:00:00+00:00,rayo vallecano,cadiz,1,2,a,1,1,d,12,9,4,3,12,15,6,5,2,1,0,0,2.04,3.83,1.88,2023-24
SP1,2024-04-05 00:00:00+00:00,rayo vallecano,granada,2,2,d,1,1,d,13,7,6,3,16,12,4,5,3,1,0,0,2.52,2.86,2.04,2023-24
SP1,2024-04-12 00:00:00+00:00,rayo vallecano,las palmas,0,1,a,0,0,d,13,10,6,7,14,5,6,2,1,1,0,0,1.53,3.34,4.39,2023-24
SP1,2024-04-19 00:00:00+00:00,rayo vallecano,leganes,2,1,a,2,1,h,11,14,5,3,15,15,10,2,1,1,0,0,3.58,3.53,3.08,2023-24
SP1,2024-04-26 00:00:00+00:00,girona,real madrid,1,1,h,0,0,d,11,9,10,4,9,10,5,7,2,6,0,0,4.27,3.89,3.13,2023-24
SP1,2024-05-03 00:00:00+00:00,girona,barcelona,0,0,a,0,0,d,10,15,6,3,11,16,3,2,0,4,0,0,2.06,4.0,3.55,2023-24
SP1,2024-05-10 00:00:00+00:00,girona,atletico madrid,3,3,d,0,0,d,15,11,10,5,17,11,6,8,1,1,0,0,2.95,3.52,4.61,2023-24
SP1,2024-05-17 00:00:00+00:00,girona,sevilla,0,2,a,0,0,d,12,6,8,3,8,10,7,5,2,1,0,0,1.74,3.55,5.12,2023-24
SP1,2024-05-24 00:00:00+00:00,girona,real sociedad,2,3,a,1,0,h,5,10,7,1,9,8,2,0,5,1,0,0,1.93,3.84,5.11,2023-24
SP1,2023-08-11 00:00:00+00:00,girona,villarreal,1,1,d,1,1,d,19,15,6,8,11,15,11,5,2,0,0,0,2.69,3.74,3.69,2023-24
SP1,2023-08-18 00:00:00+00:00,girona,athletic club,0,2,a,0,0,d,12,14,4,8,14,6,9,2,3,4,0,0,4.21,3.23,4.25,2023-24
SP1,2023-08-25 00:00:00+00:00,girona,valencia,1,4,a,0,1,a,17,9,4,6,15,8,2,4,3,1,0,0,1.5,3.2,4.95,2023-24
SP1,2023-09-01 00:00:00+00:00,girona,real betis,0,2,h,0,1,a,19,15,2,2,12,16,1,6,1,4,0,0,4.09,2.98,3.07,2023-24
SP1,2023-09-08 00:00:00+00:00,girona,osasuna,3,1,h,1,0,h,14,10,5,3,10,12,3,4,2,2,0,0,1.72,3.82,5.18,2023-24
SP1,2023-09-15 00:00:00+00:00,girona,celta vigo,1,1,d,1,0,h,16,12,8,3,11,5,2,2,0,2,0,0,1.8,3.92,3.45,2023-24
SP1,2023-09-22 00:00:00+00:00,girona,getafe,5,0,h,2,0,h,9,9,8,4,15,11,7,3,1,0,0,0,3.98,3.42,4.7,2023-24
SP1,2023-09-29 00:00:00+00:00,girona,rayo vallecano,0,1,h,0,0,d,14,12,8,1,8,11,6,5,4,3,0,0,1.65,3.2,3.45,2023-24
SP1,2023-10-06 00:00:00+00:00,girona,mallorca,0,0,d,0,0,d,11,8,4,4,21,8,6,6,1,1,0,0,2.66,3.06,2.22,2023-24
SP1,2023-10-13 00:00:00+00:00,girona,almeria,0,1,h,0,1,a,15,10,4,3,9,7,2,4,1,1,0,0,3.78,3.0,2.81,2023-24
SP1,2023-10-20 00:00:00+00:00,girona,cadiz,0,1,a,0,0,d,12,12,2,6,12,12,3,4,2,1,0,1,4.01,3.34,3.78,2023-24
SP1,2023-10-27 00:00:00+00:00,girona,granada,3,3,d,2,0,h,15,16,7,4,18,9,4,7,2,0,0,0,3.52,3.32,3.85,2023-24
SP1,2023-11-03 00:00:00+00:00,girona,las palmas,0,0,h,0,0,d,18,15,6,3,13,9,4,3,1,1,0,0,2.43,3.16,4.71,2023-24
SP1,2023-11-10 00:00:00+00:00,girona,leganes,2,0,h,0,0,d,15,11,4,2,19,16,8,1,4,2,0,0,2.41,2.84,2.71,2023-24
SP1,2023-11-17 00:00:00+00:00,mallorca,real madrid,0,4,h,0,1,a,10,5,4,4,12,13,2,3,4,2,0,0,4.13,3.91,4.53,2023-24
SP1,2023-11-24 00:00:00+00:00,mallorca,barcelona,3,0,h,1,0,h,13,14,2,5,10,11,5,4,2,0,0,0,1.63,3.62,5.21,2023-24
SP1,2023-12-01 00:00:00+00:00,mallorca,atletico madrid,0,1,a,0,1,a,21,9,6,8,13,11,5,2,3,1,0,0,3.27,2.8,2.49,2023-24
SP1,2023-12-08 00:00:00+00:00,mallorca,sevilla,3,0,h,0,0,d,12,8,6,8,12,14,8,7,1,4,1,0,4.01,3.58,3.63,2023-24
SP1,2023-12-15 00:00:00+00:00,mallorca,real sociedad,0,0,a,0,0,d,18,11,2,2,6,18,6,9,5,3,0,0,2.33,3.13,3.25,2023-24
SP1,2023-12-22 00:00:00+00:00,mallorca,villarreal,0,1,a,0,0,d,16,8,1,4,6,8,5,1,2,3,0,0,1.99,3.25,2.11,2023-24
SP1,2023-12-29 00:00:00+00:00,mallorca,athletic club,3,0,h,2,0,h,11,11,3,3,13,12,6,4,1,2,0,0,2.25,3.71,4.09,2023-24
SP1,2024-01-05 00:00:00+00:00,mallorca,valencia,1,3,a,1,1,d,14,4,7,1,8,11,6,3,4,1,0,0,4.14,3.68,4.04,2023-24
SP1,2024-01-12 00:00:00+00:00,mallorca,real betis,0,2,a,0,0,d,12,10,4,0,10,16,5,4,2,2,0,0,2.46,3.82,1.86,2023-24
SP1,2024-01-19 00:00:00+00:00,mallorca,osasuna,1,1,a,1,1,d,14,14,3,0,11,13,2,1,3,1,0,0,3.57,3.58,5.74,2023-24
SP1,2024-01-26 00:00:00+00:00,mallorca,celta vigo,0,0,d,0,0,d,13,9,8,7,13,9,6,1,3,1,0,0,1.91,2.91,2.65,2023-24
SP1,2024-02-02 00:00:00+00:00,mallorca,getafe,0,3,a,0,2,a,6,10,1,4,14,13,4,2,2,4,0,0,3.25,3.2,3.7,2023-24
SP1,2024-02-09 00:00:00+00:00,mallorca,rayo vallecano,2,2,d,2,0,h,12,7,3,6,17,14,3,3,1,0,0,0,3.24,3.31,4.38,2023-24
SP1,2024-02-16 00:00:00+00:00,mallorca,girona,2,0,h,0,0,d,11,6,5,4,12,16,4,2,3,4,1,0,2.09,2.99,2.49,2023-24
SP1,2024-02-23 00:00:00+00:00,mallorca,almeria,5,1,h,4,1,h,9,10,5,6,10,11,1,4,2,1,0,0,3.87,3.67,4.51,2023-24
SP1,2024-03-01 00:00:00+00:00,mallorca,cadiz,1,1,h,0,1,a,15,12,7,5,16,11,5,1,4,3,0,0,4.32,3.68,4.5,2023-24
SP1,2024-03-08 00:00:00+00:00,mallorca,granada,3,3,d,1,1,d,19,11,4,3,15,17,5,6,1,2,0,0,1.93,3.88,4.91,2023-24
SP1,2024-03-15 00:00:00+00:00,mallorca,las palmas,2,0,h,0,0,d,9,10,4,4,13,14,5,2,4,3,0,0,2.58,2.92,5.88,2023-24
SP1,2024-03-22 00:00:00+00:00,mallorca,leganes,1,2,a,0,1,a,15,10,6,3,9,16,6,5,2,1,0,0,3.61,3.89,3.74,2023-24
SP1,2024-03-29 00:00:00+00:00,almeria,real madrid,2,1,h,1,0,h,18,7,7,2,3,13,1,7,1,2,0,0,4.36,3.26,5.45,2023-24
SP1,2024-04-05 00:00:00+00:00,almeria,barcelona,5,0,h,2,0,h,11,8,7,5,24,15,2,0,0,2,0,0,3.14,3.87,4.44,2023-24
SP1,2024-04-12 00:00:00+00:00,almeria,atletico madrid,1,1,a,0,0,d,12,12,5,8,16,11,7,2,3,1,0,0,4.0,3.09,4.27,2023-24
SP1,2024-04-19 00:00:00+00:00,almeria,sevilla,1,0,h,0,0,d,21,9,5,4,12,15,7,8,3,2,0,0,3.39,3.55,2.11,2023-24
SP1,2024-04-26 00:00:00+00:00,almeria,real sociedad,1,1,h,1,0,h,7,7,10,4,16,6,3,7,2,0,0,0,2.39,3.81,5.44,2023-24
SP1,2024-05-03 00:00:00+00:00,almeria,villarreal,3,3,a,1,1,d,16,12,8,7,15,12,2,5,0,0,0,0,3.42,3.84,5.29,2023-24
SP1,2024-05-10 00:00:00+00:00,almeria,athletic club,1,1,h,1,0,h,16,7,1,2,8,15,6,1,4,3,0,0,1.57,2.83,4.42,2023-24
SP1,2024-05-17 00:00:00+00:00,almeria,valencia,0,0,d,0,0,d,11,9,7,4,9,9,7,3,1,0,0,0,4.09,3.97,5.84,2023-24
SP1,2024-05-24 00:00:00+00:00,almeria,real betis,2,2,d,0,0,d,6,8,5,1,8,8,1,2,5,0,0,0,3.13,3.93,2.64,2023-24
SP1,2023-08-11 00:00:00+00:00,almeria,osasuna,1,2,a,0,1,a,18,13,3,1,13,12,3,4,0,1,0,0,2.25,3.41,4.65,2023-24
SP1,2023-08-18 00:00:00+00:00,almeria,celta vigo,1,3,a,1,0,h,12,9,4,5,7,17,7,7,4,3,0,0,3.51,3.25,5.61,2023-24
SP1,2023-08-25 00:00:00+00:00,almeria,getafe,0,0,d,0,0,d,16,12,5,2,17,10,4,8,4,1,0,0,2.21,3.88,5.32,2023-24
SP1,2023-09-01 00:00:00+00:00,almeria,rayo vallecano,3,1,h,0,0,d,14,7,3,5,11,12,2,3,6,1,0,0,4.31,3.87,4.28,2023-24
SP1,2023-09-08 00:00:00+00:00,almeria,girona,2,1,a,0,1,a,8,13,2,3,12,18,5,3,1,4,0,0,2.26,3.8,5.48,2023-24
SP1,2023-09-15 00:00:00+00:00,almeria,mallorca,1,1,h,1,1,d,9,4,5,3,11,14,8,4,3,2,1,0,2.63,3.96,2.46,2023-24
SP1,2023-09-22 00:00:00+00:00,almeria,cadiz,1,1,d,1,1,d,9,9,2,1,12,13,9,2,2,1,0,0,2.2,2.85,5.13,2023-24
SP1,2023-09-29 00:00:00+00:00,almeria,granada,3,3,a,0,1,a,10,7,3,5,9,10,6,6,1,2,0,0,2.23,3.75,2.42,2023-24
SP1,2023-10-06 00:00:00+00:00,almeria,las palmas,2,0,h,1,0,h,8,13,4,6,6,15,8,3,1,1,0,0,1.67,3.24,5.28,2023-24
SP1,2023-10-13 00:00:00+00:00,almeria,leganes,1,1,a,1,1,d,8,13,3,5,9,6,2,3,5,1,1,0,2.84,3.28,2.86,2023-24
SP1,2023-10-20 00:00:00+00:00,cadiz,real madrid,1,1,d,1,0,h,11,12,3,5,10,12,4,4,3,2,0,0,2.45,3.39,2.67,2023-24
SP1,2023-10-27 00:00:00+00:00,cadiz,barcelona,1,1,d,1,0,h,13,12,6,0,12,13,7,4,1,0,0,0,1.84,3.64,3.32,2023-24
SP1,2023-11-03 00:00:00+00:00,cadiz,atletico madrid,0,0,h,0,0,d,15,10,6,5,7,9,4,6,2,4,0,0,3.58,3.89,2.99,2023-24
SP1,2023-11-10 00:00:00+00:00,cadiz,sevilla,0,5,a,0,1,a,15,11,8,1,19,12,5,3,2,1,0,0,1.57,3.08,5.1,2023-24
SP1,2023-11-17 00:00:00+00:00,cadiz,real sociedad,0,3,a,0,0,d,18,8,9,1,11,6,4,1,2,1,0,0,3.5,3.85,2.48,2023-24
SP1,2023-11-24 00:00:00+00:00,cadiz,villarreal,0,1,a,0,0,d,12,9,6,7,10,11,4,5,3,4,1,0,4.3,3.89,5.97,2023-24
SP1,2023-12-01 00:00:00+00:00,cadiz,athletic club,2,0,h,0,0,d,10,14,4,6,9,4,4,5,4,0,1,0,3.96,3.96,1.83,2023-24
SP1,2023-12-08 00:00:00+00:00,cadiz,valencia,1,1,a,0,0,d,18,13,6,2,10,13,2,1,0,0,0,0,1.89,3.96,5.11,2023-24
SP1,2023-12-15 00:00:00+00:00,cadiz,real betis,0,1,h,0,0,d,11,12,7,4,20,12,4,2,2,0,0,0,3.9,3.17,2.39,2023-24
SP1,2023-12-22 00:00:00+00:00,cadiz,osasuna,3,1,h,0,0,d,13,16,6,3,11,7,9,3,1,1,0,0,4.1,3.58,3.48,2023-24
SP1,2023-12-29 00:00:00+00:00,cadiz,celta vigo,2,2,d,0,1,a,18,10,3,4,7,10,5,1,2,4,0,0,4.12,3.15,2.04,2023-24
SP1,2024-01-05 00:00:00+00:00,cadiz,getafe,1,2,a,1,0,h,15,8,8,7,13,19,1,4,3,3,0,0,1.87,3.1,2.32,2023-24
SP1,2024-01-12 00:00:00+00:00,cadiz,rayo vallecano,2,1,h,0,0,d,15,13,6,7,9,14,4,3,0,0,0,0,1.91,3.94,4.49,2023-24
SP1,2024-01-19 00:00:00+00:00,cadiz,girona,1,0,a,1,0,h,9,8,2,5,15,17,5,4,2,1,0,0,2.35,3.46,4.71,2023-24
SP1,2024-01-26 00:00:00+00:00,cadiz,mallorca,1,1,h,1,1,d,14,13,7,5,8,3,2,3,4,1,0,1,4.31,3.04,3.7,2023-24
SP1,2024-02-02 00:00:00+00:00,cadiz,almeria,0,0,d,0,0,d,11,8,5,7,6,10,6,3,3,2,0,0,2.11,2.91,4.95,2023-24
SP1,2024-02-09 00:00:00+00:00,cadiz,granada,0,4,a,0,1,a,14,9,5,5,13,15,4,5,0,1,0,0,4.24,2.82,4.49,2023-24
SP1,2024-02-16 00:00:00+00:00,cadiz,las palmas,0,0,d,0,0,d,12,4,5,3,11,11,7,5,1,1,0,0,4.25,3.99,4.64,2023-24
SP1,2024-02-23 00:00:00+00:00,cadiz,leganes,2,0,h,1,0,h,12,10,9,1,12,11,9,1,3,2,1,0,3.97,3.81,1.82,2023-24
SP1,2024-03-01 00:00:00+00:00,granada,real madrid,1,1,d,0,1,a,15,4,0,2,9,11,5,2,0,2,0,0,3.65,3.18,4.16,2023-24
SP1,2024-03-08 00:00:00+00:00,granada,barcelona,1,4,a,1,2,a,12,13,5,0,11,11,8,4,1,1,0,0,2.57,3.75,5.29,2023-24
SP1,2024-03-15 00:00:00+00:00,granada,atletico madrid,1,1,h,1,0,h,21,11,7,2,17,9,6,5,4,1,0,0,3.48,3.87,3.75,2023-24
SP1,2024-03-22 00:00:00+00:00,granada,sevilla,2,2,d,1,1,d,11,13,7,1,14,10,1,5,1,1,0,0,3.55,3.06,3.41,2023-24
SP1,2024-03-29 00:00:00+00:00,granada,real sociedad,0,1,a,0,1,a,12,8,2,3,12,18,3,3,1,1,0,0,4.28,3.06,2.53,2023-24
SP1,2024-04-05 00:00:00+00:00,granada,villarreal,0,2,a,0,1,a,18,5,6,4,11,9,5,3,0,2,0,0,2.57,3.93,2.04,2023-24
SP1,2024-04-12 00:00:00+00:00,granada,athletic club,1,1,d,1,1,d,18,14,6,2,15,8,1,1,1,2,0,0,2.3,3.8,4.11,2023-24
SP1,2024-04-19 00:00:00+00:00,granada,valencia,1,3,a,1,0,h,8,6,4,3,8,15,5,4,1,2,0,0,4.27,3.05,1.96,2023-24
SP1,2024-04-26 00:00:00+00:00,granada,real betis,1,1,h,1,1,d,15,7,6,2,10,19,2,5,2,2,0,0,2.38,2.8,4.6,2023-24
SP1,2024-05-03 00:00:00+00:00,granada,osasuna,1,1,d,0,1,a,12,11,8,5,8,14,2,4,2,2,0,0,2.41,2.96,5.82,2023-24
SP1,2024-05-10 00:00:00+00:00,granada,celta vigo,1,0,h,1,0,h,14,11,2,2,9,14,3,5,1,3,0,0,1.97,3.97,4.6,2023-24
SP1,2024-05-17 00:00:00+00:00,granada,getafe,0,0,d,0,0,d,13,15,5,5,11,14,6,8,3,2,0,0,3.06,3.72,4.18,2023-24
SP1,2024-05-24 00:00:00+00:00,granada,rayo vallecano,3,3,d,1,1,d,8,9,5,5,14,9,4,4,4,2,0,0,2.17,3.65,3.62,2023-24
SP1,2023-08-11 00:00:00+00:00,granada,girona,1,1,d,1,0,h,16,7,6,6,10,15,5,4,3,1,0,0,4.37,3.9,4.78,2023-24
SP1,2023-08-18 00:00:00+00:00,granada,mallorca,1,0,h,0,0,d,19,11,4,8,9,12,4,2,5,1,0,0,1.56,3.6,3.36,2023-24
SP1,2023-08-25 00:00:00+00:00,granada,almeria,2,2,d,2,0,h,11,10,6,2,9,9,2,6,2,2,0,0,2.33,2.81,4.53,2023-24
SP1,2023-09-01 00:00:00+00:00,granada,cadiz,0,0,a,0,0,d,19,9,4,3,12,16,8,3,1,4,0,1,2.93,3.64,3.86,2023-24
SP1,2023-09-08 00:00:00+00:00,granada,las palmas,0,2,a,0,2,a,14,15,9,6,14,15,6,1,1,3,0,0,3.37,3.52,5.13,2023-24
SP1,2023-09-15 00:00:00+00:00,granada,leganes,2,1,h,1,1,d,17,16,7,4,11,15,8,2,1,2,1,0,1.7,3.58,2.66,2023-24
SP1,2023-09-22 00:00:00+00:00,las palmas,real madrid,0,0,d,0,0,d,11,13,7,2,17,14,4,5,2,3,0,0,3.56,2.92,1.88,2023-24
SP1,2023-09-29 00:00:00+00:00,las palmas,barcelona,1,1,h,1,1,d,21,9,6,2,7,8,7,5,2,5,0,1,1.54,3.04,4.64,2023-24
SP1,2023-10-06 00:00:00+00:00,las palmas,atletico madrid,2,2,a,2,0,h,11,10,5,3,10,7,1,2,7,2,0,0,4.19,3.4,2.75,2023-24
SP1,2023-10-13 00:00:00+00:00,las palmas,sevilla,5,2,h,0,2,a,10,15,9,2,13,8,6,6,1,3,0,0,2.75,3.38,2.34,2023-24
SP1,2023-10-20 00:00:00+00:00,las palmas,real sociedad,1,0,h,1,0,h,15,11,7,6,9,12,3,3,1,1,0,0,1.54,3.09,5.21,2023-24
SP1,2023-10-27 00:00:00+00:00,las palmas,villarreal,3,3,d,1,0,h,20,5,1,8,11,10,6,5,2,3,0,0,1.71,3.36,2.48,2023-24
SP1,2023-11-03 00:00:00+00:00,las palmas,athletic club,2,2,d,0,0,d,12,9,4,8,10,10,7,7,4,4,0,0,4.23,3.28,5.15,2023-24
SP1,2023-11-10 00:00:00+00:00,las palmas,valencia,0,0,d,0,0,d,14,10,5,6,12,13,2,2,3,3,0,0,1.5,3.84,5.59,2023-24
SP1,2023-11-17 00:00:00+00:00,las palmas,real betis,0,4,a,0,2,a,8,7,1,2,16,10,2,4,0,3,0,0,3.38,3.96,3.3,2023-24
SP1,2023-11-24 00:00:00+00:00,las palmas,osasuna,3,1,h,0,0,d,9,8,7,2,13,12,3,1,0,3,0,0,3.01,2.88,4.56,2023-24
SP1,2023-12-01 00:00:00+00:00,las palmas,celta vigo,2,2,d,1,1,d,11,13,9,4,17,6,3,5,3,2,0,0,2.68,3.9,3.25,2023-24
SP1,2023-12-08 00:00:00+00:00,las palmas,getafe,3,0,h,3,0,h,13,9,5,2,9,15,4,5,1,1,0,0,4.38,3.67,2.1,2023-24
SP1,2023-12-15 00:00:00+00:00,las palmas,rayo vallecano,1,1,d,0,1,a,12,12,4,3,10,14,6,6,4,2,0,0,2.11,3.53,3.15,2023-24
SP1,2023-12-22 00:00:00+00:00,las palmas,girona,1,1,a,0,1,a,15,7,10,2,14,12,6,2,0,4,0,0,1.59,3.5,3.86,2023-24
SP1,2023-12-29 00:00:00+00:00,las palmas,mallorca,1,0,h,1,0,h,11,9,7,5,13,16,5,3,3,3,0,0,4.02,3.85,5.16,2023-24
SP1,2024-01-05 00:00:00+00:00,las palmas,almeria,1,1,d,0,1,a,13,13,3,4,6,16,5,7,2,2,0,0,1.95,3.11,4.29,2023-24
SP1,2024-01-12 00:00:00+00:00,las palmas,cadiz,1,3,a,0,0,d,8,9,4,1,14,12,8,5,2,1,0,0,3.36,2.85,5.81,2023-24
SP1,2024-01-19 00:00:00+00:00,las palmas,granada,2,0,h,1,0,h,9,9,6,6,16,5,5,3,3,3,0,0,4.27,4.0,5.88,2023-24
SP1,2024-01-26 00:00:00+00:00,las palmas,leganes,0,0,d,0,0,d,17,10,3,2,9,14,3,2,1,2,0,0,2.96,3.86,3.27,2023-24
SP1,2024-02-02 00:00:00+00:00,leganes,real madrid,0,0,d,0,0,d,12,9,2,3,18,8,3,8,1,2,0,0,3.41,2.91,5.96,2023-24
SP1,2024-02-09 00:00:00+00:00,leganes,barcelona,0,2,a,0,0,d,13,9,7,2,18,7,7,4,2,2,0,0,3.22,3.66,5.63,2023-24
SP1,2024-02-16 00:00:00+00:00,leganes,atletico madrid,0,0,h,0,0,d,8,11,5,4,14,16,5,4,2,0,0,1,3.71,3.91,3.32,2023-24
SP1,2024-02-23 00:00:00+00:00,leganes,sevilla,1,0,h,1,0,h,18,6,4,7,12,7,6,3,3,3,0,0,1.61,3.23,5.3,2023-24
SP1,2024-03-01 00:00:00+00:00,leganes,real sociedad,3,0,h,0,0,d,15,10,10,6,12,12,5,3,3,6,0,0,1.82,3.1,5.47,2023-24
SP1,2024-03-08 00:00:00+00:00,leganes,villarreal,0,2,a,0,1,a,11,8,6,5,14,9,6,9,0,1,0,0,1.53,3.79,2.99,2023-24
SP1,2024-03-15 00:00:00+00:00,leganes,athletic club,3,0,h,0,0,d,11,10,2,7,19,12,5,3,4,3,0,1,3.77,2.82,4.79,2023-24
SP1,2024-03-22 00:00:00+00:00,leganes,valencia,3,0,h,1,0,h,21,5,7,3,7,7,4,6,0,2,0,0,2.3,3.32,5.47,2023-24
SP1,2024-03-29 00:00:00+00:00,leganes,real betis,1,0,a,1,0,h,15,11,5,8,11,9,3,4,1,3,0,0,3.88,3.39,5.26,2023-24
SP1,2024-04-05 00:00:00+00:00,leganes,osasuna,1,1,a,1,0,h,11,9,6,2,11,14,6,4,3,4,0,0,1.53,3.2,4.86,2023-24
SP1,2024-04-12 00:00:00+00:00,leganes,celta vigo,1,2,h,1,0,h,12,3,2,3,8,19,2,5,2,0,0,0,2.59,3.02,5.4,2023-24
SP1,2024-04-19 00:00:00+00:00,leganes,getafe,0,0,d,0,0,d,16,18,6,3,19,13,5,5,3,2,0,0,1.77,3.08,5.31,2023-24
SP1,2024-04-26 00:00:00+00:00,leganes,rayo vallecano,1,1,d,0,0,d,15,17,5,2,11,10,2,3,0,0,0,0,4.47,3.73,5.24,2023-24
SP1,2024-05-03 00:00:00+00:00,leganes,girona,1,0,h,0,0,d,13,7,5,5,7,10,4,3,2,1,0,0,3.9,3.94,2.54,2023-24
SP1,2024-05-10 00:00:00+00:00,leganes,mallorca,0,0,h,0,0,d,19,11,4,4,7,7,5,4,1,6,0,0,4.2,3.5,2.6,2023-24
SP1,2024-05-17 00:00:00+00:00,leganes,almeria,1,1,h,1,0,h,14,6,1,5,12,12,3,3,2,5,0,0,2.37,3.36,2.53,2023-24
SP1,2024-05-24 00:00:00+00:00,leganes,cadiz,3,0,h,0,0,d,20,14,5,2,13,10,6,3,3,1,0,0,2.24,3.13,3.51,2023-24
SP1,2023-08-11 00:00:00+00:00,leganes,granada,2,1,h,0,1,a,11,7,4,5,9,12,5,4,2,1,0,0,3.07,3.49,3.13,2023-24
SP1,2023-08-18 00:00:00+00:00,leganes,las palmas,0,0,h,0,0,d,12,7,7,3,16,11,6,4,2,3,0,0,2.56,3.14,5.67,2023-24
SP1,2024-08-15 00:00:00+00:00,real madrid,barcelona,0,2,a,0,1,a,12,12,6,2,8,9,11,4,3,1,0,0,1.52,3.4,3.43,2024-25
SP1,2024-08-22 00:00:00+00:00,real madrid,atletico madrid,4,1,a,0,0,d,16,16,6,1,7,10,4,7,3,0,0,0,2.14,3.84,2.04,2024-25
SP1,2024-08-29 00:00:00+00:00,real madrid,sevilla,1,1,d,1,1,d,14,12,8,2,20,16,4,6,5,2,0,0,1.74,3.99,2.22,2024-25
SP1,2024-09-05 00:00:00+00:00,real madrid,real sociedad,1,3,a,1,0,h,13,9,4,3,15,22,3,2,2,1,0,0,1.59,3.3,1.96,2024-25
SP1,2024-09-12 00:00:00+00:00,real madrid,villarreal,1,1,h,0,1,a,21,11,5,2,11,13,6,6,3,0,0,1,4.49,2.81,2.92,2024-25
SP1,2024-09-19 00:00:00+00:00,real madrid,athletic club,2,1,h,0,1,a,8,12,5,3,18,9,4,5,4,4,0,0,2.19,3.89,2.08,2024-25
SP1,2024-09-26 00:00:00+00:00,real madrid,valencia,5,0,h,1,0,h,18,14,8,4,16,7,6,4,1,2,0,0,2.11,3.66,2.79,2024-25
SP1,2024-10-03 00:00:00+00:00,real madrid,real betis,0,0,a,0,0,d,10,13,2,6,16,12,5,0,3,1,0,0,2.81,3.88,5.6,2024-25
SP1,2024-10-10 00:00:00+00:00,real madrid,osasuna,1,0,h,1,0,h,9,13,6,7,13,7,2,7,3,2,0,0,1.71,2.86,2.11,2024-25
SP1,2024-10-17 00:00:00+00:00,real madrid,celta vigo,1,1,a,0,1,a,13,10,3,8,9,14,6,3,3,1,0,0,2.11,2.83,2.94,2024-25
SP1,2024-10-24 00:00:00+00:00,real madrid,getafe,1,0,h,1,0,h,7,15,6,8,17,8,3,8,1,2,0,1,1.57,2.94,2.42,2024-25
SP1,2024-10-31 00:00:00+00:00,real madrid,rayo vallecano,5,2,h,2,0,h,18,11,5,3,7,9,5,4,0,5,0,0,2.12,2.82,3.55,2024-25
SP1,2024-11-07 00:00:00+00:00,real madrid,girona,2,1,h,0,1,a,15,11,4,7,7,8,2,6,1,1,0,0,1.7,3.3,2.74,2024-25
SP1,2024-11-14 00:00:00+00:00,real madrid,mallorca,2,0,h,0,0,d,9,10,3,2,12,16,8,3,3,3,0,0,3.38,3.9,3.09,2024-25
SP1,2024-11-21 00:00:00+00:00,real madrid,almeria,2,1,h,0,0,d,12,11,5,6,9,6,2,3,1,2,0,0,4.06,2.8,2.51,2024-25
SP1,2024-11-28 00:00:00+00:00,real madrid,cadiz,0,0,d,0,0,d,12,7,6,4,10,9,5,3,1,1,0,2,2.73,3.75,3.14,2024-25
SP1,2024-12-05 00:00:00+00:00,real madrid,granada,2,0,h,0,0,d,10,18,8,4,11,13,5,5,1,2,0,0,2.14,3.76,5.99,2024-25
SP1,2024-12-12 00:00:00+00:00,real madrid,las palmas,2,3,h,1,0,h,10,11,2,7,13,18,4,8,2,3,0,0,2.05,3.22,4.91,2024-25
SP1,2024-12-19 00:00:00+00:00,real madrid,leganes,1,2,a,0,2,a,11,5,4,0,19,15,2,8,4,1,0,0,3.74,3.85,2.88,2024-25
SP1,2024-12-26 00:00:00+00:00,barcelona,real madrid,1,1,d,1,1,d,9,8,3,2,11,8,8,6,0,2,0,0,2.01,3.78,2.01,2024-25
SP1,2025-01-02 00:00:00+00:00,barcelona,atletico madrid,0,3,a,0,0,d,10,12,8,8,8,5,4,0,1,2,0,0,3.29,2.83,2.71,2024-25
SP1,2025-01-09 00:00:00+00:00,barcelona,sevilla,2,0,h,1,0,h,11,4,4,1,12,14,3,5,2,1,0,1,2.41,3.69,2.62,2024-25
SP1,2025-01-16 00:00:00+00:00,barcelona,real sociedad,3,0,h,0,0,d,12,8,3,3,10,7,3,4,1,0,0,0,3.13,3.41,2.2,2024-25
SP1,2025-01-23 00:00:00+00:00,barcelona,villarreal,2,2,a,2,1,h,11,16,4,2,18,10,8,6,3,4,0,0,2.91,3.59,3.84,2024-25
SP1,2025-01-30 00:00:00+00:00,barcelona,athletic club,0,0,h,0,0,d,21,5,6,4,11,10,5,1,2,4,0,0,3.24,3.16,4.68,2024-25
SP1,2025-02-06 00:00:00+00:00,barcelona,valencia,0,2,h,0,0,d,15,11,5,3,13,14,5,5,3,5,1,0,4.02,3.88,2.35,2024-25
SP1,2025-02-13 00:00:00+00:00,barcelona,real betis,0,1,h,0,0,d,12,11,4,2,16,13,8,6,2,2,0,0,2.98,3.15,3.93,2024-25
SP1,2025-02-20 00:00:00+00:00,barcelona,osasuna,0,3,h,0,1,a,19,10,6,4,7,11,6,1,2,2,0,0,4.17,2.91,2.18,2024-25
SP1,2025-02-27 00:00:00+00:00,barcelona,celta vigo,1,0,h,0,0,d,18,9,9,5,13,8,4,2,2,1,0,0,4.1,3.87,4.38,2024-25
SP1,2025-03-06 00:00:00+00:00,barcelona,getafe,1,0,h,0,0,d,10,8,4,1,14,17,8,6,1,2,0,0,4.36,3.0,3.29,2024-25
SP1,2025-03-13 00:00:00+00:00,barcelona,rayo vallecano,1,1,d,0,0,d,13,11,5,2,8,15,4,7,2,4,0,0,3.69,3.4,4.32,2024-25
SP1,2025-03-20 00:00:00+00:00,barcelona,girona,2,0,h,0,0,d,12,11,2,3,7,12,7,6,3,1,0,0,3.3,3.47,2.72,2024-25
SP1,2025-03-27 00:00:00+00:00,barcelona,mallorca,0,0,d,0,0,d,12,17,2,4,11,15,10,3,1,2,0,0,4.04,3.48,2.57,2024-25
SP1,2025-04-03 00:00:00+00:00,barcelona,almeria,4,1,h,0,0,d,11,8,10,4,13,10,6,10,1,6,0,0,3.5,3.27,4.99,2024-25
SP1,2025-04-10 00:00:00+00:00,barcelona,cadiz,1,1,h,1,0,h,16,10,5,4,10,10,6,6,3,1,0,0,3.6,3.75,5.44,2024-25
SP1,2025-04-17 00:00:00+00:00,barcelona,granada,1,1,d,0,1,a,13,6,2,2,10,15,7,7,1,4,0,0,3.65,3.75,4.34,2024-25
SP1,2025-04-24 00:00:00+00:00,barcelona,las palmas,2,0,h,1,0,h,7,10,3,5,15,11,3,1,2,2,0,0,3.64,3.54,3.85,2024-25
SP1,2025-05-01 00:00:00+00:00,barcelona,leganes,1,0,h,1,0,h,11,9,6,5,10,16,4,5,2,2,0,0,2.64,3.14,2.18,2024-25
SP1,2025-05-08 00:00:00+00:00,atletico madrid,real madrid,3,2,h,1,1,d,13,14,4,6,15,13,8,4,1,1,0,0,4.35,3.52,1.91,2024-25
SP1,2025-05-15 00:00:00+00:00,atletico madrid,barcelona,3,0,h,1,0,h,11,6,9,5,14,18,4,9,3,4,0,1,4.33,3.98,5.74,2024-25
SP1,2025-05-22 00:00:00+00:00,atletico madrid,sevilla,0,0,d,0,0,d,20,9,9,2,11,17,2,6,3,2,0,0,4.45,2.81,3.4,2024-25
SP1,2024-08-15 00:00:00+00:00,atletico madrid,real sociedad,3,1,h,0,0,d,14,7,2,6,15,20,5,3,3,1,1,0,3.43,3.39,2.45,2024-25
SP1,2024-08-22 00:00:00+00:00,atletico madrid,villarreal,3,1,h,2,1,h,13,11,6,4,11,11,10,6,1,4,0,1,2.39,3.18,4.79,2024-25
SP1,2024-08-29 00:00:00+00:00,atletico madrid,athletic club,1,1,d,0,0,d,11,5,4,6,11,6,5,5,2,1,0,0,1.74,3.61,2.7,2024-25
SP1,2024-09-05 00:00:00+00:00,atletico madrid,valencia,2,0,a,1,0,h,10,10,4,4,11,10,5,6,1,0,0,0,2.22,3.51,4.06,2024-25
SP1,2024-09-12 00:00:00+00:00,atletico madrid,real betis,4,4,d,1,1,d,20,13,4,6,20,9,5,3,3,1,0,0,3.39,3.72,4.82,2024-25
SP1,2024-09-19 00:00:00+00:00,atletico madrid,osasuna,2,1,a,0,0,d,15,13,6,8,15,13,4,5,2,3,0,0,2.35,3.06,4.14,2024-25
SP1,2024-09-26 00:00:00+00:00,atletico madrid,celta vigo,1,1,d,0,0,d,12,9,2,5,12,11,2,1,0,3,0,0,4.31,3.66,3.82,2024-25
SP1,2024-10-03 00:00:00+00:00,atletico madrid,getafe,0,2,a,0,0,d,14,10,4,3,12,13,6,1,3,4,0,0,3.37,3.15,3.01,2024-25
SP1,2024-10-10 00:00:00+00:00,atletico madrid,rayo vallecano,1,1,d,0,1,a,11,5,3,3,10,11,5,4,2,1,0,0,1.75,2.88,4.73,2024-25
SP1,2024-10-17 00:00:00+00:00,atletico madrid,girona,3,0,h,1,0,h,14,7,6,4,13,14,6,6,1,3,0,0,2.5,3.95,2.74,2024-25
SP1,2024-10-24 00:00:00+00:00,atletico madrid,mallorca,3,1,h,1,1,d,14,8,5,6,9,8,8,4,7,7,0,0,2.55,3.62,4.93,2024-25
SP1,2024-10-31 00:00:00+00:00,atletico madrid,almeria,1,2,h,0,0,d,17,7,2,4,10,18,5,6,3,1,0,0,3.15,3.96,4.74,2024-25
SP1,2024-11-07 00:00:00+00:00,atletico madrid,cadiz,3,3,h,1,0,h,12,14,7,3,13,15,2,4,2,3,1,0,3.91,3.29,5.49,2024-25
SP1,2024-11-14 00:00:00+00:00,atletico madrid,granada,0,2,a,0,0,d,15,7,4,1,12,3,5,4,1,1,0,0,2.84,3.73,2.93,2024-25
SP1,2024-11-21 00:00:00+00:00,atletico madrid,las palmas,2,0,h,1,0,h,19,9,4,3,14,10,6,2,1,5,0,0,1.66,3.38,5.31,2024-25
SP1,2024-11-28 00:00:00+00:00,atletico madrid,leganes,2,2,h,0,1,a,14,6,2,7,12,12,5,7,1,3,0,1,4.18,3.02,3.8,2024-25
SP1,2024-12-05 00:00:00+00:00,sevilla,real madrid,3,2,h,0,1,a,13,8,7,4,12,9,9,2,2,0,0,0,3.43,3.23,2.26,2024-25
SP1,2024-12-12 00:00:00+00:00,sevilla,barcelona,1,1,d,1,0,h,14,10,0,4,8,12,5,4,3,1,0,0,3.51,3.88,5.05,2024-25
SP1,2024-12-19 00:00:00+00:00,sevilla,atletico madrid,2,2,d,2,0,h,9,8,4,5,11,10,6,9,1,3,0,0,2.03,3.05,3.49,2024-25
SP1,2024-12-26 00:00:00+00:00,sevilla,real sociedad,2,2,a,1,0,h,12,12,3,4,10,15,11,3,2,2,1,0,3.64,2.99,4.98,2024-25
SP1,2025-01-02 00:00:00+00:00,sevilla,villarreal,2,0,h,1,0,h,8,11,3,0,18,17,2,1,2,1,0,0,3.7,3.45,3.54,2024-25
SP1,2025-01-09 00:00:00+00:00,sevilla,athletic club,1,2,h,0,1,a,16,8,4,6,7,12,3,5,3,2,0,2,2.15,3.99,4.04,2024-25
SP1,2025-01-16 00:00:00+00:00,sevilla,valencia,1,1,d,1,0,h,12,7,8,5,14,8,5,4,3,2,0,0,4.37,3.69,4.4,2024-25
SP1,2025-01-23 00:00:00+00:00,sevilla,real betis,1,1,d,1,0,h,14,9,3,3,10,13,6,0,2,2,0,0,3.36,3.6,2.41,2024-25
SP1,2025-01-30 00:00:00+00:00,sevilla,osasuna,3,0,h,0,0,d,9,9,10,4,10,11,5,2,2,7,1,0,4.2,3.39,3.4,2024-25
SP1,2025-02-06 00:00:00+00:00,sevilla,celta vigo,1,1,d,1,1,d,14,12,3,3,18,13,2,3,0,3,0,0,2.62,3.92,3.22,2024-25
SP1,2025-02-13 00:00:00+00:00,sevilla,getafe,1,0,a,1,0,h,15,10,4,6,15,9,5,7,4,1,0,0,2.44,3.97,4.42,2024-25
SP1,2025-02-20 00:00:00+00:00,sevilla,rayo vallecano,0,0,a,0,0,d,13,6,3,0,13,13,5,2,2,4,0,0,1.62,3.26,3.97,2024-25
SP1,2025-02-27 00:00:00+00:00,sevilla,girona,5,2,a,1,1,d,14,12,3,7,19,7,2,3,0,2,0,0,2.46,3.9,2.32,2024-25
SP1,2025-03-06 00:00:00+00:00,sevilla,mallorca,0,0,d,0,0,d,12,10,7,6,10,3,7,2,0,1,0,0,2.07,3.53,1.89,2024-25
SP1,2025-03-13 00:00:00+00:00,sevilla,almeria,0,0,d,0,0,d,12,7,7,5,10,11,3,2,1,0,0,0,2.89,3.63,3.82,2024-25
SP1,2025-03-20 00:00:00+00:00,sevilla,cadiz,3,1,h,3,1,h,13,10,4,3,7,13,3,4,2,0,0,0,2.91,2.81,4.85,2024-25
SP1,2025-03-27 00:00:00+00:00,sevilla,granada,4,0,h,0,0,d,11,7,4,7,19,11,6,6,2,0,0,1,2.04,3.65,4.45,2024-25
SP1,2025-04-03 00:00:00+00:00,sevilla,las palmas,0,0,d,0,0,d,16,13,4,2,8,10,5,5,2,2,0,0,2.01,3.3,2.67,2024-25
SP1,2025-04-10 00:00:00+00:00,sevilla,leganes,3,1,h,0,1,a,10,8,3,3,8,15,5,2,5,0,0,0,2.89,3.8,5.56,2024-25
SP1,2025-04-17 00:00:00+00:00,real sociedad,real madrid,1,1,d,1,0,h,14,9,6,3,7,12,4,3,4,1,0,0,2.56,3.79,5.82,2024-25
SP1,2025-04-24 00:00:00+00:00,real sociedad,barcelona,3,1,h,2,1,h,21,8,3,6,12,11,3,6,1,4,0,0,4.02,3.49,4.17,2024-25
SP1,2025-05-01 00:00:00+00:00,real sociedad,atletico madrid,1,1,h,1,1,d,10,13,4,3,13,13,5,2,2,3,0,0,2.55,2.89,5.18,2024-25
SP1,2025-05-08 00:00:00+00:00,real sociedad,sevilla,4,0,h,0,0,d,11,3,3,2,17,12,4,4,0,3,0,0,1.54,3.32,5.54,2024-25
SP1,2025-05-15 00:00:00+00:00,real sociedad,villarreal,0,0,d,0,0,d,8,7,7,4,18,8,4,1,5,1,0,0,2.31,3.81,5.48,2024-25
SP1,2025-05-22 00:00:00+00:00,real sociedad,athletic club,1,1,d,1,0,h,14,8,6,3,12,11,3,2,2,4,0,1,4.09,3.26,5.35,2024-25
SP1,2024-08-15 00:00:00+00:00,real sociedad,valencia,3,1,h,0,0,d,13,13,2,5,9,14,4,6,0,2,0,0,4.47,3.22,5.08,2024-25
SP1,2024-08-22 00:00:00+00:00,real sociedad,real betis,0,1,h,0,1,a,9,6,4,6,9,15,4,6,0,3,0,0,2.78,2.83,2.77,2024-25
SP1,2024-08-29 00:00:00+00:00,real sociedad,osasuna,0,2,a,0,1,a,12,5,5,5,13,14,4,5,2,1,0,0,2.45,3.83,5.93,2024-25
SP1,2024-09-05 00:00:00+00:00,real sociedad,celta vigo,3,1,a,0,1,a,8,10,5,3,6,10,7,4,4,1,0,0,4.21,3.52,5.1,2024-25
SP1,2024-09-12 00:00:00+00:00,real sociedad,getafe,1,1,h,0,1,a,8,8,7,8,16,11,4,2,2,0,0,0,3.07,3.0,2.56,2024-25
SP1,2024-09-19 00:00:00+00:00,real sociedad,rayo vallecano,4,2,h,0,0,d,13,9,7,6,10,11,11,1,3,4,1,0,2.02,3.35,4.56,2024-25
SP1,2024-09-26 00:00:00+00:00,real sociedad,girona,2,0,h,2,0,h,10,13,7,2,11,5,7,7,1,7,0,0,4.08,3.54,2.99,2024-25
SP1,2024-10-03 00:00:00+00:00,real sociedad,mallorca,2,0,h,0,0,d,12,9,5,2,8,15,8,1,0,0,0,0,3.27,3.85,4.01,2024-25
SP1,2024-10-10 00:00:00+00:00,real sociedad,almeria,0,5,a,0,1,a,15,15,12,7,16,15,4,5,1,0,0,0,1.57,3.39,2.13,2024-25
SP1,2024-10-17 00:00:00+00:00,real sociedad,cadiz,1,2,h,0,1,a,19,7,1,5,6,13,7,4,1,2,1,0,1.6,3.26,4.89,2024-25
SP1,2024-10-24 00:00:00+00:00,real sociedad,granada,3,1,h,1,0,h,12,8,9,6,12,8,6,3,1,2,0,0,4.02,2.98,4.64,2024-25
SP1,2024-10-31 00:00:00+00:00,real sociedad,las palmas,2,1,h,0,0,d,15,11,4,4,11,15,8,8,3,0,0,0,3.28,2.96,2.34,2024-25
SP1,2024-11-07 00:00:00+00:00,real sociedad,leganes,0,0,a,0,0,d,10,16,2,4,8,9,6,3,2,1,0,0,2.48,3.39,3.74,2024-25
SP1,2024-11-14 00:00:00+00:00,villarreal,real madrid,0,0,d,0,0,d,5,10,10,4,15,12,10,6,1,0,0,1,3.48,3.34,1.96,2024-25
SP1,2024-11-21 00:00:00+00:00,villarreal,barcelona,0,0,a,0,0,d,11,6,2,5,9,15,6,5,2,0,0,0,1.8,2.95,5.97,2024-25
SP1,2024-11-28 00:00:00+00:00,villarreal,atletico madrid,4,2,h,1,1,d,15,11,10,3,7,11,6,9,1,0,0,1,3.02,3.47,2.27,2024-25
SP1,2024-12-05 00:00:00+00:00,villarreal,sevilla,0,1,h,0,1,a,11,10,2,5,13,12,6,3,5,2,0,0,2.02,3.19,3.58,2024-25
SP1,2024-12-12 00:00:00+00:00,villarreal,real sociedad,0,1,a,0,0,d,18,11,10,4,10,14,5,1,3,1,0,0,1.76,3.52,3.37,2024-25
SP1,2024-12-19 00:00:00+00:00,villarreal,athletic club,1,1,h,0,1,a,7,10,9,2,15,12,4,4,2,1,0,0,1.61,3.32,2.95,2024-25
SP1,2024-12-26 00:00:00+00:00,villarreal,valencia,0,0,d,0,0,d,11,14,10,7,12,8,6,4,2,1,0,0,3.24,2.97,3.29,2024-25
SP1,2025-01-02 00:00:00+00:00,villarreal,real betis,1,2,a,0,0,d,13,18,3,1,10,15,5,4,4,1,0,0,2.6,2.8,3.19,2024-25
SP1,2025-01-09 00:00:00+00:00,villarreal,osasuna,0,0,d,0,0,d,12,13,0,0,12,8,6,6,3,3,0,0,2.56,3.86,2.86,2024-25
SP1,2025-01-16 00:00:00+00:00,villarreal,celta vigo,0,0,d,0,0,d,14,14,5,8,14,10,6,1,3,2,0,1,2.71,2.83,3.72,2024-25
SP1,2025-01-23 00:00:00+00:00,villarreal,getafe,5,2,h,0,2,a,12,8,7,4,9,17,4,8,1,2,0,0,4.42,3.59,4.99,2024-25
SP1,2025-01-30 00:00:00+00:00,villarreal,rayo vallecano,1,1,h,1,0,h,11,17,3,4,11,10,5,1,2,1,1,0,4.5,3.48,2.28,2024-25
SP1,2025-02-06 00:00:00+00:00,villarreal,girona,1,1,d,0,0,d,14,10,5,7,17,6,5,5,3,1,0,0,3.73,3.2,2.72,2024-25
SP1,2025-02-13 00:00:00+00:00,villarreal,mallorca,0,0,h,0,0,d,15,7,5,2,12,17,3,3,4,5,0,0,2.4,3.28,5.22,2024-25
SP1,2025-02-20 00:00:00+00:00,villarreal,almeria,1,3,h,1,1,d,9,7,3,2,7,12,7,3,4,2,0,0,3.96,3.21,1.95,2024-25
SP1,2025-02-27 00:00:00+00:00,villarreal,cadiz,1,0,h,1,0,h,18,5,5,3,9,13,5,2,1,4,0,0,2.48,3.31,2.3,2024-25
SP1,2025-03-06 00:00:00+00:00,villarreal,granada,1,2,h,0,1,a,13,6,3,1,14,12,3,3,2,4,0,0,2.68,3.46,3.64,2024-25
SP1,2025-03-13 00:00:00+00:00,villarreal,las palmas,1,2,a,1,0,h,14,6,7,2,12,15,7,2,4,5,0,0,4.38,3.52,5.79,2024-25
SP1,2025-03-20 00:00:00+00:00,villarreal,leganes,1,2,h,1,1,d,10,7,2,6,8,13,3,0,2,2,0,0,3.99,3.84,1.86,2024-25
SP1,2025-03-27 00:00:00+00:00,athletic club,real madrid,0,0,d,0,0,d,18,13,4,2,16,12,3,2,3,3,0,0,3.07,3.56,4.96,2024-25
SP1,2025-04-03 00:00:00+00:00,athletic club,barcelona,0,0,d,0,0,d,12,8,4,1,14,13,7,4,3,2,0,0,2.7,3.23,3.13,2024-25
SP1,2025-04-10 00:00:00+00:00,athletic club,atletico madrid,1,1,d,1,1,d,17,5,7,6,15,11,8,3,2,4,0,0,1.94,3.9,3.93,2024-25
SP1,2025-04-17 00:00:00+00:00,athletic club,sevilla,0,2,a,0,1,a,13,12,4,5,13,11,6,5,2,3,0,0,3.5,2.96,4.29,2024-25
SP1,2025-04-24 00:00:00+00:00,athletic club,real sociedad,2,2,d,1,1,d,12,6,3,3,11,12,6,1,1,4,1,0,2.85,3.66,5.29,2024-25
SP1,2025-05-01 00:00:00+00:00,athletic club,villarreal,2,2,d,0,0,d,14,12,6,4,18,8,6,5,2,0,1,0,3.96,3.04,5.59,2024-25
SP1,2025-05-08 00:00:00+00:00,athletic club,valencia,0,3,a,0,2,a,8,7,10,1,7,7,10,7,3,4,0,0,3.62,3.06,4.9,2024-25
SP1,2025-05-15 00:00:00+00:00,athletic club,real betis,0,0,d,0,0,d,15,10,5,6,15,10,4,7,2,4,0,0,1.92,2.91,2.03,2024-25
SP1,2025-05-22 00:00:00+00:00,athletic club,osasuna,1,1,h,0,0,d,11,14,8,6,10,9,2,7,0,1,0,0,1.61,3.86,4.99,2024-25
SP1,2024-08-15 00:00:00+00:00,athletic club,celta vigo,3,0,h,0,0,d,12,11,4,3,12,13,9,5,2,2,0,0,3.9,3.02,4.57,2024-25
SP1,2024-08-22 00:00:00+00:00,athletic club,getafe,1,1,a,0,1,a,8,14,3,3,14,14,5,6,4,3,0,0,4.31,3.3,3.6,2024-25
SP1,2024-08-29 00:00:00+00:00,athletic club,rayo vallecano,1,0,h,0,0,d,9,3,3,1,9,19,5,4,0,2,1,0,1.99,2.9,5.03,2024-25
SP1,2024-09-05 00:00:00+00:00,athletic club,girona,2,2,d,1,0,h,13,7,4,6,6,16,3,2,0,4,0,0,1.55,3.31,2.42,2024-25
SP1,2024-09-12 00:00:00+00:00,athletic club,mallorca,2,3,a,1,1,d,16,8,6,7,11,14,4,5,2,1,0,0,3.75,3.09,3.71,2024-25
SP1,2024-09-19 00:00:00+00:00,athletic club,almeria,2,1,h,0,1,a,21,10,4,5,8,9,5,5,1,1,0,0,2.36,3.99,2.8,2024-25
SP1,2024-09-26 00:00:00+00:00,athletic club,cadiz,4,2,h,0,1,a,16,9,5,1,15,8,3,2,2,4,0,0,2.37,3.61,3.09,2024-25
SP1,2024-10-03 00:00:00+00:00,athletic club,granada,4,2,h,1,1,d,17,11,6,7,13,8,2,5,2,3,0,0,3.83,3.1,5.09,2024-25
SP1,2024-10-10 00:00:00+00:00,athletic club,las palmas,4,1,h,1,0,h,11,10,4,6,13,6,5,8,0,5,0,0,1.59,3.06,2.12,2024-25
SP1,2024-10-17 00:00:00+00:00,athletic club,leganes,0,0,d,0,0,d,15,11,8,1,10,18,3,4,1,2,0,0,4.46,2.88,2.55,2024-25
SP1,2024-10-24 00:00:00+00:00,valencia,real madrid,0,3,a,0,0,d,17,11,4,6,14,15,3,6,2,2,0,0,3.63,3.52,5.83,2024-25
SP1,2024-10-31 00:00:00+00:00,valencia,barcelona,0,2,a,0,2,a,16,12,7,1,14,10,3,4,2,3,0,0,3.11,3.3,2.79,2024-25
SP1,2024-11-07 00:00:00+00:00,valencia,atletico madrid,1,0,h,0,0,d,9,9,7,4,21,12,4,4,1,3,0,0,4.02,3.26,5.34,2024-25
SP1,2024-11-14 00:00:00+00:00,valencia,sevilla,0,3,a,0,2,a,14,7,4,2,5,11,4,2,1,0,1,0,3.09,3.25,2.95,2024-25
SP1,2024-11-21 00:00:00+00:00,valencia,real sociedad,2,2,d,1,1,d,12,6,2,3,12,10,5,4,3,5,0,0,2.07,3.04,2.8,2024-25
SP1,2024-11-28 00:00:00+00:00,valencia,villarreal,0,1,a,0,1,a,13,14,5,5,14,11,4,2,1,1,1,1,2.73,3.88,4.32,2024-25
SP1,2024-12-05 00:00:00+00:00,valencia,athletic club,1,1,d,1,1,d,13,12,4,1,13,6,2,4,0,1,0,0,4.49,3.15,3.02,2024-25
SP1,2024-12-12 00:00:00+00:00,valencia,real betis,1,0,h,0,0,d,11,10,3,1,17,14,3,3,1,5,0,0,4.13,3.88,4.17,2024-25
SP1,2024-12-19 00:00:00+00:00,valencia,osasuna,0,0,d,0,0,d,12,7,4,8,18,7,1,4,0,3,0,0,3.13,3.98,3.84,2024-25
SP1,2024-12-26 00:00:00+00:00,valencia,celta vigo,2,0,h,0,0,d,8,16,6,4,11,17,4,2,1,4,0,0,3.85,3.34,2.79,2024-25
SP1,2025-01-02 00:00:00+00:00,valencia,getafe,1,1,h,1,1,d,9,9,3,2,13,15,2,0,1,0,0,0,2.91,3.99,2.3,2024-25
SP1,2025-01-09 00:00:00+00:00,valencia,rayo vallecano,4,4,h,2,3,a,9,11,6,1,12,12,5,2,3,2,0,0,2.29,3.77,3.4,2024-25
SP1,2025-01-16 00:00:00+00:00,valencia,girona,1,0,h,1,0,h,13,5,5,3,13,13,8,11,1,1,0,0,2.06,3.23,4.46,2024-25
SP1,2025-01-23 00:00:00+00:00,valencia,mallorca,2,0,h,0,0,d,21,11,6,3,9,6,5,2,2,6,0,0,1.6,3.04,3.42,2024-25
SP1,2025-01-30 00:00:00+00:00,valencia,almeria,2,1,h,0,1,a,14,14,6,5,14,5,4,5,2,1,0,1,1.74,3.03,2.91,2024-25
SP1,2025-02-06 00:00:00+00:00,valencia,cadiz,0,0,d,0,0,d,13,13,5,4,8,13,6,3,2,3,1,0,1.5,2.9,2.96,2024-25
SP1,2025-02-13 00:00:00+00:00,valencia,granada,2,0,h,0,0,d,14,11,4,4,7,9,4,6,6,0,0,0,3.47,3.4,2.41,2024-25
SP1,2025-02-20 00:00:00+00:00,valencia,las palmas,2,0,h,1,0,h,12,14,5,2,15,15,6,4,2,1,0,0,4.03,3.94,2.8,2024-25
SP1,2025-02-27 00:00:00+00:00,valencia,leganes,1,1,a,1,0,h,12,12,3,3,11,9,4,6,2,1,0,1,2.75,3.78,5.61,2024-25
SP1,2025-03-06 00:00:00+00:00,real betis,real madrid,0,4,a,0,1,a,10,8,2,3,8,13,4,5,1,2,0,0,3.58,3.73,2.18,2024-25
SP1,2025-03-13 00:00:00+00:00,real betis,barcelona,3,3,d,0,0,d,10,12,1,2,15,14,5,9,1,0,0,0,3.03,2.84,2.76,2024-25
SP1,2025-03-20 00:00:00+00:00,real betis,atletico madrid,2,1,a,0,1,a,13,8,4,5,16,9,4,7,3,1,0,0,1.81,2.9,3.05,2024-25
SP1,2025-03-27 00:00:00+00:00,real betis,sevilla,3,1,h,1,1,d,15,10,5,2,13,16,4,6,2,1,0,0,4.18,3.37,3.57,2024-25
SP1,2025-04-03 00:00:00+00:00,real betis,real sociedad,2,2,a,2,1,h,11,8,6,3,10,10,5,6,1,3,0,1,1.6,3.27,3.83,2024-25
SP1,2025-04-10 00:00:00+00:00,real betis,villarreal,2,0,h,0,0,d,9,12,7,4,9,10,5,11,1,3,0,0,4.32,3.9,1.86,2024-25
SP1,2025-04-17 00:00:00+00:00,real betis,athletic club,2,2,d,0,0,d,19,14,4,5,8,10,7,3,0,1,0,0,2.34,3.79,2.52,2024-25
SP1,2025-04-24 00:00:00+00:00,real betis,valencia,0,3,h,0,1,a,13,8,4,3,11,16,1,3,2,2,0,0,3.78,2.88,5.99,2024-25
SP1,2025-05-01 00:00:00+00:00,real betis,osasuna,4,1,h,0,1,a,13,18,4,0,12,12,4,2,3,3,0,0,4.48,3.21,1.85,2024-25
SP1,2025-05-08 00:00:00+00:00,real betis,celta vigo,3,0,h,0,0,d,20,3,6,1,9,11,5,4,4,3,0,0,3.47,3.83,4.6,2024-25
SP1,2025-05-15 00:00:00+00:00,real betis,getafe,2,4,a,1,0,h,19,11,4,4,14,12,5,5,0,2,0,0,3.78,3.33,4.89,2024-25
SP1,2025-05-22 00:00:00+00:00,real betis,rayo vallecano,1,2,a,1,0,h,11,12,4,5,10,15,4,4,2,3,0,0,4.43,2.92,3.81,2024-25
SP1,2024-08-15 00:00:00+00:00,real betis,girona,0,0,a,0,0,d,8,17,8,1,14,7,6,3,2,3,1,0,2.65,2.98,2.86,2024-25
SP1,2024-08-22 00:00:00+00:00,real betis,mallorca,3,1,h,1,1,d,13,8,9,6,6,11,6,3,2,7,0,0,2.68,3.33,4.47,2024-25
SP1,2024-08-29 00:00:00+00:00,real betis,almeria,0,3,a,0,0,d,15,9,5,7,7,15,14,4,1,2,0,1,3.3,3.78,3.96,2024-25
SP1,2024-09-05 00:00:00+00:00,real betis,cadiz,4,0,h,1,0,h,21,9,5,5,11,8,2,2,0,3,0,0,1.98,2.97,2.83,2024-25
SP1,2024-09-12 00:00:00+00:00,real betis,granada,0,2,a,0,2,a,14,10,3,5,10,9,1,2,0,1,0,0,3.51,3.31,5.42,2024-25
SP1,2024-09-19 00:00:00+00:00,real betis,las palmas,4,1,h,1,0,h,20,7,4,1,11,7,4,2,2,1,0,0,3.8,3.1,5.79,2024-25
SP1,2024-09-26 00:00:00+00:00,real betis,leganes,0,0,d,0,0,d,13,15,3,5,13,18,4,8,5,1,0,0,4.15,3.86,1.85,2024-25
SP1,2024-10-03 00:00:00+00:00,osasuna,real madrid,0,2,a,0,2,a,13,4,3,1,6,15,8,3,4,2,0,0,3.23,2.98,2.83,2024-25
SP1,2024-10-10 00:00:00+00:00,osasuna,barcelona,1,0,h,0,0,d,14,7,6,7,13,14,3,2,1,1,0,0,1.56,2.84,3.06,2024-25
SP1,2024-10-17 00:00:00+00:00,osasuna,atletico madrid,1,2,h,1,0,h,8,6,4,6,9,11,3,3,3,5,0,0,3.82,3.84,3.79,2024-25
SP1,2024-10-24 00:00:00+00:00,osasuna,sevilla,3,1,h,0,1,a,16,10,5,3,3,17,5,5,0,1,0,0,1.65,3.46,4.28,2024-25
SP1,2024-10-31 00:00:00+00:00,osasuna,real sociedad,0,2,a,0,2,a,10,12,5,2,19,12,4,1,2,0,0,0,3.87,3.97,5.87,2024-25
SP1,2024-11-07 00:00:00+00:00,osasuna,villarreal,2,2,d,2,1,h,12,8,7,2,14,21,4,3,2,0,0,1,4.3,2.98,4.7,2024-25
SP1,2024-11-14 00:00:00+00:00,osasuna,athletic club,0,2,h,0,0,d,13,12,3,7,16,10,7,3,2,3,0,0,2.73,3.65,2.72,2024-25
SP1,2024-11-21 00:00:00+00:00,osasuna,valencia,0,0,h,0,0,d,15,12,3,5,14,13,4,5,1,2,0,0,1.71,3.79,3.01,2024-25
SP1,2024-11-28 00:00:00+00:00,osasuna,real betis,2,2,d,0,0,d,16,7,4,5,10,16,9,2,0,2,0,0,3.58,3.41,5.86,2024-25
SP1,2024-12-05 00:00:00+00:00,osasuna,celta vigo,3,0,h,0,0,d,12,11,7,6,20,8,6,4,2,4,0,0,4.47,3.04,2.09,2024-25
SP1,2024-12-12 00:00:00+00:00,osasuna,getafe,2,0,h,1,0,h,11,11,3,5,10,9,5,2,4,2,0,0,3.82,2.81,4.91,2024-25
SP1,2024-12-19 00:00:00+00:00,osasuna,rayo vallecano,2,0,h,0,0,d,17,9,6,2,14,11,1,4,1,3,0,2,3.77,3.14,4.75,2024-25
SP1,2024-12-26 00:00:00+00:00,osasuna,girona,1,0,h,0,0,d,12,17,6,5,11,18,3,4,1,2,1,0,1.56,3.68,3.27,2024-25
SP1,2025-01-02 00:00:00+00:00,osasuna,mallorca,1,1,d,1,1,d,15,13,4,5,7,10,6,4,2,2,0,1,3.18,3.84,2.11,2024-25
SP1,2025-01-09 00:00:00+00:00,osasuna,almeria,0,3,a,0,1,a,21,8,6,4,9,8,10,6,1,5,0,0,1.9,3.45,2.51,2024-25
SP1,2025-01-16 00:00:00+00:00,osasuna,cadiz,0,0,d,0,0,d,19,18,3,3,19,4,4,5,4,1,0,0,3.14,3.19,3.35,2024-25
SP1,2025-01-23 00:00:00+00:00,osasuna,granada,0,0,a,0,0,d,12,15,4,4,12,14,3,5,0,2,0,0,3.53,3.91,1.9,2024-25
SP1,2025-01-30 00:00:00+00:00,osasuna,las palmas,3,3,d,0,0,d,11,7,10,5,11,16,7,4,3,0,0,0,4.37,3.77,2.18,2024-25
SP1,2025-02-06 00:00:00+00:00,osasuna,leganes,0,0,h,0,0,d,13,4,6,4,16,16,2,3,3,3,0,0,4.31,3.39,3.07,2024-25
SP1,2025-02-13 00:00:00+00:00,celta vigo,real madrid,1,1,d,1,1,d,9,8,2,6,18,11,6,4,4,3,0,0,4.36,3.18,3.13,2024-25
SP1,2025-02-20 00:00:00+00:00,celta vigo,barcelona,5,0,h,1,0,h,16,8,9,4,14,14,6,2,2,1,0,0,1.68,3.37,5.33,2024-25
SP1,2025-02-27 00:00:00+00:00,celta vigo,atletico madrid,3,1,h,2,1,h,16,9,4,4,13,7,4,3,1,2,0,0,4.38,3.77,1.96,2024-25
SP1,2025-03-06 00:00:00+00:00,celta vigo,sevilla,2,0,h,0,0,d,11,11,7,2,11,8,0,1,1,2,0,0,2.81,3.06,4.74,2024-25
SP1,2025-03-13 00:00:00+00:00,celta vigo,real sociedad,4,0,h,2,0,h,16,14,4,4,7,13,1,5,0,5,0,0,3.29,3.02,2.95,2024-25
SP1,2025-03-20 00:00:00+00:00,celta vigo,villarreal,0,0,d,0,0,d,8,9,4,3,10,13,3,3,2,1,1,0,2.84,3.27,2.26,2024-25
SP1,2025-03-27 00:00:00+00:00,celta vigo,athletic club,0,0,d,0,0,d,15,9,6,2,13,7,4,6,2,0,0,0,4.44,3.41,2.09,2024-25
SP1,2025-04-03 00:00:00+00:00,celta vigo,valencia,0,0,d,0,0,d,21,12,7,2,9,4,7,3,1,1,0,0,3.13,3.5,2.11,2024-25
SP1,2025-04-10 00:00:00+00:00,celta vigo,real betis,3,2,h,0,1,a,9,10,5,8,12,17,5,3,0,3,0,0,3.53,3.02,2.94,2024-25
SP1,2025-04-17 00:00:00+00:00,celta vigo,osasuna,1,1,d,0,0,d,14,12,1,4,8,11,5,2,0,1,0,0,3.15,3.2,4.58,2024-25
SP1,2025-04-24 00:00:00+00:00,celta vigo,getafe,1,0,h,1,0,h,11,8,2,6,16,5,13,1,2,1,0,0,4.03,3.77,5.14,2024-25
SP1,2025-05-01 00:00:00+00:00,celta vigo,rayo vallecano,1,1,d,0,0,d,16,12,1,3,8,12,11,7,1,4,0,0,4.09,3.3,5.1,2024-25
SP1,2025-05-08 00:00:00+00:00,celta vigo,girona,5,1,h,2,0,h,11,8,3,3,11,13,3,4,4,2,0,0,2.14,2.85,3.26,2024-25
SP1,2025-05-15 00:00:00+00:00,celta vigo,mallorca,2,2,a,0,0,d,11,10,7,3,20,14,4,8,2,0,0,0,2.8,3.16,5.05,2024-25
SP1,2025-05-22 00:00:00+00:00,celta vigo,almeria,1,1,d,0,1,a,21,11,3,4,9,14,2,2,1,1,1,0,4.41,3.21,5.01,2024-25
SP1,2024-08-15 00:00:00+00:00,celta vigo,cadiz,0,2,a,0,0,d,18,12,6,4,12,6,7,4,3,3,0,0,2.41,2.89,4.07,2024-25
SP1,2024-08-22 00:00:00+00:00,celta vigo,granada,2,0,h,0,0,d,19,6,6,6,17,9,4,4,1,4,0,0,3.56,3.32,3.23,2024-25
SP1,2024-08-29 00:00:00+00:00,celta vigo,las palmas,2,2,d,1,1,d,12,14,4,3,13,12,10,2,1,0,0,1,2.92,3.77,5.99,2024-25
SP1,2024-09-05 00:00:00+00:00,celta vigo,leganes,3,0,h,2,0,h,16,9,9,4,11,20,4,4,0,4,0,0,3.99,3.31,4.97,2024-25
SP1,2024-09-12 00:00:00+00:00,getafe,real madrid,1,1,d,0,0,d,14,14,1,1,14,11,4,7,3,1,1,0,3.49,3.52,5.9,2024-25
SP1,2024-09-19 00:00:00+00:00,getafe,barcelona,1,2,a,1,2,a,10,8,6,3,8,17,5,3,4,0,0,0,2.16,3.5,3.0,2024-25
SP1,2024-09-26 00:00:00+00:00,getafe,atletico madrid,2,2,a,0,0,d,9,14,9,4,11,14,5,8,1,0,1,0,3.21,2.97,2.89,2024-25
SP1,2024-10-03 00:00:00+00:00,getafe,sevilla,4,0,h,1,0,h,9,14,6,2,15,9,6,7,2,2,0,0,2.91,3.0,3.33,2024-25
SP1,2024-10-10 00:00:00+00:00,getafe,real sociedad,1,1,h,0,1,a,17,10,5,6,8,6,5,3,1,6,0,0,1.56,3.43,5.58,2024-25
SP1,2024-10-17 00:00:00+00:00,getafe,villarreal,0,5,a,0,2,a,15,7,3,6,9,14,5,2,0,2,0,1,2.69,3.66,4.53,2024-25
SP1,2024-10-24 00:00:00+00:00,getafe,athletic club,2,0,h,0,0,d,12,7,3,5,15,12,5,3,0,3,0,0,2.38,3.51,5.23,2024-25
SP1,2024-10-31 00:00:00+00:00,getafe,valencia,1,1,a,1,0,h,16,10,8,3,12,19,5,3,1,1,0,0,3.18,2.99,5.9,2024-25
SP1,2024-11-07 00:00:00+00:00,getafe,real betis,1,2,h,1,1,d,13,13,7,3,13,17,4,6,2,3,0,0,2.55,3.58,4.5,2024-25
SP1,2024-11-14 00:00:00+00:00,getafe,osasuna,5,2,h,0,2,a,7,13,5,3,15,8,6,6,3,0,0,0,3.08,3.4,3.93,2024-25
SP1,2024-11-21 00:00:00+00:00,getafe,celta vigo,3,3,d,2,1,h,21,15,7,3,9,18,6,2,1,1,0,0,2.5,2.96,2.76,2024-25
SP1,2024-11-28 00:00:00+00:00,getafe,rayo vallecano,2,2,a,1,0,h,9,9,5,3,16,6,6,4,3,3,0,0,3.54,2.88,2.14,2024-25
SP1,2024-12-05 00:00:00+00:00,getafe,girona,0,2,a,0,0,d,8,9,2,4,8,13,9,5,2,3,0,0,2.84,3.5,5.19,2024-25
SP1,2024-12-12 00:00:00+00:00,getafe,mallorca,0,5,a,0,0,d,16,7,3,1,14,18,10,4,1,2,0,0,4.37,3.21,2.56,2024-25
SP1,2024-12-19 00:00:00+00:00,getafe,almeria,2,2,h,1,1,d,12,10,3,8,17,10,6,4,3,4,0,0,2.14,3.24,3.27,2024-25
SP1,2024-12-26 00:00:00+00:00,getafe,cadiz,0,2,a,0,1,a,15,10,7,3,15,18,8,4,3,0,0,0,1.63,3.45,1.84,2024-25
SP1,2025-01-02 00:00:00+00:00,getafe,granada,0,3,h,0,1,a,15,6,6,5,11,10,2,5,1,3,0,1,3.5,3.18,5.17,2024-25
SP1,2025-01-09 00:00:00+00:00,getafe,las palmas,1,1,d,1,1,d,21,13,5,8,9,15,5,4,7,3,0,0,1.64,3.37,4.6,2024-25
SP1,2025-01-16 00:00:00+00:00,getafe,leganes,1,1,a,0,1,a,15,12,3,3,12,10,5,6,0,2,0,0,2.15,3.76,4.8,2024-25
SP1,2025-01-23 00:00:00+00:00,rayo vallecano,real madrid,4,1,h,0,0,d,17,9,4,7,13,9,4,6,2,1,0,0,3.97,2.92,5.52,2024-25
SP1,2025-01-30 00:00:00+00:00,rayo vallecano,barcelona,0,1,h,0,0,d,13,2,5,1,6,12,5,6,4,0,0,0,3.29,3.02,4.59,2024-25
SP1,2025-02-06 00:00:00+00:00,rayo vallecano,atletico madrid,1,3,a,1,0,h,10,11,4,5,13,11,6,6,3,2,0,0,1.58,2.97,2.68,2024-25
SP1,2025-02-13 00:00:00+00:00,rayo vallecano,sevilla,1,1,d,1,0,h,11,9,6,8,10,15,2,5,1,1,0,0,2.66,3.75,3.7,2024-25
SP1,2025-02-20 00:00:00+00:00,rayo vallecano,real sociedad,1,1,d,1,1,d,16,12,7,7,5,17,7,2,2,2,0,0,1.95,3.0,4.15,2024-25
SP1,2025-02-27 00:00:00+00:00,rayo vallecano,villarreal,0,1,a,0,1,a,10,10,5,6,7,12,9,3,0,1,0,0,2.1,3.21,4.51,2024-25
SP1,2025-03-06 00:00:00+00:00,rayo vallecano,athletic club,0,0,d,0,0,d,10,2,7,5,14,16,4,2,3,1,0,0,3.01,3.11,3.68,2024-25
SP1,2025-03-13 00:00:00+00:00,rayo vallecano,valencia,1,1,d,0,0,d,10,7,5,8,17,10,5,3,3,3,0,0,3.51,3.52,2.65,2024-25
SP1,2025-03-20 00:00:00+00:00,rayo vallecano,real betis,0,4,a,0,2,a,12,9,6,6,11,15,5,4,3,1,0,0,4.33,3.36,2.1,2024-25
SP1,2025-03-27 00:00:00+00:00,rayo vallecano,osasuna,2,0,h,0,0,d,10,15,6,5,7,11,5,4,4,1,0,0,2.52,3.55,5.31,2024-25
SP1,2025-04-03 00:00:00+00:00,rayo vallecano,celta vigo,4,0,h,0,0,d,12,14,4,4,12,15,5,1,3,0,1,0,1.57,2.87,5.89,2024-25
SP1,2025-04-10 00:00:00+00:00,rayo vallecano,getafe,1,1,d,1,0,h,15,11,2,5,19,12,6,1,2,1,0,0,2.29,3.17,2.73,2024-25
SP1,2025-04-17 00:00:00+00:00,rayo vallecano,girona,0,0,d,0,0,d,17,8,8,3,19,8,8,4,2,2,0,1,2.2,3.34,2.15,2024-25
SP1,2025-04-24 00:00:00+00:00,rayo vallecano,mallorca,1,1,d,1,0,h,6,7,2,3,10,10,3,3,3,1,0,0,3.42,3.37,4.62,2024-25
SP1,2025-05-01 00:00:00+00:00,rayo vallecano,almeria,4,2,h,0,2,a,16,15,2,1,11,18,3,6,1,1,0,0,4.17,3.93,2.36,2024-25
SP1,2025-05-08 00:00:00+00:00,rayo vallecano,cadiz,2,3,a,2,0,h,19,12,10,4,19,12,6,4,5,1,0,0,1.82,2.9,2.16,2024-25
SP1,2025-05-15 00:00:00+00:00,rayo vallecano,granada,3,1,h,0,1,a,9,10,6,2,10,9,3,4,2,2,0,0,1.98,3.08,4.18,2024-25
SP1,2025-05-22 00:00:00+00:00,rayo vallecano,las palmas,1,1,h,0,0,d,15,15,7,2,13,11,6,3,0,1,0,0,1.63,3.9,5.32,2024-25
SP1,2024-08-15 00:00:00+00:00,rayo vallecano,leganes,3,3,d,0,0,d,16,11,3,2,15,9,4,7,1,4,0,0,2.76,3.52,4.27,2024-25
SP1,2024-08-22 00:00:00+00:00,girona,real madrid,1,1,d,1,0,h,11,10,3,7,13,16,3,6,0,1,0,0,2.89,2.99,5.27,2024-25
SP1,2024-08-29 00:00:00+00:00,girona,barcelona,0,3,a,0,1,a,7,11,7,3,12,11,9,3,2,2,1,0,4.1,3.37,3.25,2024-25
SP1,2024-09-05 00:00:00+00:00,girona,atletico madrid,1,1,d,0,1,a,20,12,4,5,9,9,7,4,5,2,0,0,3.54,3.38,4.53,2024-25
SP1,2024-09-12 00:00:00+00:00,girona,sevilla,0,4,a,0,1,a,12,11,6,1,17,15,11,3,3,1,1,0,2.43,3.34,2.48,2024-25
SP1,2024-09-19 00:00:00+00:00,girona,real sociedad,1,1,h,0,0,d,12,8,5,5,5,7,6,6,1,3,0,1,4.23,3.27,5.86,2024-25
SP1,2024-09-26 00:00:00+00:00,girona,villarreal,2,0,h,1,0,h,16,9,5,3,15,11,2,6,0,1,0,0,1.71,3.07,4.48,2024-25
SP1,2024-10-03 00:00:00+00:00,girona,athletic club,0,1,a,0,0,d,11,12,3,7,12,17,3,2,2,1,0,1,3.01,3.28,2.7,2024-25
SP1,2024-10-10 00:00:00+00:00,girona,valencia,0,5,a,0,0,d,19,10,5,4,11,13,2,6,6,3,0,0,1.69,3.7,4.62,2024-25
SP1,2024-10-17 00:00:00+00:00,girona,real betis,0,0,d,0,0,d,15,14,4,5,11,11,5,8,0,2,0,0,3.77,3.94,3.09,2024-25
SP1,2024-10-24 00:00:00+00:00,girona,osasuna,0,4,a,0,3,a,16,9,10,7,14,10,4,6,2,3,0,0,2.98,3.7,4.05,2024-25
SP1,2024-10-31 00:00:00+00:00,girona,celta vigo,1,1,d,1,1,d,13,18,3,2,15,12,6,6,4,2,0,0,2.46,2.84,2.0,2024-25
SP1,2024-11-07 00:00:00+00:00,girona,getafe,0,1,h,0,1,a,21,12,4,2,15,12,8,4,1,1,1,0,2.01,3.75,2.87,2024-25
SP1,2024-11-14 00:00:00+00:00,girona,rayo vallecano,2,0,h,1,0,h,8,13,4,4,10,12,5,1,1,2,0,0,3.33,3.39,2.02,2024-25
SP1,2024-11-21 00:00:00+00:00,girona,mallorca,0,4,a,0,0,d,12,9,7,4,9,11,3,5,2,2,0,1,3.36,3.67,5.46,2024-25
SP1,2024-11-28 00:00:00+00:00,girona,almeria,1,1,a,0,1,a,11,15,4,1,8,7,3,9,0,2,0,0,4.33,3.2,5.73,2024-25
SP1,2024-12-05 00:00:00+00:00,girona,cadiz,4,0,h,0,0,d,7,12,5,3,15,11,6,0,1,0,0,0,4.47,2.99,2.56,2024-25
SP1,2024-12-12 00:00:00+00:00,girona,granada,4,0,h,0,0,d,18,13,3,4,8,13,8,6,1,3,1,0,2.37,3.96,2.32,2024-25
SP1,2024-12-19 00:00:00+00:00,girona,las palmas,5,0,h,0,0,d,10,10,9,2,17,10,6,6,2,3,0,0,3.03,3.35,2.48,2024-25
SP1,2024-12-26 00:00:00+00:00,girona,leganes,2,2,d,0,1,a,16,12,3,5,12,12,6,1,0,2,0,0,1.73,3.29,3.06,2024-25
SP1,2025-01-02 00:00:00+00:00,mallorca,real madrid,1,0,a,1,0,h,13,9,5,8,12,6,1,6,3,1,0,0,2.02,3.03,2.61,2024-25
SP1,2025-01-09 00:00:00+00:00,mallorca,barcelona,1,1,h,0,0,d,13,7,5,4,9,14,3,2,2,1,0,0,3.85,2.88,2.94,2024-25
SP1,2025-01-16 00:00:00+00:00,mallorca,atletico madrid,1,0,h,1,0,h,10,10,8,3,10,14,5,5,2,0,0,0,2.12,3.76,2.3,2024-25
SP1,2025-01-23 00:00:00+00:00,mallorca,sevilla,1,0,h,1,0,h,10,14,2,4,10,10,6,6,0,0,0,0,4.4,3.16,3.68,2024-25
SP1,2025-01-30 00:00:00+00:00,mallorca,real sociedad,3,0,h,2,0,h,14,8,0,6,11,10,2,6,4,1,0,0,3.29,3.31,5.56,2024-25
SP1,2025-02-06 00:00:00+00:00,mallorca,villarreal,1,0,h,1,0,h,8,9,1,1,7,12,1,6,4,1,0,0,1.69,3.04,3.69,2024-25
SP1,2025-02-13 00:00:00+00:00,mallorca,athletic club,2,0,h,1,0,h,13,7,7,4,9,18,5,5,2,1,0,0,3.66,3.17,1.87,2024-25
SP1,2025-02-20 00:00:00+00:00,mallorca,valencia,0,0,a,0,0,d,12,12,8,1,8,13,4,4,5,1,0,0,2.95,3.65,4.85,2024-25
SP1,2025-02-27 00:00:00+00:00,mallorca,real betis,1,1,d,0,1,a,18,8,2,5,14,8,13,8,1,2,0,0,2.49,3.19,5.1,2024-25
SP1,2025-03-06 00:00:00+00:00,mallorca,osasuna,0,5,a,0,1,a,11,3,5,5,9,16,6,5,4,5,0,0,3.41,3.93,4.01,2024-25
SP1,2025-03-13 00:00:00+00:00,mallorca,celta vigo,0,2,a,0,0,d,10,4,6,2,12,13,4,8,3,0,0,0,2.19,3.1,5.15,2024-25
SP1,2025-03-20 00:00:00+00:00,mallorca,getafe,0,0,h,0,0,d,20,5,3,6,8,7,8,2,3,5,0,0,1.96,3.41,3.77,2024-25
SP1,2025-03-27 00:00:00+00:00,mallorca,rayo vallecano,0,1,a,0,0,d,12,8,2,5,14,10,10,5,1,4,0,0,4.14,3.71,3.91,2024-25
SP1,2025-04-03 00:00:00+00:00,mallorca,girona,1,1,h,0,0,d,14,7,5,4,12,5,7,2,1,1,0,0,3.45,3.13,3.55,2024-25
SP1,2025-04-10 00:00:00+00:00,mallorca,almeria,1,3,a,1,2,a,8,8,4,6,11,8,2,3,5,1,0,0,2.54,2.95,4.61,2024-25
SP1,2025-04-17 00:00:00+00:00,mallorca,cadiz,3,2,h,2,0,h,13,7,7,2,9,15,3,4,2,0,0,1,4.41,3.31,5.33,2024-25
SP1,2025-04-24 00:00:00+00:00,mallorca,granada,0,0,d,0,0,d,18,4,6,4,15,11,5,3,2,1,0,0,3.56,3.55,5.37,2024-25
SP1,2025-05-01 00:00:00+00:00,mallorca,las palmas,1,2,h,1,0,h,14,9,0,1,17,11,5,4,0,0,0,0,2.63,3.04,5.17,2024-25
SP1,2025-05-08 00:00:00+00:00,mallorca,leganes,3,1,h,3,1,h,6,9,3,4,14,12,4,7,4,2,0,0,2.06,3.4,5.63,2024-25
SP1,2025-05-15 00:00:00+00:00,almeria,real madrid,0,2,a,0,1,a,12,13,7,0,10,15,4,2,2,5,0,0,1.91,3.2,4.41,2024-25
SP1,2025-05-22 00:00:00+00:00,almeria,barcelona,0,0,h,0,0,d,20,6,3,4,11,14,5,3,2,1,0,1,3.83,3.41,4.01,2024-25
SP1,2024-08-15 00:00:00+00:00,almeria,atletico madrid,1,2,a,0,1,a,12,16,3,6,10,17,5,8,0,1,0,0,3.2,3.97,2.02,2024-25
SP1,2024-08-22 00:00:00+00:00,almeria,sevilla,0,0,d,0,0,d,17,10,8,2,13,16,7,3,2,2,0,0,3.62,3.5,2.78,2024-25
SP1,2024-08-29 00:00:00+00:00,almeria,real sociedad,1,0,a,0,0,d,15,9,8,5,15,15,4,3,3,1,0,0,2.31,3.57,3.36,2024-25
SP1,2024-09-05 00:00:00+00:00,almeria,villarreal,3,0,h,2,0,h,18,7,5,3,8,10,4,2,2,1,0,0,4.3,3.61,3.4,2024-25
SP1,2024-09-12 00:00:00+00:00,almeria,athletic club,1,1,a,1,0,h,5,9,7,3,13,13,5,5,1,2,0,0,2.03,3.58,4.57,2024-25
SP1,2024-09-19 00:00:00+00:00,almeria,valencia,1,1,h,1,0,h,12,6,6,3,11,16,2,4,2,6,0,0,3.73,3.43,2.96,2024-25
SP1,2024-09-26 00:00:00+00:00,almeria,real betis,0,2,h,0,2,a,7,8,5,5,16,10,5,2,2,4,0,0,3.58,3.02,3.18,2024-25
SP1,2024-10-03 00:00:00+00:00,almeria,osasuna,1,1,d,0,1,a,8,10,4,8,11,10,4,2,4,1,0,0,3.91,3.32,4.03,2024-25
SP1,2024-10-10 00:00:00+00:00,almeria,celta vigo,1,1,h,1,1,d,9,7,4,4,18,11,6,2,2,5,0,0,3.71,2.83,2.56,2024-25
SP1,2024-10-17 00:00:00+00:00,almeria,getafe,0,1,a,0,1,a,21,11,4,3,13,11,3,1,4,1,0,0,1.62,3.18,3.97,2024-25
SP1,2024-10-24 00:00:00+00:00,almeria,rayo vallecano,1,1,a,0,1,a,14,5,5,4,6,12,5,4,3,3,0,0,3.51,3.9,3.44,2024-25
SP1,2024-10-31 00:00:00+00:00,almeria,girona,1,1,d,1,0,h,9,12,8,5,13,9,6,4,4,3,0,0,1.9,2.99,3.61,2024-25
SP1,2024-11-07 00:00:00+00:00,almeria,mallorca,0,1,a,0,1,a,14,12,8,4,11,9,6,4,1,3,0,0,2.31,2.89,2.12,2024-25
SP1,2024-11-14 00:00:00+00:00,almeria,cadiz,3,0,h,1,0,h,15,10,8,8,8,14,3,2,3,7,0,0,2.09,3.04,5.4,2024-25
SP1,2024-11-21 00:00:00+00:00,almeria,granada,1,3,a,0,0,d,5,4,1,2,7,13,8,3,5,0,0,0,3.28,3.96,5.28,2024-25
SP1,2024-11-28 00:00:00+00:00,almeria,las palmas,2,2,d,2,0,h,18,9,2,1,11,13,7,7,1,0,0,0,3.18,2.92,5.69,2024-25
SP1,2024-12-05 00:00:00+00:00,almeria,leganes,2,2,a,2,1,h,10,10,4,1,7,9,8,3,3,2,0,0,3.49,3.23,4.31,2024-25
SP1,2024-12-12 00:00:00+00:00,cadiz,real madrid,4,0,h,1,0,h,15,12,5,3,10,13,3,2,2,1,0,0,3.77,3.63,4.67,2024-25
SP1,2024-12-19 00:00:00+00:00,cadiz,barcelona,1,1,d,1,1,d,13,16,4,2,9,7,8,4,1,1,0,0,4.48,3.41,5.62,2024-25
SP1,2024-12-26 00:00:00+00:00,cadiz,atletico madrid,0,0,d,0,0,d,14,7,7,1,12,11,7,2,2,0,0,0,2.42,2.81,3.48,2024-25
SP1,2025-01-02 00:00:00+00:00,cadiz,sevilla,1,2,h,0,2,a,15,2,8,5,15,15,4,5,3,5,0,0,2.27,2.81,5.65,2024-25
SP1,2025-01-09 00:00:00+00:00,cadiz,real sociedad,2,1,h,0,1,a,14,9,6,2,9,14,7,2,4,2,0,0,3.25,3.75,4.07,2024-25
SP1,2025-01-16 00:00:00+00:00,cadiz,villarreal,0,1,h,0,1,a,10,8,2,5,15,9,5,4,1,1,0,1,1.65,2.82,5.59,2024-25
SP1,2025-01-23 00:00:00+00:00,cadiz,athletic club,1,1,a,1,1,d,16,11,7,1,18,19,8,0,2,1,0,0,2.36,3.56,4.61,2024-25
SP1,2025-01-30 00:00:00+00:00,cadiz,valencia,1,1,a,1,0,h,15,14,5,4,15,16,3,4,3,3,0,0,3.61,3.53,2.1,2024-25
SP1,2025-02-06 00:00:00+00:00,cadiz,real betis,0,3,a,0,0,d,11,7,3,2,13,16,9,8,2,1,0,0,3.99,2.88,5.34,2024-25
SP1,2025-02-13 00:00:00+00:00,cadiz,osasuna,0,1,a,0,1,a,11,6,5,6,12,10,4,3,4,3,0,0,1.73,2.97,3.42,2024-25
SP1,2025-02-20 00:00:00+00:00,cadiz,celta vigo,2,0,h,0,0,d,5,9,3,6,16,13,7,1,2,4,0,0,4.39,3.12,5.09,2024-25
SP1,2025-02-27 00:00:00+00:00,cadiz,getafe,4,1,h,0,0,d,11,9,3,1,14,16,10,3,1,3,0,1,1.97,2.87,4.83,2024-25
SP1,2025-03-06 00:00:00+00:00,cadiz,rayo vallecano,2,1,h,1,1,d,12,6,5,3,14,19,2,3,1,3,1,0,3.72,2.89,5.75,2024-25
SP1,2025-03-13 00:00:00+00:00,cadiz,girona,0,0,d,0,0,d,15,7,4,4,14,14,2,4,2,4,0,0,2.95,2.85,4.12,2024-25
SP1,2025-03-20 00:00:00+00:00,cadiz,mallorca,1,1,a,1,0,h,16,9,10,8,11,12,5,5,1,2,0,0,2.76,2.91,4.29,2024-25
SP1,2025-03-27 00:00:00+00:00,cadiz,almeria,1,1,d,1,1,d,14,4,3,2,9,13,5,7,2,3,0,0,3.06,2.96,4.56,2024-25
SP1,2025-04-03 00:00:00+00:00,cadiz,granada,0,0,h,0,0,d,12,7,4,4,12,14,5,7,3,0,0,0,2.61,2.98,2.23,2024-25
SP1,2025-04-10 00:00:00+00:00,cadiz,las palmas,0,0,d,0,0,d,10,12,4,5,8,18,3,6,2,0,0,1,3.35,3.16,3.16,2024-25
SP1,2025-04-17 00:00:00+00:00,cadiz,leganes,2,1,h,1,1,d,14,8,4,5,12,10,6,2,2,3,0,0,3.71,3.48,5.64,2024-25
SP1,2025-04-24 00:00:00+00:00,granada,real madrid,0,1,h,0,0,d,12,14,2,1,17,12,6,6,6,1,0,0,3.66,2.93,2.89,2024-25
SP1,2025-05-01 00:00:00+00:00,granada,barcelona,1,0,a,0,0,d,19,7,8,2,14,14,4,5,1,1,0,0,1.6,2.95,3.08,2024-25
SP1,2025-05-08 00:00:00+00:00,granada,atletico madrid,2,1,h,0,1,a,11,8,6,4,15,17,3,4,3,4,0,0,2.78,3.87,2.79,2024-25
SP1,2025-05-15 00:00:00+00:00,granada,sevilla,0,0,d,0,0,d,10,10,8,2,16,11,2,2,1,3,0,0,4.49,3.58,4.7,2024-25
SP1,2025-05-22 00:00:00+00:00,granada,real sociedad,1,1,d,1,0,h,21,16,4,8,12,9,12,3,2,5,0,2,3.87,3.85,3.59,2024-25
SP1,2024-08-15 00:00:00+00:00,granada,villarreal,1,0,h,1,0,h,14,14,5,3,11,14,2,2,0,2,0,0,4.28,2.98,2.06,2024-25
SP1,2024-08-22 00:00:00+00:00,granada,athletic club,1,1,d,0,0,d,11,14,0,4,13,12,7,5,2,1,0,0,1.92,3.67,5.98,2024-25
SP1,2024-08-29 00:00:00+00:00,granada,valencia,1,1,d,1,0,h,10,6,5,6,14,15,5,1,3,1,0,0,2.61,3.8,4.54,2024-25
SP1,2024-09-05 00:00:00+00:00,granada,real betis,2,2,d,2,0,h,11,12,5,6,8,14,6,3,2,1,0,0,2.49,3.58,4.45,2024-25
SP1,2024-09-12 00:00:00+00:00,granada,osasuna,1,1,d,0,0,d,10,12,5,1,10,18,5,1,1,0,0,0,1.64,3.47,4.92,2024-25
SP1,2024-09-19 00:00:00+00:00,granada,celta vigo,2,2,d,0,1,a,19,6,10,4,14,11,3,2,3,1,0,0,1.65,3.95,1.85,2024-25
SP1,2024-09-26 00:00:00+00:00,granada,getafe,0,0,a,0,0,d,12,8,3,4,16,17,9,4,2,3,0,0,3.83,2.85,4.04,2024-25
SP1,2024-10-03 00:00:00+00:00,granada,rayo vallecano,2,4,a,1,0,h,8,8,3,5,13,14,7,5,1,1,0,0,3.15,3.61,2.12,2024-25
SP1,2024-10-10 00:00:00+00:00,granada,girona,3,2,a,0,1,a,12,11,3,5,10,14,5,0,2,3,0,0,4.0,3.68,4.95,2024-25
SP1,2024-10-17 00:00:00+00:00,granada,mallorca,0,2,a,0,0,d,16,15,5,3,19,15,3,4,1,5,0,0,1.96,3.44,3.12,2024-25
SP1,2024-10-24 00:00:00+00:00,granada,almeria,0,0,d,0,0,d,13,10,5,3,6,5,5,3,4,2,0,0,3.63,3.79,5.58,2024-25
SP1,2024-10-31 00:00:00+00:00,granada,cadiz,3,1,a,0,0,d,13,10,7,2,12,14,6,4,1,2,0,0,2.18,2.85,5.26,2024-25
SP1,2024-11-07 00:00:00+00:00,granada,las palmas,2,5,a,0,1,a,15,18,4,4,10,10,4,3,2,3,0,0,2.9,3.41,5.23,2024-25
SP1,2024-11-14 00:00:00+00:00,granada,leganes,1,1,d,0,0,d,11,10,5,2,9,20,9,3,2,1,1,0,4.1,3.06,2.68,2024-25
SP1,2024-11-21 00:00:00+00:00,las palmas,real madrid,0,0,d,0,0,d,12,9,5,7,10,7,3,4,0,4,0,0,1.95,3.88,2.92,2024-25
SP1,2024-11-28 00:00:00+00:00,las palmas,barcelona,2,2,d,1,0,h,13,7,4,2,10,8,13,1,2,1,0,0,3.47,3.76,1.87,2024-25
SP1,2024-12-05 00:00:00+00:00,las palmas,atletico madrid,0,0,d,0,0,d,13,14,5,6,14,19,3,4,2,0,0,0,4.37,3.57,2.53,2024-25
SP1,2024-12-12 00:00:00+00:00,las palmas,sevilla,0,2,a,0,1,a,13,13,5,7,11,11,7,6,0,0,0,0,1.88,3.92,3.68,2024-25
SP1,2024-12-19 00:00:00+00:00,las palmas,real sociedad,0,0,a,0,0,d,21,10,6,8,15,20,3,4,2,0,0,0,4.05,3.19,3.21,2024-25
SP1,2024-12-26 00:00:00+00:00,las palmas,villarreal,1,1,h,0,1,a,13,8,7,3,9,9,3,3,2,2,0,0,4.02,2.91,5.67,2024-25
SP1,2025-01-02 00:00:00+00:00,las palmas,athletic club,3,1,h,1,0,h,16,12,5,2,18,15,3,2,2,3,0,0,3.47,3.25,1.87,2024-25
SP1,2025-01-09 00:00:00+00:00,las palmas,valencia,1,1,a,0,0,d,12,6,5,2,12,16,6,4,3,3,1,0,2.49,3.17,3.59,2024-25
SP1,2025-01-16 00:00:00+00:00,las palmas,real betis,1,1,h,1,0,h,15,13,6,2,12,9,6,6,2,1,1,0,4.27,3.44,1.92,2024-25
SP1,2025-01-23 00:00:00+00:00,las palmas,osasuna,1,1,d,0,0,d,11,10,2,2,10,10,4,7,1,0,0,0,2.03,3.4,4.95,2024-25
SP1,2025-01-30 00:00:00+00:00,las palmas,celta vigo,0,2,a,0,0,d,13,18,5,7,10,14,6,3,1,2,0,0,3.77,3.52,5.21,2024-25
SP1,2025-02-06 00:00:00+00:00,las palmas,getafe,2,4,a,2,3,a,10,6,6,3,15,17,1,5,4,3,0,1,3.21,3.75,2.74,2024-25
SP1,2025-02-13 00:00:00+00:00,las palmas,rayo vallecano,3,1,h,0,0,d,6,18,1,5,11,19,6,3,4,5,0,0,1.53,2.87,4.72,2024-25
SP1,2025-02-20 00:00:00+00:00,las palmas,girona,0,4,a,0,1,a,15,9,9,4,9,13,7,6,1,1,0,0,2.45,3.98,4.86,2024-25
SP1,2025-02-27 00:00:00+00:00,las palmas,mallorca,0,3,a,0,1,a,7,13,3,5,12,14,5,6,0,1,0,0,2.03,3.05,2.68,2024-25
SP1,2025-03-06 00:00:00+00:00,las palmas,almeria,2,0,h,0,0,d,12,12,7,5,10,7,5,3,3,5,0,0,4.2,3.23,2.46,2024-25
SP1,2025-03-13 00:00:00+00:00,las palmas,cadiz,2,2,d,1,2,a,11,16,7,3,12,10,4,8,2,5,0,0,4.32,3.74,2.51,2024-25
SP1,2025-03-20 00:00:00+00:00,las palmas,granada,2,2,d,0,0,d,9,6,5,3,11,12,5,3,0,2,0,0,4.17,2.92,4.68,2024-25
SP1,2025-03-27 00:00:00+00:00,las palmas,leganes,2,0,h,1,0,h,7,10,5,4,17,12,4,1,1,1,0,1,3.61,3.8,2.86,2024-25
SP1,2025-04-03 00:00:00+00:00,leganes,real madrid,0,1,h,0,0,d,9,8,3,3,7,9,6,4,2,3,0,0,3.34,3.95,4.43,2024-25
SP1,2025-04-10 00:00:00+00:00,leganes,barcelona,1,1,a,1,1,d,12,12,4,5,14,15,5,3,3,1,0,0,2.97,3.65,3.93,2024-25
SP1,2025-04-17 00:00:00+00:00,leganes,atletico madrid,1,2,h,1,1,d,9,5,9,3,14,10,12,4,3,1,0,0,3.32,3.34,5.11,2024-25
SP1,2025-04-24 00:00:00+00:00,leganes,sevilla,4,1,h,0,0,d,11,11,4,1,14,15,0,5,1,3,0,0,2.87,3.28,4.65,2024-25
SP1,2025-05-01 00:00:00+00:00,leganes,real sociedad,1,1,d,1,1,d,16,10,4,5,20,17,7,4,1,0,0,0,4.43,3.46,3.39,2024-25
SP1,2025-05-08 00:00:00+00:00,leganes,villarreal,2,2,d,1,0,h,15,9,3,4,16,12,7,0,0,3,0,0,2.96,3.2,4.54,2024-25
SP1,2025-05-15 00:00:00+00:00,leganes,athletic club,0,2,a,0,0,d,11,4,3,2,12,16,5,3,0,0,0,1,3.95,2.82,3.68,2024-25
SP1,2025-05-22 00:00:00+00:00,leganes,valencia,0,1,a,0,1,a,15,13,7,6,15,11,7,3,1,2,0,0,1.79,3.75,4.73,2024-25
SP1,2024-08-15 00:00:00+00:00,leganes,real betis,0,1,h,0,0,d,13,11,7,5,10,12,2,4,2,0,0,0,4.35,3.09,2.48,2024-25
SP1,2024-08-22 00:00:00+00:00,leganes,osasuna,1,3,a,0,0,d,10,8,5,1,14,7,4,3,4,1,0,1,4.02,3.0,5.07,2024-25
SP1,2024-08-29 00:00:00+00:00,leganes,celta vigo,1,4,a,1,0,h,8,18,9,3,8,10,8,3,3,1,0,0,3.28,3.2,3.18,2024-25
SP1,2024-09-05 00:00:00+00:00,leganes,getafe,0,0,h,0,0,d,9,11,7,2,20,15,1,1,1,2,0,0,2.14,2.93,4.53,2024-25
SP1,2024-09-12 00:00:00+00:00,leganes,rayo vallecano,1,1,d,0,0,d,10,14,0,2,12,10,2,4,1,2,0,0,2.88,3.25,4.23,2024-25
SP1,2024-09-19 00:00:00+00:00,leganes,girona,1,1,d,1,0,h,15,5,6,1,15,8,5,5,3,1,0,0,1.6,3.54,3.52,2024-25
SP1,2024-09-26 00:00:00+00:00,leganes,mallorca,3,2,h,1,2,a,11,15,5,1,12,14,5,3,2,1,0,0,2.49,3.78,3.32,2024-25
SP1,2024-10-03 00:00:00+00:00,leganes,almeria,4,0,h,0,0,d,8,9,4,5,15,6,3,4,2,4,0,0,3.72,3.74,3.17,2024-25
SP1,2024-10-10 00:00:00+00:00,leganes,cadiz,3,1,h,0,0,d,12,8,7,6,5,5,6,3,1,4,0,0,3.7,3.0,1.9,2024-25
SP1,2024-10-17 00:00:00+00:00,leganes,granada,0,2,a,0,0,d,15,6,8,2,7,10,4,3,1,3,0,1,2.6,3.68,4.59,2024-25
SP1,2024-10-24 00:00:00+00:00,leganes,las palmas,1,0,a,0,0,d,10,13,4,4,10,7,3,4,0,5,0,0,3.54,3.27,4.64,2024-25
